0 verbose cli C:\Program Files\nodejs\node.exe C:\Program Files\nodejs\node_modules\npm\bin\npm-cli.js
1 info using npm@11.9.0
2 info using node@v24.14.0
3 silly config load:file:C:\Program Files\nodejs\node_modules\npm\npmrc
4 silly config load:file:C:\Users\rueda\Desktop\iPort\poc_nuxt_cms_static\.npmrc
5 silly config load:file:C:\Users\rueda\.npmrc
6 silly config load:file:C:\Users\rueda\AppData\Roaming\npm\etc\npmrc
7 verbose title npm install
8 verbose argv "install" "--cache" ".npm-cache"
9 verbose logfile logs-max:10 dir:C:\Users\rueda\Desktop\iPort\poc_nuxt_cms_static\.npm-cache\_logs\2026-04-22T19_30_43_633Z-
10 verbose logfile C:\Users\rueda\Desktop\iPort\poc_nuxt_cms_static\.npm-cache\_logs\2026-04-22T19_30_43_633Z-debug-0.log
11 silly logfile done cleaning log files
12 silly packumentCache heap:4496293888 maxSize:1124073472 maxEntrySize:562036736
13 silly idealTree buildDeps
14 silly fetch manifest @nuxt/content@^3.13.0
15 silly packumentCache full:https://registry.npmjs.org/@nuxt%2fcontent cache-miss
16 http fetch GET 200 https://registry.npmjs.org/npm 567ms
17 http fetch GET 200 https://registry.npmjs.org/@nuxt%2fcontent 544ms (cache miss)
18 silly packumentCache full:https://registry.npmjs.org/@nuxt%2fcontent set size:undefined disposed:false
19 silly fetch manifest @electric-sql/pglite@*
20 silly packumentCache full:https://registry.npmjs.org/@electric-sql%2fpglite cache-miss
21 http fetch GET 200 https://registry.npmjs.org/@electric-sql%2fpglite 103ms (cache miss)
22 silly packumentCache full:https://registry.npmjs.org/@electric-sql%2fpglite set size:undefined disposed:false
23 silly fetch manifest @libsql/client@*
24 silly packumentCache full:https://registry.npmjs.org/@libsql%2fclient cache-miss
25 http fetch GET 200 https://registry.npmjs.org/@libsql%2fclient 784ms (cache miss)
26 silly packumentCache full:https://registry.npmjs.org/@libsql%2fclient set size:undefined disposed:false
27 silly fetch manifest @valibot/to-json-schema@^1.5.0
28 silly packumentCache full:https://registry.npmjs.org/@valibot%2fto-json-schema cache-miss
29 http fetch GET 200 https://registry.npmjs.org/@valibot%2fto-json-schema 199ms (cache miss)
30 silly packumentCache full:https://registry.npmjs.org/@valibot%2fto-json-schema set size:undefined disposed:false
31 silly fetch manifest valibot@^1.3.0
32 silly packumentCache full:https://registry.npmjs.org/valibot cache-miss
33 http fetch GET 200 https://registry.npmjs.org/valibot 81ms (cache miss)
34 silly packumentCache full:https://registry.npmjs.org/valibot set size:undefined disposed:false
35 silly fetch manifest typescript@>=5
36 silly packumentCache full:https://registry.npmjs.org/typescript cache-miss
37 http fetch GET 200 https://registry.npmjs.org/typescript 1231ms (cache miss)
38 silly packumentCache full:https://registry.npmjs.org/typescript set size:undefined disposed:false
39 silly fetch manifest better-sqlite3@^12.5.0
40 silly packumentCache full:https://registry.npmjs.org/better-sqlite3 cache-miss
41 http fetch GET 200 https://registry.npmjs.org/better-sqlite3 172ms (cache miss)
42 silly packumentCache full:https://registry.npmjs.org/better-sqlite3 set size:undefined disposed:false
43 silly fetch manifest sqlite3@*
44 silly packumentCache full:https://registry.npmjs.org/sqlite3 cache-miss
45 http fetch GET 200 https://registry.npmjs.org/sqlite3 133ms (cache miss)
46 silly packumentCache full:https://registry.npmjs.org/sqlite3 set size:undefined disposed:false
47 silly fetch manifest nuxt@^4.4.2
48 silly packumentCache full:https://registry.npmjs.org/nuxt cache-miss
49 http fetch GET 200 https://registry.npmjs.org/nuxt 227ms (cache miss)
50 silly packumentCache full:https://registry.npmjs.org/nuxt set size:undefined disposed:false
51 silly fetch manifest @parcel/watcher@^2.1.0
52 silly packumentCache full:https://registry.npmjs.org/@parcel%2fwatcher cache-miss
53 http fetch GET 200 https://registry.npmjs.org/@parcel%2fwatcher 110ms (cache miss)
54 silly packumentCache full:https://registry.npmjs.org/@parcel%2fwatcher set size:undefined disposed:false
55 silly fetch manifest @types/node@>=18.12.0
56 silly packumentCache full:https://registry.npmjs.org/@types%2fnode cache-miss
57 http fetch GET 200 https://registry.npmjs.org/@types%2fnode 1117ms (cache miss)
58 silly packumentCache full:https://registry.npmjs.org/@types%2fnode set size:undefined disposed:false
59 silly fetch manifest vue@^3.5.0
60 silly packumentCache full:https://registry.npmjs.org/vue cache-miss
61 http fetch GET 200 https://registry.npmjs.org/vue 782ms (cache miss)
62 silly packumentCache full:https://registry.npmjs.org/vue set size:undefined disposed:false
63 silly fetch manifest typescript@*
64 silly packumentCache full:https://registry.npmjs.org/typescript cache-miss
65 http cache https://registry.npmjs.org/typescript 56ms (cache hit)
66 silly packumentCache full:https://registry.npmjs.org/typescript set size:15409943 disposed:false
67 silly fetch manifest vue-router@^4.5.0
68 silly packumentCache full:https://registry.npmjs.org/vue-router cache-miss
69 http fetch GET 200 https://registry.npmjs.org/vue-router 384ms (cache miss)
70 silly packumentCache full:https://registry.npmjs.org/vue-router set size:undefined disposed:false
71 silly placeDep ROOT @nuxt/content@3.13.0 OK for:  want: ^3.13.0
72 silly placeDep ROOT nuxt@4.4.2 OK for:  want: ^4.4.2
73 silly placeDep ROOT vue@3.5.33 OK for:  want: ^3.5.0
74 silly placeDep ROOT vue-router@4.6.4 OK for:  want: ^4.5.0
75 silly fetch manifest @nuxt/kit@^4.4.2
76 silly packumentCache full:https://registry.npmjs.org/@nuxt%2fkit cache-miss
77 silly fetch manifest @nuxtjs/mdc@^0.21.0
78 silly packumentCache full:https://registry.npmjs.org/@nuxtjs%2fmdc cache-miss
79 silly fetch manifest @shikijs/langs@^4.0.2
80 silly packumentCache full:https://registry.npmjs.org/@shikijs%2flangs cache-miss
81 silly fetch manifest @sqlite.org/sqlite-wasm@3.50.4-build1
82 silly packumentCache full:https://registry.npmjs.org/@sqlite.org%2fsqlite-wasm cache-miss
83 silly fetch manifest @standard-schema/spec@^1.1.0
84 silly packumentCache full:https://registry.npmjs.org/@standard-schema%2fspec cache-miss
85 silly fetch manifest @webcontainer/env@^1.1.1
86 silly packumentCache full:https://registry.npmjs.org/@webcontainer%2fenv cache-miss
87 silly fetch manifest c12@^3.3.3
88 silly packumentCache full:https://registry.npmjs.org/c12 cache-miss
89 silly fetch manifest chokidar@^5.0.0
90 silly packumentCache full:https://registry.npmjs.org/chokidar cache-miss
91 silly fetch manifest consola@^3.4.2
92 silly packumentCache full:https://registry.npmjs.org/consola cache-miss
93 silly fetch manifest db0@^0.3.4
94 silly packumentCache full:https://registry.npmjs.org/db0 cache-miss
95 silly fetch manifest defu@^6.1.4
96 silly packumentCache full:https://registry.npmjs.org/defu cache-miss
97 http fetch GET 200 https://registry.npmjs.org/@nuxt%2fkit 263ms (cache miss)
98 silly packumentCache full:https://registry.npmjs.org/@nuxt%2fkit set size:undefined disposed:false
99 silly fetch manifest destr@^2.0.5
100 silly packumentCache full:https://registry.npmjs.org/destr cache-miss
101 http fetch GET 200 https://registry.npmjs.org/c12 381ms (cache miss)
102 silly packumentCache full:https://registry.npmjs.org/c12 set size:undefined disposed:false
103 silly fetch manifest git-url-parse@^16.1.0
104 silly packumentCache full:https://registry.npmjs.org/git-url-parse cache-miss
105 http fetch GET 200 https://registry.npmjs.org/destr 124ms (cache miss)
106 silly packumentCache full:https://registry.npmjs.org/destr set size:undefined disposed:false
107 silly fetch manifest hookable@^5.5.3
108 silly packumentCache full:https://registry.npmjs.org/hookable cache-miss
109 http fetch GET 200 https://registry.npmjs.org/db0 438ms (cache miss)
110 silly packumentCache full:https://registry.npmjs.org/db0 set size:undefined disposed:false
111 silly fetch manifest isomorphic-git@^1.37.4
112 silly packumentCache full:https://registry.npmjs.org/isomorphic-git cache-miss
113 http fetch GET 200 https://registry.npmjs.org/defu 439ms (cache miss)
114 silly packumentCache full:https://registry.npmjs.org/defu set size:undefined disposed:false
115 silly fetch manifest jiti@^2.6.1
116 silly packumentCache full:https://registry.npmjs.org/jiti cache-miss
117 http fetch GET 200 https://registry.npmjs.org/@standard-schema%2fspec 447ms (cache miss)
118 silly packumentCache full:https://registry.npmjs.org/@standard-schema%2fspec set size:undefined disposed:false
119 silly fetch manifest json-schema-to-typescript-lite@^15.0.0
120 silly packumentCache full:https://registry.npmjs.org/json-schema-to-typescript-lite cache-miss
121 http fetch GET 200 https://registry.npmjs.org/chokidar 460ms (cache miss)
122 silly packumentCache full:https://registry.npmjs.org/chokidar set size:undefined disposed:false
123 silly fetch manifest mdast-util-to-hast@^13.2.1
124 silly packumentCache full:https://registry.npmjs.org/mdast-util-to-hast cache-miss
125 http fetch GET 200 https://registry.npmjs.org/@shikijs%2flangs 505ms (cache miss)
126 silly packumentCache full:https://registry.npmjs.org/@shikijs%2flangs set size:undefined disposed:false
127 silly fetch manifest mdast-util-to-string@^4.0.0
128 silly packumentCache full:https://registry.npmjs.org/mdast-util-to-string cache-miss
129 http fetch GET 200 https://registry.npmjs.org/consola 593ms (cache miss)
130 silly packumentCache full:https://registry.npmjs.org/consola set size:undefined disposed:false
131 silly fetch manifest micromark@^4.0.2
132 silly packumentCache full:https://registry.npmjs.org/micromark cache-miss
133 http fetch GET 200 https://registry.npmjs.org/git-url-parse 219ms (cache miss)
134 silly packumentCache full:https://registry.npmjs.org/git-url-parse set size:undefined disposed:false
135 silly fetch manifest micromark-util-character@^2.1.1
136 silly packumentCache full:https://registry.npmjs.org/micromark-util-character cache-miss
137 http fetch GET 200 https://registry.npmjs.org/hookable 217ms (cache miss)
138 silly packumentCache full:https://registry.npmjs.org/hookable set size:undefined disposed:false
139 silly fetch manifest micromark-util-chunked@^2.0.1
140 silly packumentCache full:https://registry.npmjs.org/micromark-util-chunked cache-miss
141 http fetch GET 200 https://registry.npmjs.org/json-schema-to-typescript-lite 172ms (cache miss)
142 silly packumentCache full:https://registry.npmjs.org/json-schema-to-typescript-lite set size:undefined disposed:false
143 silly fetch manifest micromark-util-resolve-all@^2.0.1
144 silly packumentCache full:https://registry.npmjs.org/micromark-util-resolve-all cache-miss
145 http fetch GET 200 https://registry.npmjs.org/@sqlite.org%2fsqlite-wasm 641ms (cache miss)
146 silly packumentCache full:https://registry.npmjs.org/@sqlite.org%2fsqlite-wasm set size:undefined disposed:false
147 silly fetch manifest micromark-util-sanitize-uri@^2.0.1
148 silly packumentCache full:https://registry.npmjs.org/micromark-util-sanitize-uri cache-miss
149 http fetch GET 200 https://registry.npmjs.org/mdast-util-to-string 345ms (cache miss)
150 silly packumentCache full:https://registry.npmjs.org/mdast-util-to-string set size:undefined disposed:false
151 silly fetch manifest micromatch@^4.0.8
152 silly packumentCache full:https://registry.npmjs.org/micromatch cache-miss
153 http fetch GET 200 https://registry.npmjs.org/@nuxtjs%2fmdc 891ms (cache miss)
154 silly packumentCache full:https://registry.npmjs.org/@nuxtjs%2fmdc set size:undefined disposed:false
155 silly fetch manifest minimark@^0.2.0
156 silly packumentCache full:https://registry.npmjs.org/minimark cache-miss
157 http fetch GET 200 https://registry.npmjs.org/micromark-util-character 315ms (cache miss)
158 silly packumentCache full:https://registry.npmjs.org/micromark-util-character set size:undefined disposed:false
159 silly fetch manifest minimatch@^10.2.4
160 silly packumentCache full:https://registry.npmjs.org/minimatch cache-miss
161 http fetch GET 200 https://registry.npmjs.org/micromark-util-chunked 314ms (cache miss)
162 silly packumentCache full:https://registry.npmjs.org/micromark-util-chunked set size:undefined disposed:false
163 silly fetch manifest nuxt-component-meta@0.17.2
164 silly packumentCache full:https://registry.npmjs.org/nuxt-component-meta cache-miss
165 http fetch GET 200 https://registry.npmjs.org/micromark 345ms (cache miss)
166 silly packumentCache full:https://registry.npmjs.org/micromark set size:undefined disposed:false
167 silly fetch manifest nypm@^0.6.5
168 silly packumentCache full:https://registry.npmjs.org/nypm cache-miss
169 http fetch GET 200 https://registry.npmjs.org/jiti 561ms (cache miss)
170 silly packumentCache full:https://registry.npmjs.org/jiti set size:undefined disposed:false
171 silly fetch manifest ohash@^2.0.11
172 silly packumentCache full:https://registry.npmjs.org/ohash cache-miss
173 http fetch GET 200 https://registry.npmjs.org/micromark-util-resolve-all 395ms (cache miss)
174 silly packumentCache full:https://registry.npmjs.org/micromark-util-resolve-all set size:undefined disposed:false
175 silly fetch manifest pathe@^2.0.3
176 silly packumentCache full:https://registry.npmjs.org/pathe cache-miss
177 http fetch GET 200 https://registry.npmjs.org/micromark-util-sanitize-uri 435ms (cache miss)
178 silly packumentCache full:https://registry.npmjs.org/micromark-util-sanitize-uri set size:undefined disposed:false
179 silly fetch manifest pkg-types@^2.3.0
180 silly packumentCache full:https://registry.npmjs.org/pkg-types cache-miss
181 http fetch GET 200 https://registry.npmjs.org/mdast-util-to-hast 619ms (cache miss)
182 silly packumentCache full:https://registry.npmjs.org/mdast-util-to-hast set size:undefined disposed:false
183 silly fetch manifest remark-mdc@^3.10.0
184 silly packumentCache full:https://registry.npmjs.org/remark-mdc cache-miss
185 http fetch GET 200 https://registry.npmjs.org/nypm 140ms (cache miss)
186 silly packumentCache full:https://registry.npmjs.org/nypm set size:undefined disposed:false
187 silly fetch manifest scule@^1.3.0
188 silly packumentCache full:https://registry.npmjs.org/scule cache-miss
189 http fetch GET 200 https://registry.npmjs.org/@webcontainer%2fenv 1094ms (cache miss)
190 silly packumentCache full:https://registry.npmjs.org/@webcontainer%2fenv set size:undefined disposed:false
191 silly fetch manifest shiki@^4.0.2
192 silly packumentCache full:https://registry.npmjs.org/shiki cache-miss
193 http fetch GET 200 https://registry.npmjs.org/micromatch 237ms (cache miss)
194 silly packumentCache full:https://registry.npmjs.org/micromatch set size:undefined disposed:false
195 silly fetch manifest slugify@^1.6.8
196 silly packumentCache full:https://registry.npmjs.org/slugify cache-miss
197 http fetch GET 200 https://registry.npmjs.org/minimatch 408ms (cache miss)
198 silly packumentCache full:https://registry.npmjs.org/minimatch set size:undefined disposed:false
199 silly fetch manifest socket.io-client@^4.8.3
200 silly packumentCache full:https://registry.npmjs.org/socket.io-client cache-miss
201 http fetch GET 200 https://registry.npmjs.org/pkg-types 328ms (cache miss)
202 silly packumentCache full:https://registry.npmjs.org/pkg-types set size:undefined disposed:false
203 silly fetch manifest std-env@^4.0.0
204 silly packumentCache full:https://registry.npmjs.org/std-env cache-miss
205 http fetch GET 200 https://registry.npmjs.org/scule 365ms (cache miss)
206 silly packumentCache full:https://registry.npmjs.org/scule set size:undefined disposed:false
207 silly fetch manifest tinyglobby@^0.2.15
208 silly packumentCache full:https://registry.npmjs.org/tinyglobby cache-miss
209 http fetch GET 200 https://registry.npmjs.org/socket.io-client 183ms (cache miss)
210 silly packumentCache full:https://registry.npmjs.org/socket.io-client set size:undefined disposed:false
211 silly fetch manifest ufo@^1.6.3
212 silly packumentCache full:https://registry.npmjs.org/ufo cache-miss
213 http fetch GET 200 https://registry.npmjs.org/slugify 436ms (cache miss)
214 silly packumentCache full:https://registry.npmjs.org/slugify set size:undefined disposed:false
215 silly fetch manifest unctx@^2.5.0
216 silly packumentCache full:https://registry.npmjs.org/unctx cache-miss
217 http fetch GET 200 https://registry.npmjs.org/std-env 141ms (cache miss)
218 silly packumentCache full:https://registry.npmjs.org/std-env set size:undefined disposed:false
219 silly fetch manifest unified@^11.0.5
220 silly packumentCache full:https://registry.npmjs.org/unified cache-miss
221 http fetch GET 200 https://registry.npmjs.org/tinyglobby 99ms (cache miss)
222 silly packumentCache full:https://registry.npmjs.org/tinyglobby set size:undefined disposed:false
223 silly fetch manifest unist-util-stringify-position@^4.0.0
224 silly packumentCache full:https://registry.npmjs.org/unist-util-stringify-position cache-miss
225 http fetch GET 200 https://registry.npmjs.org/shiki 475ms (cache miss)
226 silly packumentCache full:https://registry.npmjs.org/shiki set size:undefined disposed:false
227 silly fetch manifest unist-util-visit@^5.1.0
228 silly packumentCache full:https://registry.npmjs.org/unist-util-visit cache-miss
229 http fetch GET 200 https://registry.npmjs.org/ohash 690ms (cache miss)
230 silly packumentCache full:https://registry.npmjs.org/ohash set size:undefined disposed:false
231 silly fetch manifest unplugin@^3.0.0
232 silly packumentCache full:https://registry.npmjs.org/unplugin cache-miss
233 http fetch GET 200 https://registry.npmjs.org/unctx 162ms (cache miss)
234 silly packumentCache full:https://registry.npmjs.org/unctx set size:undefined disposed:false
235 silly fetch manifest zod@^3.25.76
236 silly packumentCache full:https://registry.npmjs.org/zod cache-miss
237 http fetch GET 200 https://registry.npmjs.org/ufo 185ms (cache miss)
238 silly packumentCache full:https://registry.npmjs.org/ufo set size:undefined disposed:false
239 silly fetch manifest zod-to-json-schema@^3.25.2
240 silly packumentCache full:https://registry.npmjs.org/zod-to-json-schema cache-miss
241 http fetch GET 200 https://registry.npmjs.org/unist-util-stringify-position 154ms (cache miss)
242 silly packumentCache full:https://registry.npmjs.org/unist-util-stringify-position set size:undefined disposed:false
243 silly fetch manifest @dxup/nuxt@^0.4.0
244 silly packumentCache full:https://registry.npmjs.org/@dxup%2fnuxt cache-miss
245 http fetch GET 200 https://registry.npmjs.org/remark-mdc 652ms (cache miss)
246 silly packumentCache full:https://registry.npmjs.org/remark-mdc set size:undefined disposed:false
247 silly fetch manifest @nuxt/cli@^3.34.0
248 silly packumentCache full:https://registry.npmjs.org/@nuxt%2fcli cache-miss
249 http fetch GET 200 https://registry.npmjs.org/unified 231ms (cache miss)
250 silly packumentCache full:https://registry.npmjs.org/unified set size:undefined disposed:false
251 silly fetch manifest @nuxt/devtools@^3.2.3
252 silly packumentCache full:https://registry.npmjs.org/@nuxt%2fdevtools cache-miss
253 http fetch GET 200 https://registry.npmjs.org/unist-util-visit 230ms (cache miss)
254 silly packumentCache full:https://registry.npmjs.org/unist-util-visit set size:undefined disposed:false
255 silly fetch manifest @nuxt/telemetry@^2.7.0
256 silly packumentCache full:https://registry.npmjs.org/@nuxt%2ftelemetry cache-miss
257 http fetch GET 200 https://registry.npmjs.org/unplugin 117ms (cache miss)
258 silly packumentCache full:https://registry.npmjs.org/unplugin set size:undefined disposed:false
259 silly fetch manifest @unhead/vue@^2.1.12
260 silly packumentCache full:https://registry.npmjs.org/@unhead%2fvue cache-miss
261 http fetch GET 200 https://registry.npmjs.org/minimark 929ms (cache miss)
262 silly packumentCache full:https://registry.npmjs.org/minimark set size:undefined disposed:false
263 silly fetch manifest @vue/shared@^3.5.30
264 silly packumentCache full:https://registry.npmjs.org/@vue%2fshared cache-miss
265 http fetch GET 200 https://registry.npmjs.org/@dxup%2fnuxt 148ms (cache miss)
266 silly packumentCache full:https://registry.npmjs.org/@dxup%2fnuxt set size:undefined disposed:false
267 silly fetch manifest compatx@^0.2.0
268 silly packumentCache full:https://registry.npmjs.org/compatx cache-miss
269 http fetch GET 200 https://registry.npmjs.org/zod-to-json-schema 233ms (cache miss)
270 silly packumentCache full:https://registry.npmjs.org/zod-to-json-schema set size:undefined disposed:false
271 silly fetch manifest cookie-es@^2.0.0
272 silly packumentCache full:https://registry.npmjs.org/cookie-es cache-miss
273 http fetch GET 200 https://registry.npmjs.org/compatx 414ms (cache miss)
274 silly packumentCache full:https://registry.npmjs.org/compatx set size:undefined disposed:false
275 silly fetch manifest devalue@^5.6.3
276 silly packumentCache full:https://registry.npmjs.org/devalue cache-miss
277 http fetch GET 200 https://registry.npmjs.org/pathe 1309ms (cache miss)
278 silly packumentCache full:https://registry.npmjs.org/pathe set size:undefined disposed:false
279 silly fetch manifest errx@^0.1.0
280 silly packumentCache full:https://registry.npmjs.org/errx cache-miss
281 http fetch GET 200 https://registry.npmjs.org/@nuxt%2ftelemetry 541ms (cache miss)
282 silly packumentCache full:https://registry.npmjs.org/@nuxt%2ftelemetry set size:undefined disposed:false
283 silly fetch manifest escape-string-regexp@^5.0.0
284 silly packumentCache full:https://registry.npmjs.org/escape-string-regexp cache-miss
285 http fetch GET 200 https://registry.npmjs.org/@nuxt%2fcli 614ms (cache miss)
286 silly packumentCache full:https://registry.npmjs.org/@nuxt%2fcli set size:undefined disposed:false
287 silly fetch manifest exsolve@^1.0.8
288 silly packumentCache full:https://registry.npmjs.org/exsolve cache-miss
289 http fetch GET 200 https://registry.npmjs.org/@unhead%2fvue 545ms (cache miss)
290 silly packumentCache full:https://registry.npmjs.org/@unhead%2fvue set size:undefined disposed:false
291 silly fetch manifest hookable@^6.0.1
292 silly packumentCache full:https://registry.npmjs.org/hookable cache-miss
293 http fetch GET 200 https://registry.npmjs.org/@nuxt%2fdevtools 602ms (cache miss)
294 silly packumentCache full:https://registry.npmjs.org/@nuxt%2fdevtools set size:undefined disposed:false
295 silly fetch manifest ignore@^7.0.5
296 silly packumentCache full:https://registry.npmjs.org/ignore cache-miss
297 http fetch GET 200 https://registry.npmjs.org/nuxt-component-meta 1487ms (cache miss)
298 silly packumentCache full:https://registry.npmjs.org/nuxt-component-meta set size:undefined disposed:false
299 silly fetch manifest impound@^1.1.5
300 silly packumentCache full:https://registry.npmjs.org/impound cache-miss
301 http cache https://registry.npmjs.org/hookable 43ms (cache hit)
302 silly packumentCache full:https://registry.npmjs.org/hookable set size:114658 disposed:false
303 silly fetch manifest klona@^2.0.6
304 silly packumentCache full:https://registry.npmjs.org/klona cache-miss
305 http fetch GET 200 https://registry.npmjs.org/errx 103ms (cache miss)
306 silly packumentCache full:https://registry.npmjs.org/errx set size:undefined disposed:false
307 silly fetch manifest knitwork@^1.3.0
308 silly packumentCache full:https://registry.npmjs.org/knitwork cache-miss
309 http fetch GET 200 https://registry.npmjs.org/@vue%2fshared 613ms (cache miss)
310 silly packumentCache full:https://registry.npmjs.org/@vue%2fshared set size:undefined disposed:false
311 silly fetch manifest magic-string@^0.30.21
312 silly packumentCache full:https://registry.npmjs.org/magic-string cache-miss
313 http fetch GET 200 https://registry.npmjs.org/escape-string-regexp 93ms (cache miss)
314 silly packumentCache full:https://registry.npmjs.org/escape-string-regexp set size:undefined disposed:false
315 silly fetch manifest mlly@^1.8.1
316 silly packumentCache full:https://registry.npmjs.org/mlly cache-miss
317 http fetch GET 200 https://registry.npmjs.org/exsolve 88ms (cache miss)
318 silly packumentCache full:https://registry.npmjs.org/exsolve set size:undefined disposed:false
319 silly fetch manifest nanotar@^0.3.0
320 silly packumentCache full:https://registry.npmjs.org/nanotar cache-miss
321 http fetch GET 200 https://registry.npmjs.org/cookie-es 508ms (cache miss)
322 silly packumentCache full:https://registry.npmjs.org/cookie-es set size:undefined disposed:false
323 silly fetch manifest ofetch@^1.5.1
324 silly packumentCache full:https://registry.npmjs.org/ofetch cache-miss
325 http fetch GET 200 https://registry.npmjs.org/zod 772ms (cache miss)
326 silly packumentCache full:https://registry.npmjs.org/zod set size:undefined disposed:false
327 silly fetch manifest on-change@^6.0.2
328 silly packumentCache full:https://registry.npmjs.org/on-change cache-miss
329 http fetch GET 200 https://registry.npmjs.org/devalue 251ms (cache miss)
330 silly packumentCache full:https://registry.npmjs.org/devalue set size:undefined disposed:false
331 silly fetch manifest oxc-minify@^0.117.0
332 silly packumentCache full:https://registry.npmjs.org/oxc-minify cache-miss
333 http fetch GET 200 https://registry.npmjs.org/ignore 138ms (cache miss)
334 silly packumentCache full:https://registry.npmjs.org/ignore set size:undefined disposed:false
335 silly fetch manifest oxc-parser@^0.117.0
336 silly packumentCache full:https://registry.npmjs.org/oxc-parser cache-miss
337 http fetch GET 200 https://registry.npmjs.org/impound 128ms (cache miss)
338 silly packumentCache full:https://registry.npmjs.org/impound set size:undefined disposed:false
339 silly fetch manifest oxc-transform@^0.117.0
340 silly packumentCache full:https://registry.npmjs.org/oxc-transform cache-miss
341 http fetch GET 200 https://registry.npmjs.org/knitwork 119ms (cache miss)
342 silly packumentCache full:https://registry.npmjs.org/knitwork set size:undefined disposed:false
343 silly fetch manifest oxc-walker@^0.7.0
344 silly packumentCache full:https://registry.npmjs.org/oxc-walker cache-miss
345 http fetch GET 200 https://registry.npmjs.org/mlly 117ms (cache miss)
346 silly packumentCache full:https://registry.npmjs.org/mlly set size:undefined disposed:false
347 silly fetch manifest perfect-debounce@^2.1.0
348 silly packumentCache full:https://registry.npmjs.org/perfect-debounce cache-miss
349 http fetch GET 200 https://registry.npmjs.org/klona 145ms (cache miss)
350 silly packumentCache full:https://registry.npmjs.org/klona set size:undefined disposed:false
351 silly fetch manifest picomatch@^4.0.3
352 silly packumentCache full:https://registry.npmjs.org/picomatch cache-miss
353 http fetch GET 200 https://registry.npmjs.org/oxc-minify 178ms (cache miss)
354 silly packumentCache full:https://registry.npmjs.org/oxc-minify set size:undefined disposed:false
355 silly fetch manifest rou3@^0.8.1
356 silly packumentCache full:https://registry.npmjs.org/rou3 cache-miss
357 http fetch GET 200 https://registry.npmjs.org/oxc-parser 196ms (cache miss)
358 silly packumentCache full:https://registry.npmjs.org/oxc-parser set size:undefined disposed:false
359 silly fetch manifest semver@^7.7.4
360 silly packumentCache full:https://registry.npmjs.org/semver cache-miss
361 http fetch GET 200 https://registry.npmjs.org/ofetch 328ms (cache miss)
362 silly packumentCache full:https://registry.npmjs.org/ofetch set size:undefined disposed:false
363 silly fetch manifest ultrahtml@^1.6.0
364 silly packumentCache full:https://registry.npmjs.org/ultrahtml cache-miss
365 http fetch GET 200 https://registry.npmjs.org/nanotar 342ms (cache miss)
366 silly packumentCache full:https://registry.npmjs.org/nanotar set size:undefined disposed:false
367 silly fetch manifest uncrypto@^0.1.3
368 silly packumentCache full:https://registry.npmjs.org/uncrypto cache-miss
369 http fetch GET 200 https://registry.npmjs.org/magic-string 355ms (cache miss)
370 silly packumentCache full:https://registry.npmjs.org/magic-string set size:undefined disposed:false
371 silly fetch manifest unimport@^6.0.1
372 silly packumentCache full:https://registry.npmjs.org/unimport cache-miss
373 http fetch GET 200 https://registry.npmjs.org/perfect-debounce 237ms (cache miss)
374 silly packumentCache full:https://registry.npmjs.org/perfect-debounce set size:undefined disposed:false
375 silly fetch manifest unrouting@^0.1.5
376 silly packumentCache full:https://registry.npmjs.org/unrouting cache-miss
377 http fetch GET 200 https://registry.npmjs.org/picomatch 238ms (cache miss)
378 silly packumentCache full:https://registry.npmjs.org/picomatch set size:undefined disposed:false
379 silly fetch manifest untyped@^2.0.0
380 silly packumentCache full:https://registry.npmjs.org/untyped cache-miss
381 http fetch GET 200 https://registry.npmjs.org/oxc-walker 260ms (cache miss)
382 silly packumentCache full:https://registry.npmjs.org/oxc-walker set size:undefined disposed:false
383 silly fetch manifest vue@^3.5.30
384 silly packumentCache full:https://registry.npmjs.org/vue cache-miss
385 http fetch GET 200 https://registry.npmjs.org/rou3 108ms (cache miss)
386 silly packumentCache full:https://registry.npmjs.org/rou3 set size:undefined disposed:false
387 silly fetch manifest vue-router@^5.0.3
388 silly packumentCache full:https://registry.npmjs.org/vue-router cache-miss
389 http cache https://registry.npmjs.org/vue 26ms (cache hit)
390 silly packumentCache full:https://registry.npmjs.org/vue set size:2029368 disposed:false
391 silly fetch manifest @nuxt/nitro-server@4.4.2
392 silly packumentCache full:https://registry.npmjs.org/@nuxt%2fnitro-server cache-miss
393 http cache https://registry.npmjs.org/vue-router 35ms (cache hit)
394 silly packumentCache full:https://registry.npmjs.org/vue-router set size:982151 disposed:false
395 silly fetch manifest @nuxt/vite-builder@4.4.2
396 silly packumentCache full:https://registry.npmjs.org/@nuxt%2fvite-builder cache-miss
397 http fetch GET 200 https://registry.npmjs.org/semver 152ms (cache miss)
398 silly packumentCache full:https://registry.npmjs.org/semver set size:undefined disposed:false
399 silly fetch manifest @nuxt/kit@4.4.2
400 silly packumentCache full:https://registry.npmjs.org/@nuxt%2fkit cache-miss
401 http fetch GET 200 https://registry.npmjs.org/on-change 395ms (cache miss)
402 silly packumentCache full:https://registry.npmjs.org/on-change set size:undefined disposed:false
403 silly fetch manifest @nuxt/schema@4.4.2
404 silly packumentCache full:https://registry.npmjs.org/@nuxt%2fschema cache-miss
405 http cache https://registry.npmjs.org/@nuxt%2fkit 21ms (cache hit)
406 silly packumentCache full:https://registry.npmjs.org/@nuxt%2fkit set size:370823 disposed:false
407 silly fetch manifest @vue/shared@3.5.33
408 silly packumentCache full:https://registry.npmjs.org/@vue%2fshared cache-miss
409 http cache https://registry.npmjs.org/@vue%2fshared 36ms (cache hit)
410 silly packumentCache full:https://registry.npmjs.org/@vue%2fshared set size:694881 disposed:false
411 silly fetch manifest @vue/compiler-dom@3.5.33
412 silly packumentCache full:https://registry.npmjs.org/@vue%2fcompiler-dom cache-miss
413 http fetch GET 200 https://registry.npmjs.org/oxc-transform 429ms (cache miss)
414 silly packumentCache full:https://registry.npmjs.org/oxc-transform set size:undefined disposed:false
415 silly fetch manifest @vue/runtime-dom@3.5.33
416 silly packumentCache full:https://registry.npmjs.org/@vue%2fruntime-dom cache-miss
417 http fetch GET 200 https://registry.npmjs.org/uncrypto 189ms (cache miss)
418 silly packumentCache full:https://registry.npmjs.org/uncrypto set size:undefined disposed:false
419 silly fetch manifest @vue/compiler-sfc@3.5.33
420 silly packumentCache full:https://registry.npmjs.org/@vue%2fcompiler-sfc cache-miss
421 http fetch GET 200 https://registry.npmjs.org/@nuxt%2fnitro-server 130ms (cache miss)
422 silly packumentCache full:https://registry.npmjs.org/@nuxt%2fnitro-server set size:undefined disposed:false
423 silly fetch manifest @vue/server-renderer@3.5.33
424 silly packumentCache full:https://registry.npmjs.org/@vue%2fserver-renderer cache-miss
425 http fetch GET 200 https://registry.npmjs.org/ultrahtml 202ms (cache miss)
426 silly packumentCache full:https://registry.npmjs.org/ultrahtml set size:undefined disposed:false
427 silly fetch manifest @vue/devtools-api@^6.6.4
428 silly packumentCache full:https://registry.npmjs.org/@vue%2fdevtools-api cache-miss
429 http fetch GET 200 https://registry.npmjs.org/@nuxt%2fvite-builder 228ms (cache miss)
430 silly packumentCache full:https://registry.npmjs.org/@nuxt%2fvite-builder set size:undefined disposed:false
431 http fetch GET 200 https://registry.npmjs.org/@nuxt%2fschema 214ms (cache miss)
432 silly packumentCache full:https://registry.npmjs.org/@nuxt%2fschema set size:undefined disposed:false
433 http fetch GET 200 https://registry.npmjs.org/unrouting 388ms (cache miss)
434 silly packumentCache full:https://registry.npmjs.org/unrouting set size:undefined disposed:false
435 http fetch GET 200 https://registry.npmjs.org/unimport 409ms (cache miss)
436 silly packumentCache full:https://registry.npmjs.org/unimport set size:undefined disposed:false
437 http fetch GET 200 https://registry.npmjs.org/untyped 430ms (cache miss)
438 silly packumentCache full:https://registry.npmjs.org/untyped set size:undefined disposed:false
439 http fetch GET 200 https://registry.npmjs.org/@vue%2fdevtools-api 308ms (cache miss)
440 silly packumentCache full:https://registry.npmjs.org/@vue%2fdevtools-api set size:undefined disposed:false
441 http fetch GET 200 https://registry.npmjs.org/@vue%2fruntime-dom 586ms (cache miss)
442 silly packumentCache full:https://registry.npmjs.org/@vue%2fruntime-dom set size:undefined disposed:false
443 http fetch GET 200 https://registry.npmjs.org/@vue%2fcompiler-dom 623ms (cache miss)
444 silly packumentCache full:https://registry.npmjs.org/@vue%2fcompiler-dom set size:undefined disposed:false
445 http fetch GET 200 https://registry.npmjs.org/@vue%2fserver-renderer 894ms (cache miss)
446 silly packumentCache full:https://registry.npmjs.org/@vue%2fserver-renderer set size:undefined disposed:false
447 http fetch GET 200 https://registry.npmjs.org/isomorphic-git 3594ms (cache miss)
448 silly packumentCache full:https://registry.npmjs.org/isomorphic-git set size:undefined disposed:false
449 http fetch GET 200 https://registry.npmjs.org/@vue%2fcompiler-sfc 1589ms (cache miss)
450 silly packumentCache full:https://registry.npmjs.org/@vue%2fcompiler-sfc set size:undefined disposed:false
451 silly fetch manifest magicast@*
452 silly packumentCache full:https://registry.npmjs.org/magicast cache-miss
453 http fetch GET 200 https://registry.npmjs.org/magicast 52ms (cache miss)
454 silly packumentCache full:https://registry.npmjs.org/magicast set size:undefined disposed:false
455 silly fetch manifest drizzle-orm@*
456 silly packumentCache full:https://registry.npmjs.org/drizzle-orm cache-miss
457 http fetch GET 200 https://registry.npmjs.org/drizzle-orm 11099ms (cache miss)
458 silly packumentCache full:https://registry.npmjs.org/drizzle-orm set size:undefined disposed:false
459 silly fetch manifest @aws-sdk/client-rds-data@>=3
460 silly packumentCache full:https://registry.npmjs.org/@aws-sdk%2fclient-rds-data cache-miss
461 http fetch GET 200 https://registry.npmjs.org/@aws-sdk%2fclient-rds-data 1201ms (cache miss)
462 silly packumentCache full:https://registry.npmjs.org/@aws-sdk%2fclient-rds-data set size:undefined disposed:false
463 silly fetch manifest @cloudflare/workers-types@>=4
464 silly packumentCache full:https://registry.npmjs.org/@cloudflare%2fworkers-types cache-miss
465 http fetch GET 200 https://registry.npmjs.org/@cloudflare%2fworkers-types 196ms (cache miss)
466 silly packumentCache full:https://registry.npmjs.org/@cloudflare%2fworkers-types set size:undefined disposed:false
467 silly fetch manifest @libsql/client-wasm@>=0.10.0
468 silly packumentCache full:https://registry.npmjs.org/@libsql%2fclient-wasm cache-miss
469 http fetch GET 200 https://registry.npmjs.org/@libsql%2fclient-wasm 637ms (cache miss)
470 silly packumentCache full:https://registry.npmjs.org/@libsql%2fclient-wasm set size:undefined disposed:false
471 silly fetch manifest @neondatabase/serverless@>=0.10.0
472 silly packumentCache full:https://registry.npmjs.org/@neondatabase%2fserverless cache-miss
473 http fetch GET 200 https://registry.npmjs.org/@neondatabase%2fserverless 410ms (cache miss)
474 silly packumentCache full:https://registry.npmjs.org/@neondatabase%2fserverless set size:undefined disposed:false
475 silly fetch manifest @op-engineering/op-sqlite@>=2
476 silly packumentCache full:https://registry.npmjs.org/@op-engineering%2fop-sqlite cache-miss
477 http fetch GET 200 https://registry.npmjs.org/@op-engineering%2fop-sqlite 2702ms (cache miss)
478 silly packumentCache full:https://registry.npmjs.org/@op-engineering%2fop-sqlite set size:undefined disposed:false
479 silly fetch manifest react@*
480 silly packumentCache full:https://registry.npmjs.org/react cache-miss
481 http fetch GET 200 https://registry.npmjs.org/react 2354ms (cache miss)
482 silly packumentCache full:https://registry.npmjs.org/react set size:undefined disposed:false
483 silly fetch manifest react-native@*
484 silly packumentCache full:https://registry.npmjs.org/react-native cache-miss
485 http fetch GET 200 https://registry.npmjs.org/react-native 1187ms (cache miss)
486 silly packumentCache full:https://registry.npmjs.org/react-native set size:undefined disposed:false
487 silly fetch manifest @react-native/jest-preset@0.85.2
488 silly packumentCache full:https://registry.npmjs.org/@react-native%2fjest-preset cache-miss
489 http fetch GET 200 https://registry.npmjs.org/@react-native%2fjest-preset 117ms (cache miss)
490 silly packumentCache full:https://registry.npmjs.org/@react-native%2fjest-preset set size:undefined disposed:false
491 silly fetch manifest @types/react@^19.1.1
492 silly packumentCache full:https://registry.npmjs.org/@types%2freact cache-miss
493 http fetch GET 200 https://registry.npmjs.org/@types%2freact 1189ms (cache miss)
494 silly packumentCache full:https://registry.npmjs.org/@types%2freact set size:undefined disposed:false
495 silly fetch manifest @opentelemetry/api@^1.4.1
496 silly packumentCache full:https://registry.npmjs.org/@opentelemetry%2fapi cache-miss
497 http fetch GET 200 https://registry.npmjs.org/@opentelemetry%2fapi 91ms (cache miss)
498 silly packumentCache full:https://registry.npmjs.org/@opentelemetry%2fapi set size:undefined disposed:false
499 silly fetch manifest @planetscale/database@>=1.13
500 silly packumentCache full:https://registry.npmjs.org/@planetscale%2fdatabase cache-miss
501 http fetch GET 200 https://registry.npmjs.org/@planetscale%2fdatabase 68ms (cache miss)
502 silly packumentCache full:https://registry.npmjs.org/@planetscale%2fdatabase set size:undefined disposed:false
503 silly fetch manifest @prisma/client@*
504 silly packumentCache full:https://registry.npmjs.org/@prisma%2fclient cache-miss
505 http fetch GET 200 https://registry.npmjs.org/@prisma%2fclient 4036ms (cache miss)
506 silly packumentCache full:https://registry.npmjs.org/@prisma%2fclient set size:undefined disposed:false
507 silly fetch manifest prisma@*
508 silly packumentCache full:https://registry.npmjs.org/prisma cache-miss
509 http fetch GET 200 https://registry.npmjs.org/prisma 3267ms (cache miss)
510 silly packumentCache full:https://registry.npmjs.org/prisma set size:undefined disposed:false
511 silly fetch manifest typescript@>=5.4.0
512 silly packumentCache full:https://registry.npmjs.org/typescript cache-miss
513 http cache https://registry.npmjs.org/typescript 51ms (cache hit)
514 silly packumentCache full:https://registry.npmjs.org/typescript set size:15409943 disposed:false
515 silly fetch manifest @tidbcloud/serverless@*
516 silly packumentCache full:https://registry.npmjs.org/@tidbcloud%2fserverless cache-miss
517 http fetch GET 200 https://registry.npmjs.org/@tidbcloud%2fserverless 120ms (cache miss)
518 silly packumentCache full:https://registry.npmjs.org/@tidbcloud%2fserverless set size:undefined disposed:false
519 silly fetch manifest @types/better-sqlite3@*
520 silly packumentCache full:https://registry.npmjs.org/@types%2fbetter-sqlite3 cache-miss
521 http fetch GET 200 https://registry.npmjs.org/@types%2fbetter-sqlite3 195ms (cache miss)
522 silly packumentCache full:https://registry.npmjs.org/@types%2fbetter-sqlite3 set size:undefined disposed:false
523 silly fetch manifest @types/pg@*
524 silly packumentCache full:https://registry.npmjs.org/@types%2fpg cache-miss
525 http fetch GET 200 https://registry.npmjs.org/@types%2fpg 118ms (cache miss)
526 silly packumentCache full:https://registry.npmjs.org/@types%2fpg set size:undefined disposed:false
527 silly fetch manifest @types/sql.js@*
528 silly packumentCache full:https://registry.npmjs.org/@types%2fsql.js cache-miss
529 http fetch GET 200 https://registry.npmjs.org/@types%2fsql.js 112ms (cache miss)
530 silly packumentCache full:https://registry.npmjs.org/@types%2fsql.js set size:undefined disposed:false
531 silly fetch manifest @upstash/redis@>=1.34.7
532 silly packumentCache full:https://registry.npmjs.org/@upstash%2fredis cache-miss
533 http fetch GET 200 https://registry.npmjs.org/@upstash%2fredis 536ms (cache miss)
534 silly packumentCache full:https://registry.npmjs.org/@upstash%2fredis set size:undefined disposed:false
535 silly fetch manifest @vercel/postgres@>=0.8.0
536 silly packumentCache full:https://registry.npmjs.org/@vercel%2fpostgres cache-miss
537 http fetch GET 200 https://registry.npmjs.org/@vercel%2fpostgres 180ms (cache miss)
538 silly packumentCache full:https://registry.npmjs.org/@vercel%2fpostgres set size:undefined disposed:false
539 silly fetch manifest @xata.io/client@*
540 silly packumentCache full:https://registry.npmjs.org/@xata.io%2fclient cache-miss
541 http fetch GET 200 https://registry.npmjs.org/@xata.io%2fclient 4179ms (cache miss)
542 silly packumentCache full:https://registry.npmjs.org/@xata.io%2fclient set size:undefined disposed:false
543 silly fetch manifest bun-types@*
544 silly packumentCache full:https://registry.npmjs.org/bun-types cache-miss
545 http fetch GET 200 https://registry.npmjs.org/bun-types 253ms (cache miss)
546 silly packumentCache full:https://registry.npmjs.org/bun-types set size:undefined disposed:false
547 silly fetch manifest expo-sqlite@>=14.0.0
548 silly packumentCache full:https://registry.npmjs.org/expo-sqlite cache-miss
549 http fetch GET 200 https://registry.npmjs.org/expo-sqlite 91ms (cache miss)
550 silly packumentCache full:https://registry.npmjs.org/expo-sqlite set size:undefined disposed:false
551 silly fetch manifest expo@*
552 silly packumentCache full:https://registry.npmjs.org/expo cache-miss
553 http fetch GET 200 https://registry.npmjs.org/expo 816ms (cache miss)
554 silly packumentCache full:https://registry.npmjs.org/expo set size:undefined disposed:false
555 silly fetch manifest @expo/dom-webview@*
556 silly packumentCache full:https://registry.npmjs.org/@expo%2fdom-webview cache-miss
557 http fetch GET 200 https://registry.npmjs.org/@expo%2fdom-webview 153ms (cache miss)
558 silly packumentCache full:https://registry.npmjs.org/@expo%2fdom-webview set size:undefined disposed:false
559 silly fetch manifest @expo/metro-runtime@*
560 silly packumentCache full:https://registry.npmjs.org/@expo%2fmetro-runtime cache-miss
561 http fetch GET 200 https://registry.npmjs.org/@expo%2fmetro-runtime 153ms (cache miss)
562 silly packumentCache full:https://registry.npmjs.org/@expo%2fmetro-runtime set size:undefined disposed:false
563 silly fetch manifest react-dom@*
564 silly packumentCache full:https://registry.npmjs.org/react-dom cache-miss
565 http fetch GET 200 https://registry.npmjs.org/react-dom 498ms (cache miss)
566 silly packumentCache full:https://registry.npmjs.org/react-dom set size:undefined disposed:false
567 silly fetch manifest react-native-webview@*
568 silly packumentCache full:https://registry.npmjs.org/react-native-webview cache-miss
569 http fetch GET 200 https://registry.npmjs.org/react-native-webview 231ms (cache miss)
570 silly packumentCache full:https://registry.npmjs.org/react-native-webview set size:undefined disposed:false
571 silly fetch manifest gel@>=2
572 silly packumentCache full:https://registry.npmjs.org/gel cache-miss
573 http fetch GET 200 https://registry.npmjs.org/gel 103ms (cache miss)
574 silly packumentCache full:https://registry.npmjs.org/gel set size:undefined disposed:false
575 silly fetch manifest knex@*
576 silly packumentCache full:https://registry.npmjs.org/knex cache-miss
577 http fetch GET 200 https://registry.npmjs.org/knex 147ms (cache miss)
578 silly packumentCache full:https://registry.npmjs.org/knex set size:undefined disposed:false
579 silly fetch manifest pg-query-stream@^4.14.0
580 silly packumentCache full:https://registry.npmjs.org/pg-query-stream cache-miss
581 http fetch GET 200 https://registry.npmjs.org/pg-query-stream 160ms (cache miss)
582 silly packumentCache full:https://registry.npmjs.org/pg-query-stream set size:undefined disposed:false
583 silly fetch manifest pg@^8
584 silly packumentCache full:https://registry.npmjs.org/pg cache-miss
585 http fetch GET 200 https://registry.npmjs.org/pg 91ms (cache miss)
586 silly packumentCache full:https://registry.npmjs.org/pg set size:undefined disposed:false
587 silly fetch manifest pg-native@>=3.0.1
588 silly packumentCache full:https://registry.npmjs.org/pg-native cache-miss
589 http fetch GET 200 https://registry.npmjs.org/pg-native 49ms (cache miss)
590 silly packumentCache full:https://registry.npmjs.org/pg-native set size:undefined disposed:false
591 silly fetch manifest kysely@*
592 silly packumentCache full:https://registry.npmjs.org/kysely cache-miss
593 http fetch GET 200 https://registry.npmjs.org/kysely 114ms (cache miss)
594 silly packumentCache full:https://registry.npmjs.org/kysely set size:undefined disposed:false
595 silly fetch manifest mysql2@>=2
596 silly packumentCache full:https://registry.npmjs.org/mysql2 cache-miss
597 http fetch GET 200 https://registry.npmjs.org/mysql2 109ms (cache miss)
598 silly packumentCache full:https://registry.npmjs.org/mysql2 set size:undefined disposed:false
599 silly fetch manifest @types/node@>= 8
600 silly packumentCache full:https://registry.npmjs.org/@types%2fnode cache-miss
601 http cache https://registry.npmjs.org/@types%2fnode 36ms (cache hit)
602 silly packumentCache full:https://registry.npmjs.org/@types%2fnode set size:10972342 disposed:false
603 silly fetch manifest postgres@>=3
604 silly packumentCache full:https://registry.npmjs.org/postgres cache-miss
605 http fetch GET 200 https://registry.npmjs.org/postgres 96ms (cache miss)
606 silly packumentCache full:https://registry.npmjs.org/postgres set size:undefined disposed:false
607 silly fetch manifest sql.js@>=1
608 silly packumentCache full:https://registry.npmjs.org/sql.js cache-miss
609 http fetch GET 200 https://registry.npmjs.org/sql.js 82ms (cache miss)
610 silly packumentCache full:https://registry.npmjs.org/sql.js set size:undefined disposed:false
611 silly placeDep ROOT @nuxt/kit@4.4.2 OK for: @nuxt/content@3.13.0 want: ^4.4.2
612 silly placeDep ROOT @nuxtjs/mdc@0.21.1 OK for: @nuxt/content@3.13.0 want: ^0.21.0
613 silly placeDep ROOT @shikijs/langs@4.0.2 OK for: @nuxt/content@3.13.0 want: ^4.0.2
614 silly placeDep ROOT @sqlite.org/sqlite-wasm@3.50.4-build1 OK for: @nuxt/content@3.13.0 want: 3.50.4-build1
615 silly placeDep ROOT @standard-schema/spec@1.1.0 OK for: @nuxt/content@3.13.0 want: ^1.1.0
616 silly placeDep ROOT @webcontainer/env@1.1.1 OK for: @nuxt/content@3.13.0 want: ^1.1.1
617 silly placeDep ROOT c12@3.3.4 OK for: @nuxt/content@3.13.0 want: ^3.3.3
618 silly placeDep ROOT chokidar@5.0.0 OK for: @nuxt/content@3.13.0 want: ^5.0.0
619 silly placeDep ROOT consola@3.4.2 OK for: @nuxt/content@3.13.0 want: ^3.4.2
620 silly placeDep ROOT db0@0.3.4 OK for: @nuxt/content@3.13.0 want: ^0.3.4
621 silly placeDep ROOT defu@6.1.7 OK for: @nuxt/content@3.13.0 want: ^6.1.4
622 silly placeDep ROOT destr@2.0.5 OK for: @nuxt/content@3.13.0 want: ^2.0.5
623 silly placeDep ROOT git-url-parse@16.1.0 OK for: @nuxt/content@3.13.0 want: ^16.1.0
624 silly placeDep ROOT hookable@5.5.3 OK for: @nuxt/content@3.13.0 want: ^5.5.3
625 silly placeDep ROOT isomorphic-git@1.37.5 OK for: @nuxt/content@3.13.0 want: ^1.37.4
626 silly placeDep ROOT jiti@2.6.1 OK for: @nuxt/content@3.13.0 want: ^2.6.1
627 silly placeDep ROOT json-schema-to-typescript-lite@15.0.0 OK for: @nuxt/content@3.13.0 want: ^15.0.0
628 silly placeDep ROOT mdast-util-to-hast@13.2.1 OK for: @nuxt/content@3.13.0 want: ^13.2.1
629 silly placeDep ROOT mdast-util-to-string@4.0.0 OK for: @nuxt/content@3.13.0 want: ^4.0.0
630 silly placeDep ROOT micromark@4.0.2 OK for: @nuxt/content@3.13.0 want: ^4.0.2
631 silly placeDep ROOT micromark-util-character@2.1.1 OK for: @nuxt/content@3.13.0 want: ^2.1.1
632 silly placeDep ROOT micromark-util-chunked@2.0.1 OK for: @nuxt/content@3.13.0 want: ^2.0.1
633 silly placeDep ROOT micromark-util-resolve-all@2.0.1 OK for: @nuxt/content@3.13.0 want: ^2.0.1
634 silly placeDep ROOT micromark-util-sanitize-uri@2.0.1 OK for: @nuxt/content@3.13.0 want: ^2.0.1
635 silly placeDep ROOT micromatch@4.0.8 OK for: @nuxt/content@3.13.0 want: ^4.0.8
636 silly placeDep ROOT minimark@0.2.0 OK for: @nuxt/content@3.13.0 want: ^0.2.0
637 silly placeDep ROOT minimatch@10.2.5 OK for: @nuxt/content@3.13.0 want: ^10.2.4
638 silly placeDep ROOT nuxt-component-meta@0.17.2 OK for: @nuxt/content@3.13.0 want: 0.17.2
639 silly placeDep ROOT nypm@0.6.5 OK for: @nuxt/content@3.13.0 want: ^0.6.5
640 silly placeDep ROOT ohash@2.0.11 OK for: @nuxt/content@3.13.0 want: ^2.0.11
641 silly placeDep ROOT pathe@2.0.3 OK for: @nuxt/content@3.13.0 want: ^2.0.3
642 silly placeDep ROOT pkg-types@2.3.0 OK for: @nuxt/content@3.13.0 want: ^2.3.0
643 silly placeDep ROOT remark-mdc@3.10.0 OK for: @nuxt/content@3.13.0 want: ^3.10.0
644 silly placeDep ROOT scule@1.3.0 OK for: @nuxt/content@3.13.0 want: ^1.3.0
645 silly placeDep ROOT shiki@4.0.2 OK for: @nuxt/content@3.13.0 want: ^4.0.2
646 silly placeDep ROOT slugify@1.6.9 OK for: @nuxt/content@3.13.0 want: ^1.6.8
647 silly placeDep ROOT socket.io-client@4.8.3 OK for: @nuxt/content@3.13.0 want: ^4.8.3
648 silly placeDep ROOT std-env@4.1.0 OK for: @nuxt/content@3.13.0 want: ^4.0.0
649 silly placeDep ROOT tinyglobby@0.2.16 OK for: @nuxt/content@3.13.0 want: ^0.2.15
650 silly placeDep ROOT ufo@1.6.3 OK for: @nuxt/content@3.13.0 want: ^1.6.3
651 silly placeDep ROOT unctx@2.5.0 OK for: @nuxt/content@3.13.0 want: ^2.5.0
652 silly placeDep ROOT unified@11.0.5 OK for: @nuxt/content@3.13.0 want: ^11.0.5
653 silly placeDep ROOT unist-util-stringify-position@4.0.0 OK for: @nuxt/content@3.13.0 want: ^4.0.0
654 silly placeDep ROOT unist-util-visit@5.1.0 OK for: @nuxt/content@3.13.0 want: ^5.1.0
655 silly placeDep ROOT unplugin@3.0.0 OK for: @nuxt/content@3.13.0 want: ^3.0.0
656 silly placeDep ROOT zod@3.25.76 OK for: @nuxt/content@3.13.0 want: ^3.25.76
657 silly placeDep ROOT zod-to-json-schema@3.25.2 OK for: @nuxt/content@3.13.0 want: ^3.25.2
658 silly fetch manifest rc9@^3.0.0
659 silly packumentCache full:https://registry.npmjs.org/rc9 cache-miss
660 silly fetch manifest @shikijs/core@^4.0.2
661 silly packumentCache full:https://registry.npmjs.org/@shikijs%2fcore cache-miss
662 silly fetch manifest @shikijs/engine-javascript@^4.0.2
663 silly packumentCache full:https://registry.npmjs.org/@shikijs%2fengine-javascript cache-miss
664 silly fetch manifest @shikijs/themes@^4.0.2
665 silly packumentCache full:https://registry.npmjs.org/@shikijs%2fthemes cache-miss
666 silly fetch manifest @shikijs/transformers@^4.0.2
667 silly packumentCache full:https://registry.npmjs.org/@shikijs%2ftransformers cache-miss
668 silly fetch manifest @types/hast@^3.0.4
669 silly packumentCache full:https://registry.npmjs.org/@types%2fhast cache-miss
670 silly fetch manifest @types/mdast@^4.0.4
671 silly packumentCache full:https://registry.npmjs.org/@types%2fmdast cache-miss
672 silly fetch manifest @vue/compiler-core@^3.5.31
673 silly packumentCache full:https://registry.npmjs.org/@vue%2fcompiler-core cache-miss
674 silly fetch manifest debug@^4.4.3
675 silly packumentCache full:https://registry.npmjs.org/debug cache-miss
676 silly fetch manifest detab@^3.0.2
677 silly packumentCache full:https://registry.npmjs.org/detab cache-miss
678 silly fetch manifest github-slugger@^2.0.0
679 silly packumentCache full:https://registry.npmjs.org/github-slugger cache-miss
680 http fetch GET 200 https://registry.npmjs.org/rc9 61ms (cache miss)
681 silly packumentCache full:https://registry.npmjs.org/rc9 set size:undefined disposed:false
682 silly fetch manifest hast-util-format@^1.1.0
683 silly packumentCache full:https://registry.npmjs.org/hast-util-format cache-miss
684 http fetch GET 200 https://registry.npmjs.org/detab 57ms (cache miss)
685 silly packumentCache full:https://registry.npmjs.org/detab set size:undefined disposed:false
686 silly fetch manifest hast-util-to-mdast@^10.1.2
687 silly packumentCache full:https://registry.npmjs.org/hast-util-to-mdast cache-miss
688 http fetch GET 200 https://registry.npmjs.org/@types%2fmdast 83ms (cache miss)
689 silly packumentCache full:https://registry.npmjs.org/@types%2fmdast set size:undefined disposed:false
690 silly fetch manifest hast-util-to-string@^3.0.1
691 silly packumentCache full:https://registry.npmjs.org/hast-util-to-string cache-miss
692 http fetch GET 200 https://registry.npmjs.org/@shikijs%2fcore 181ms (cache miss)
693 silly packumentCache full:https://registry.npmjs.org/@shikijs%2fcore set size:undefined disposed:false
694 silly fetch manifest parse5@^8.0.0
695 silly packumentCache full:https://registry.npmjs.org/parse5 cache-miss
696 http fetch GET 200 https://registry.npmjs.org/debug 185ms (cache miss)
697 silly packumentCache full:https://registry.npmjs.org/debug set size:undefined disposed:false
698 silly fetch manifest property-information@^7.1.0
699 silly packumentCache full:https://registry.npmjs.org/property-information cache-miss
700 http fetch GET 200 https://registry.npmjs.org/@types%2fhast 193ms (cache miss)
701 silly packumentCache full:https://registry.npmjs.org/@types%2fhast set size:undefined disposed:false
702 silly fetch manifest rehype-external-links@^3.0.0
703 silly packumentCache full:https://registry.npmjs.org/rehype-external-links cache-miss
704 http fetch GET 200 https://registry.npmjs.org/github-slugger 193ms (cache miss)
705 silly packumentCache full:https://registry.npmjs.org/github-slugger set size:undefined disposed:false
706 silly fetch manifest rehype-minify-whitespace@^6.0.2
707 silly packumentCache full:https://registry.npmjs.org/rehype-minify-whitespace cache-miss
708 http fetch GET 200 https://registry.npmjs.org/@vue%2fcompiler-core 196ms (cache miss)
709 silly packumentCache full:https://registry.npmjs.org/@vue%2fcompiler-core set size:undefined disposed:false
710 silly fetch manifest rehype-raw@^7.0.0
711 silly packumentCache full:https://registry.npmjs.org/rehype-raw cache-miss
712 http fetch GET 200 https://registry.npmjs.org/@shikijs%2fthemes 211ms (cache miss)
713 silly packumentCache full:https://registry.npmjs.org/@shikijs%2fthemes set size:undefined disposed:false
714 silly fetch manifest rehype-remark@^10.0.1
715 silly packumentCache full:https://registry.npmjs.org/rehype-remark cache-miss
716 http fetch GET 200 https://registry.npmjs.org/@shikijs%2ftransformers 219ms (cache miss)
717 silly packumentCache full:https://registry.npmjs.org/@shikijs%2ftransformers set size:undefined disposed:false
718 silly fetch manifest rehype-slug@^6.0.0
719 silly packumentCache full:https://registry.npmjs.org/rehype-slug cache-miss
720 http fetch GET 200 https://registry.npmjs.org/hast-util-to-string 139ms (cache miss)
721 silly packumentCache full:https://registry.npmjs.org/hast-util-to-string set size:undefined disposed:false
722 silly fetch manifest rehype-sort-attribute-values@^5.0.1
723 silly packumentCache full:https://registry.npmjs.org/rehype-sort-attribute-values cache-miss
724 http fetch GET 200 https://registry.npmjs.org/parse5 68ms (cache miss)
725 silly packumentCache full:https://registry.npmjs.org/parse5 set size:undefined disposed:false
726 silly fetch manifest rehype-sort-attributes@^5.0.1
727 silly packumentCache full:https://registry.npmjs.org/rehype-sort-attributes cache-miss
728 http fetch GET 200 https://registry.npmjs.org/rehype-raw 79ms (cache miss)
729 silly packumentCache full:https://registry.npmjs.org/rehype-raw set size:undefined disposed:false
730 silly fetch manifest remark-emoji@^5.0.2
731 silly packumentCache full:https://registry.npmjs.org/remark-emoji cache-miss
732 http fetch GET 200 https://registry.npmjs.org/property-information 98ms (cache miss)
733 silly packumentCache full:https://registry.npmjs.org/property-information set size:undefined disposed:false
734 silly fetch manifest remark-gfm@^4.0.1
735 silly packumentCache full:https://registry.npmjs.org/remark-gfm cache-miss
736 http fetch GET 200 https://registry.npmjs.org/rehype-minify-whitespace 290ms (cache miss)
737 silly packumentCache full:https://registry.npmjs.org/rehype-minify-whitespace set size:undefined disposed:false
738 silly fetch manifest remark-parse@^11.0.0
739 silly packumentCache full:https://registry.npmjs.org/remark-parse cache-miss
740 http fetch GET 200 https://registry.npmjs.org/rehype-remark 276ms (cache miss)
741 silly packumentCache full:https://registry.npmjs.org/rehype-remark set size:undefined disposed:false
742 silly fetch manifest remark-rehype@^11.1.2
743 silly packumentCache full:https://registry.npmjs.org/remark-rehype cache-miss
744 http fetch GET 200 https://registry.npmjs.org/remark-parse 67ms (cache miss)
745 silly packumentCache full:https://registry.npmjs.org/remark-parse set size:undefined disposed:false
746 silly fetch manifest remark-stringify@^11.0.0
747 silly packumentCache full:https://registry.npmjs.org/remark-stringify cache-miss
748 http fetch GET 200 https://registry.npmjs.org/remark-rehype 83ms (cache miss)
749 silly packumentCache full:https://registry.npmjs.org/remark-rehype set size:undefined disposed:false
750 silly fetch manifest unist-builder@^4.0.0
751 silly packumentCache full:https://registry.npmjs.org/unist-builder cache-miss
752 http fetch GET 200 https://registry.npmjs.org/@shikijs%2fengine-javascript 652ms (cache miss)
753 silly packumentCache full:https://registry.npmjs.org/@shikijs%2fengine-javascript set size:undefined disposed:false
754 silly fetch manifest unwasm@^0.5.3
755 silly packumentCache full:https://registry.npmjs.org/unwasm cache-miss
756 http fetch GET 200 https://registry.npmjs.org/remark-stringify 96ms (cache miss)
757 silly packumentCache full:https://registry.npmjs.org/remark-stringify set size:undefined disposed:false
758 silly fetch manifest vfile@^6.0.3
759 silly packumentCache full:https://registry.npmjs.org/vfile cache-miss
760 http fetch GET 200 https://registry.npmjs.org/remark-gfm 372ms (cache miss)
761 silly packumentCache full:https://registry.npmjs.org/remark-gfm set size:undefined disposed:false
762 silly fetch manifest @shikijs/types@4.0.2
763 silly packumentCache full:https://registry.npmjs.org/@shikijs%2ftypes cache-miss
764 http fetch GET 200 https://registry.npmjs.org/unist-builder 94ms (cache miss)
765 silly packumentCache full:https://registry.npmjs.org/unist-builder set size:undefined disposed:false
766 silly fetch manifest confbox@^0.2.4
767 silly packumentCache full:https://registry.npmjs.org/confbox cache-miss
768 http fetch GET 200 https://registry.npmjs.org/hast-util-format 620ms (cache miss)
769 silly packumentCache full:https://registry.npmjs.org/hast-util-format set size:undefined disposed:false
770 silly fetch manifest defu@^6.1.6
771 silly packumentCache full:https://registry.npmjs.org/defu cache-miss
772 http cache https://registry.npmjs.org/defu 11ms (cache hit)
773 silly packumentCache full:https://registry.npmjs.org/defu set size:87806 disposed:false
774 silly fetch manifest dotenv@^17.3.1
775 silly packumentCache full:https://registry.npmjs.org/dotenv cache-miss
776 http fetch GET 200 https://registry.npmjs.org/hast-util-to-mdast 654ms (cache miss)
777 silly packumentCache full:https://registry.npmjs.org/hast-util-to-mdast set size:undefined disposed:false
778 silly fetch manifest giget@^3.2.0
779 silly packumentCache full:https://registry.npmjs.org/giget cache-miss
780 http fetch GET 200 https://registry.npmjs.org/vfile 62ms (cache miss)
781 silly packumentCache full:https://registry.npmjs.org/vfile set size:undefined disposed:false
782 silly fetch manifest rc9@^3.0.1
783 silly packumentCache full:https://registry.npmjs.org/rc9 cache-miss
784 http cache https://registry.npmjs.org/rc9 13ms (cache hit)
785 silly packumentCache full:https://registry.npmjs.org/rc9 set size:62610 disposed:false
786 silly fetch manifest readdirp@^5.0.0
787 silly packumentCache full:https://registry.npmjs.org/readdirp cache-miss
788 http fetch GET 200 https://registry.npmjs.org/confbox 87ms (cache miss)
789 silly packumentCache full:https://registry.npmjs.org/confbox set size:undefined disposed:false
790 silly fetch manifest git-up@^8.1.0
791 silly packumentCache full:https://registry.npmjs.org/git-up cache-miss
792 http fetch GET 200 https://registry.npmjs.org/dotenv 100ms (cache miss)
793 silly packumentCache full:https://registry.npmjs.org/dotenv set size:undefined disposed:false
794 silly fetch manifest async-lock@^1.4.1
795 silly packumentCache full:https://registry.npmjs.org/async-lock cache-miss
796 http fetch GET 200 https://registry.npmjs.org/rehype-slug 579ms (cache miss)
797 silly packumentCache full:https://registry.npmjs.org/rehype-slug set size:undefined disposed:false
798 silly fetch manifest clean-git-ref@^2.0.1
799 silly packumentCache full:https://registry.npmjs.org/clean-git-ref cache-miss
800 http fetch GET 200 https://registry.npmjs.org/rehype-sort-attributes 555ms (cache miss)
801 silly packumentCache full:https://registry.npmjs.org/rehype-sort-attributes set size:undefined disposed:false
802 silly fetch manifest crc-32@^1.2.0
803 silly packumentCache full:https://registry.npmjs.org/crc-32 cache-miss
804 http fetch GET 200 https://registry.npmjs.org/rehype-external-links 617ms (cache miss)
805 silly packumentCache full:https://registry.npmjs.org/rehype-external-links set size:undefined disposed:false
806 silly fetch manifest diff3@0.0.3
807 silly packumentCache full:https://registry.npmjs.org/diff3 cache-miss
808 http fetch GET 200 https://registry.npmjs.org/giget 99ms (cache miss)
809 silly packumentCache full:https://registry.npmjs.org/giget set size:undefined disposed:false
810 silly fetch manifest ignore@^5.1.4
811 silly packumentCache full:https://registry.npmjs.org/ignore cache-miss
812 http fetch GET 200 https://registry.npmjs.org/rehype-sort-attribute-values 605ms (cache miss)
813 silly packumentCache full:https://registry.npmjs.org/rehype-sort-attribute-values set size:undefined disposed:false
814 silly fetch manifest minimisted@^2.0.0
815 silly packumentCache full:https://registry.npmjs.org/minimisted cache-miss
816 http fetch GET 200 https://registry.npmjs.org/readdirp 95ms (cache miss)
817 silly packumentCache full:https://registry.npmjs.org/readdirp set size:undefined disposed:false
818 silly fetch manifest pako@^1.0.10
819 silly packumentCache full:https://registry.npmjs.org/pako cache-miss
820 http cache https://registry.npmjs.org/ignore 17ms (cache hit)
821 silly packumentCache full:https://registry.npmjs.org/ignore set size:237380 disposed:false
822 silly fetch manifest pify@^4.0.1
823 silly packumentCache full:https://registry.npmjs.org/pify cache-miss
824 http fetch GET 200 https://registry.npmjs.org/async-lock 82ms (cache miss)
825 silly packumentCache full:https://registry.npmjs.org/async-lock set size:undefined disposed:false
826 silly fetch manifest readable-stream@^4.0.0
827 silly packumentCache full:https://registry.npmjs.org/readable-stream cache-miss
828 http fetch GET 200 https://registry.npmjs.org/crc-32 73ms (cache miss)
829 silly packumentCache full:https://registry.npmjs.org/crc-32 set size:undefined disposed:false
830 silly fetch manifest sha.js@^2.4.12
831 silly packumentCache full:https://registry.npmjs.org/sha.js cache-miss
832 http fetch GET 200 https://registry.npmjs.org/clean-git-ref 82ms (cache miss)
833 silly packumentCache full:https://registry.npmjs.org/clean-git-ref set size:undefined disposed:false
834 silly fetch manifest simple-get@^4.0.1
835 silly packumentCache full:https://registry.npmjs.org/simple-get cache-miss
836 http fetch GET 200 https://registry.npmjs.org/diff3 80ms (cache miss)
837 silly packumentCache full:https://registry.npmjs.org/diff3 set size:undefined disposed:false
838 silly fetch manifest @apidevtools/json-schema-ref-parser@^14.1.1
839 silly packumentCache full:https://registry.npmjs.org/@apidevtools%2fjson-schema-ref-parser cache-miss
840 http fetch GET 200 https://registry.npmjs.org/pify 72ms (cache miss)
841 silly packumentCache full:https://registry.npmjs.org/pify set size:undefined disposed:false
842 silly fetch manifest @types/json-schema@^7.0.15
843 silly packumentCache full:https://registry.npmjs.org/@types%2fjson-schema cache-miss
844 http fetch GET 200 https://registry.npmjs.org/pako 84ms (cache miss)
845 silly packumentCache full:https://registry.npmjs.org/pako set size:undefined disposed:false
846 silly fetch manifest @types/hast@^3.0.0
847 silly packumentCache full:https://registry.npmjs.org/@types%2fhast cache-miss
848 http fetch GET 200 https://registry.npmjs.org/unwasm 283ms (cache miss)
849 silly packumentCache full:https://registry.npmjs.org/unwasm set size:undefined disposed:false
850 silly fetch manifest @types/mdast@^4.0.0
851 silly packumentCache full:https://registry.npmjs.org/@types%2fmdast cache-miss
852 http cache https://registry.npmjs.org/@types%2fhast 17ms (cache hit)
853 silly packumentCache full:https://registry.npmjs.org/@types%2fhast set size:32563 disposed:false
854 silly fetch manifest @ungap/structured-clone@^1.0.0
855 silly packumentCache full:https://registry.npmjs.org/@ungap%2fstructured-clone cache-miss
856 http fetch GET 200 https://registry.npmjs.org/sha.js 58ms (cache miss)
857 silly packumentCache full:https://registry.npmjs.org/sha.js set size:undefined disposed:false
858 silly fetch manifest devlop@^1.0.0
859 silly packumentCache full:https://registry.npmjs.org/devlop cache-miss
860 http cache https://registry.npmjs.org/@types%2fmdast 18ms (cache hit)
861 silly packumentCache full:https://registry.npmjs.org/@types%2fmdast set size:47479 disposed:false
862 silly fetch manifest micromark-util-sanitize-uri@^2.0.0
863 silly packumentCache full:https://registry.npmjs.org/micromark-util-sanitize-uri cache-miss
864 http fetch GET 200 https://registry.npmjs.org/readable-stream 76ms (cache miss)
865 silly packumentCache full:https://registry.npmjs.org/readable-stream set size:undefined disposed:false
866 silly fetch manifest trim-lines@^3.0.0
867 silly packumentCache full:https://registry.npmjs.org/trim-lines cache-miss
868 http cache https://registry.npmjs.org/micromark-util-sanitize-uri 25ms (cache hit)
869 silly packumentCache full:https://registry.npmjs.org/micromark-util-sanitize-uri set size:32376 disposed:false
870 silly fetch manifest unist-util-position@^5.0.0
871 silly packumentCache full:https://registry.npmjs.org/unist-util-position cache-miss
872 http fetch GET 200 https://registry.npmjs.org/simple-get 97ms (cache miss)
873 silly packumentCache full:https://registry.npmjs.org/simple-get set size:undefined disposed:false
874 silly fetch manifest unist-util-visit@^5.0.0
875 silly packumentCache full:https://registry.npmjs.org/unist-util-visit cache-miss
876 http fetch GET 200 https://registry.npmjs.org/@types%2fjson-schema 75ms (cache miss)
877 silly packumentCache full:https://registry.npmjs.org/@types%2fjson-schema set size:undefined disposed:false
878 silly fetch manifest vfile@^6.0.0
879 silly packumentCache full:https://registry.npmjs.org/vfile cache-miss
880 http fetch GET 200 https://registry.npmjs.org/devlop 59ms (cache miss)
881 silly packumentCache full:https://registry.npmjs.org/devlop set size:undefined disposed:false
882 silly fetch manifest @types/debug@^4.0.0
883 silly packumentCache full:https://registry.npmjs.org/@types%2fdebug cache-miss
884 http cache https://registry.npmjs.org/unist-util-visit 18ms (cache hit)
885 silly packumentCache full:https://registry.npmjs.org/unist-util-visit set size:90557 disposed:false
886 silly fetch manifest debug@^4.0.0
887 silly packumentCache full:https://registry.npmjs.org/debug cache-miss
888 http cache https://registry.npmjs.org/vfile 23ms (cache hit)
889 silly packumentCache full:https://registry.npmjs.org/vfile set size:172678 disposed:false
890 silly fetch manifest decode-named-character-reference@^1.0.0
891 silly packumentCache full:https://registry.npmjs.org/decode-named-character-reference cache-miss
892 http fetch GET 200 https://registry.npmjs.org/trim-lines 66ms (cache miss)
893 silly packumentCache full:https://registry.npmjs.org/trim-lines set size:undefined disposed:false
894 silly fetch manifest micromark-core-commonmark@^2.0.0
895 silly packumentCache full:https://registry.npmjs.org/micromark-core-commonmark cache-miss
896 http cache https://registry.npmjs.org/debug 26ms (cache hit)
897 silly packumentCache full:https://registry.npmjs.org/debug set size:195840 disposed:false
898 silly fetch manifest micromark-factory-space@^2.0.0
899 silly packumentCache full:https://registry.npmjs.org/micromark-factory-space cache-miss
900 http fetch GET 200 https://registry.npmjs.org/@ungap%2fstructured-clone 101ms (cache miss)
901 silly packumentCache full:https://registry.npmjs.org/@ungap%2fstructured-clone set size:undefined disposed:false
902 silly fetch manifest micromark-util-character@^2.0.0
903 silly packumentCache full:https://registry.npmjs.org/micromark-util-character cache-miss
904 http fetch GET 200 https://registry.npmjs.org/@apidevtools%2fjson-schema-ref-parser 164ms (cache miss)
905 silly packumentCache full:https://registry.npmjs.org/@apidevtools%2fjson-schema-ref-parser set size:undefined disposed:false
906 silly fetch manifest micromark-util-chunked@^2.0.0
907 silly packumentCache full:https://registry.npmjs.org/micromark-util-chunked cache-miss
908 http cache https://registry.npmjs.org/micromark-util-character 27ms (cache hit)
909 silly packumentCache full:https://registry.npmjs.org/micromark-util-character set size:41720 disposed:false
910 silly fetch manifest micromark-util-combine-extensions@^2.0.0
911 silly packumentCache full:https://registry.npmjs.org/micromark-util-combine-extensions cache-miss
912 http fetch GET 200 https://registry.npmjs.org/decode-named-character-reference 79ms (cache miss)
913 silly packumentCache full:https://registry.npmjs.org/decode-named-character-reference set size:undefined disposed:false
914 silly fetch manifest micromark-util-decode-numeric-character-reference@^2.0.0
915 silly packumentCache full:https://registry.npmjs.org/micromark-util-decode-numeric-character-reference cache-miss
916 http fetch GET 200 https://registry.npmjs.org/@types%2fdebug 98ms (cache miss)
917 silly packumentCache full:https://registry.npmjs.org/@types%2fdebug set size:undefined disposed:false
918 silly fetch manifest micromark-util-encode@^2.0.0
919 silly packumentCache full:https://registry.npmjs.org/micromark-util-encode cache-miss
920 http cache https://registry.npmjs.org/micromark-util-chunked 41ms (cache hit)
921 silly packumentCache full:https://registry.npmjs.org/micromark-util-chunked set size:28101 disposed:false
922 silly fetch manifest micromark-util-normalize-identifier@^2.0.0
923 silly packumentCache full:https://registry.npmjs.org/micromark-util-normalize-identifier cache-miss
924 http fetch GET 200 https://registry.npmjs.org/minimisted 284ms (cache miss)
925 silly packumentCache full:https://registry.npmjs.org/minimisted set size:undefined disposed:false
926 silly fetch manifest micromark-util-resolve-all@^2.0.0
927 silly packumentCache full:https://registry.npmjs.org/micromark-util-resolve-all cache-miss
928 http fetch GET 200 https://registry.npmjs.org/micromark-core-commonmark 87ms (cache miss)
929 silly packumentCache full:https://registry.npmjs.org/micromark-core-commonmark set size:undefined disposed:false
930 silly fetch manifest micromark-util-subtokenize@^2.0.0
931 silly packumentCache full:https://registry.npmjs.org/micromark-util-subtokenize cache-miss
932 http fetch GET 200 https://registry.npmjs.org/micromark-factory-space 82ms (cache miss)
933 silly packumentCache full:https://registry.npmjs.org/micromark-factory-space set size:undefined disposed:false
934 silly fetch manifest micromark-util-symbol@^2.0.0
935 silly packumentCache full:https://registry.npmjs.org/micromark-util-symbol cache-miss
936 http cache https://registry.npmjs.org/micromark-util-resolve-all 20ms (cache hit)
937 silly packumentCache full:https://registry.npmjs.org/micromark-util-resolve-all set size:27928 disposed:false
938 silly fetch manifest micromark-util-types@^2.0.0
939 silly packumentCache full:https://registry.npmjs.org/micromark-util-types cache-miss
940 http fetch GET 200 https://registry.npmjs.org/micromark-util-combine-extensions 68ms (cache miss)
941 silly packumentCache full:https://registry.npmjs.org/micromark-util-combine-extensions set size:undefined disposed:false
942 silly fetch manifest micromark-util-symbol@^2.0.0
943 silly packumentCache full:https://registry.npmjs.org/micromark-util-symbol cache-miss
944 http fetch GET 200 https://registry.npmjs.org/micromark-util-normalize-identifier 62ms (cache miss)
945 silly packumentCache full:https://registry.npmjs.org/micromark-util-normalize-identifier set size:undefined disposed:false
946 silly fetch manifest micromark-util-types@^2.0.0
947 silly packumentCache full:https://registry.npmjs.org/micromark-util-types cache-miss
948 http fetch GET 200 https://registry.npmjs.org/micromark-util-encode 69ms (cache miss)
949 silly packumentCache full:https://registry.npmjs.org/micromark-util-encode set size:undefined disposed:false
950 silly fetch manifest micromark-util-symbol@^2.0.0
951 silly packumentCache full:https://registry.npmjs.org/micromark-util-symbol cache-miss
952 http fetch GET 200 https://registry.npmjs.org/micromark-util-decode-numeric-character-reference 75ms (cache miss)
953 silly packumentCache full:https://registry.npmjs.org/micromark-util-decode-numeric-character-reference set size:undefined disposed:false
954 silly fetch manifest micromark-util-types@^2.0.0
955 silly packumentCache full:https://registry.npmjs.org/micromark-util-types cache-miss
956 http fetch GET 200 https://registry.npmjs.org/remark-emoji 913ms (cache miss)
957 silly packumentCache full:https://registry.npmjs.org/remark-emoji set size:undefined disposed:false
958 silly fetch manifest micromark-util-symbol@^2.0.0
959 silly packumentCache full:https://registry.npmjs.org/micromark-util-symbol cache-miss
960 http fetch GET 200 https://registry.npmjs.org/micromark-util-subtokenize 81ms (cache miss)
961 silly packumentCache full:https://registry.npmjs.org/micromark-util-subtokenize set size:undefined disposed:false
962 silly fetch manifest braces@^3.0.3
963 silly packumentCache full:https://registry.npmjs.org/braces cache-miss
964 http fetch GET 200 https://registry.npmjs.org/micromark-util-symbol 78ms (cache miss)
965 silly packumentCache full:https://registry.npmjs.org/micromark-util-symbol set size:undefined disposed:false
966 silly fetch manifest picomatch@^2.3.1
967 silly packumentCache full:https://registry.npmjs.org/picomatch cache-miss
968 http fetch GET 200 https://registry.npmjs.org/micromark-util-symbol 74ms (cache miss)
969 silly packumentCache full:https://registry.npmjs.org/micromark-util-symbol set size:undefined disposed:false
970 silly fetch manifest brace-expansion@^5.0.5
971 silly packumentCache full:https://registry.npmjs.org/brace-expansion cache-miss
972 http fetch GET 200 https://registry.npmjs.org/micromark-util-types 82ms (cache miss)
973 silly packumentCache full:https://registry.npmjs.org/micromark-util-types set size:undefined disposed:false
974 silly fetch manifest citty@^0.1.6
975 silly packumentCache full:https://registry.npmjs.org/citty cache-miss
976 http fetch GET 200 https://registry.npmjs.org/micromark-util-types 82ms (cache miss)
977 silly packumentCache full:https://registry.npmjs.org/micromark-util-types set size:undefined disposed:false
978 silly fetch manifest mlly@^1.8.0
979 silly packumentCache full:https://registry.npmjs.org/mlly cache-miss
980 http cache https://registry.npmjs.org/picomatch 60ms (cache hit)
981 silly packumentCache full:https://registry.npmjs.org/picomatch set size:126376 disposed:false
982 silly fetch manifest typescript@^5.9.3
983 silly packumentCache full:https://registry.npmjs.org/typescript cache-miss
984 http fetch GET 200 https://registry.npmjs.org/micromark-util-symbol 95ms (cache miss)
985 silly packumentCache full:https://registry.npmjs.org/micromark-util-symbol set size:undefined disposed:false
986 silly fetch manifest ufo@^1.6.2
987 silly packumentCache full:https://registry.npmjs.org/ufo cache-miss
988 http fetch GET 200 https://registry.npmjs.org/micromark-util-types 95ms (cache miss)
989 silly packumentCache full:https://registry.npmjs.org/micromark-util-types set size:undefined disposed:false
990 silly fetch manifest vue-component-meta@^3.2.2
991 silly packumentCache full:https://registry.npmjs.org/vue-component-meta cache-miss
992 http fetch GET 200 https://registry.npmjs.org/unist-util-position 341ms (cache miss)
993 silly packumentCache full:https://registry.npmjs.org/unist-util-position set size:undefined disposed:false
994 silly fetch manifest citty@^0.2.0
995 silly packumentCache full:https://registry.npmjs.org/citty cache-miss
996 http cache https://registry.npmjs.org/micromark-util-symbol 133ms (cache hit)
997 silly packumentCache full:https://registry.npmjs.org/micromark-util-symbol set size:29566 disposed:false
998 silly fetch manifest tinyexec@^1.0.2
999 silly packumentCache full:https://registry.npmjs.org/tinyexec cache-miss
1000 http cache https://registry.npmjs.org/mlly 93ms (cache hit)
1001 silly packumentCache full:https://registry.npmjs.org/mlly set size:209209 disposed:false
1002 silly fetch manifest confbox@^0.2.2
1003 silly packumentCache full:https://registry.npmjs.org/confbox cache-miss
1004 http fetch GET 200 https://registry.npmjs.org/braces 200ms (cache miss)
1005 silly packumentCache full:https://registry.npmjs.org/braces set size:undefined disposed:false
1006 silly fetch manifest exsolve@^1.0.7
1007 silly packumentCache full:https://registry.npmjs.org/exsolve cache-miss
1008 http fetch GET 200 https://registry.npmjs.org/citty 185ms (cache miss)
1009 silly packumentCache full:https://registry.npmjs.org/citty set size:undefined disposed:false
1010 silly fetch manifest @types/unist@^3.0.3
1011 silly packumentCache full:https://registry.npmjs.org/@types%2funist cache-miss
1012 http cache https://registry.npmjs.org/typescript 220ms (cache hit)
1013 silly packumentCache full:https://registry.npmjs.org/typescript set size:15409943 disposed:false
1014 silly fetch manifest flat@^6.0.1
1015 silly packumentCache full:https://registry.npmjs.org/flat cache-miss
1016 http cache https://registry.npmjs.org/ufo 346ms (cache hit)
1017 silly packumentCache full:https://registry.npmjs.org/ufo set size:167084 disposed:false
1018 silly fetch manifest mdast-util-from-markdown@^2.0.2
1019 silly packumentCache full:https://registry.npmjs.org/mdast-util-from-markdown cache-miss
1020 http fetch GET 200 https://registry.npmjs.org/brace-expansion 413ms (cache miss)
1021 silly packumentCache full:https://registry.npmjs.org/brace-expansion set size:undefined disposed:false
1022 silly fetch manifest mdast-util-to-markdown@^2.1.2
1023 silly packumentCache full:https://registry.npmjs.org/mdast-util-to-markdown cache-miss
1024 http fetch GET 200 https://registry.npmjs.org/@shikijs%2ftypes 987ms (cache miss)
1025 silly packumentCache full:https://registry.npmjs.org/@shikijs%2ftypes set size:undefined disposed:false
1026 silly fetch manifest micromark-core-commonmark@^2.0.3
1027 silly packumentCache full:https://registry.npmjs.org/micromark-core-commonmark cache-miss
1028 http fetch GET 200 https://registry.npmjs.org/citty 331ms (cache miss)
1029 silly packumentCache full:https://registry.npmjs.org/citty set size:undefined disposed:false
1030 silly fetch manifest micromark-factory-space@^2.0.1
1031 silly packumentCache full:https://registry.npmjs.org/micromark-factory-space cache-miss
1032 http cache https://registry.npmjs.org/confbox 299ms (cache hit)
1033 silly packumentCache full:https://registry.npmjs.org/confbox set size:44789 disposed:false
1034 silly fetch manifest micromark-factory-whitespace@^2.0.1
1035 silly packumentCache full:https://registry.npmjs.org/micromark-factory-whitespace cache-miss
1036 http fetch GET 200 https://registry.npmjs.org/tinyexec 348ms (cache miss)
1037 silly packumentCache full:https://registry.npmjs.org/tinyexec set size:undefined disposed:false
1038 silly fetch manifest micromark-util-types@^2.0.2
1039 silly packumentCache full:https://registry.npmjs.org/micromark-util-types cache-miss
1040 http cache https://registry.npmjs.org/exsolve 284ms (cache hit)
1041 silly packumentCache full:https://registry.npmjs.org/exsolve set size:56620 disposed:false
1042 silly fetch manifest parse-entities@^4.0.2
1043 silly packumentCache full:https://registry.npmjs.org/parse-entities cache-miss
1044 http cache https://registry.npmjs.org/micromark-core-commonmark 60ms (cache hit)
1045 silly packumentCache full:https://registry.npmjs.org/micromark-core-commonmark set size:55807 disposed:false
1046 silly fetch manifest stringify-entities@^4.0.4
1047 silly packumentCache full:https://registry.npmjs.org/stringify-entities cache-miss
1048 http cache https://registry.npmjs.org/micromark-factory-space 59ms (cache hit)
1049 silly packumentCache full:https://registry.npmjs.org/micromark-factory-space set size:28447 disposed:false
1050 silly fetch manifest unist-util-visit-parents@^6.0.2
1051 silly packumentCache full:https://registry.npmjs.org/unist-util-visit-parents cache-miss
1052 http fetch GET 200 https://registry.npmjs.org/@types%2funist 301ms (cache miss)
1053 silly packumentCache full:https://registry.npmjs.org/@types%2funist set size:undefined disposed:false
1054 silly fetch manifest yaml@^2.8.2
1055 silly packumentCache full:https://registry.npmjs.org/yaml cache-miss
1056 http fetch GET 200 https://registry.npmjs.org/flat 116ms (cache miss)
1057 silly packumentCache full:https://registry.npmjs.org/flat set size:undefined disposed:false
1058 silly fetch manifest @shikijs/vscode-textmate@^10.0.2
1059 silly packumentCache full:https://registry.npmjs.org/@shikijs%2fvscode-textmate cache-miss
1060 http cache https://registry.npmjs.org/micromark-util-types 48ms (cache hit)
1061 silly packumentCache full:https://registry.npmjs.org/micromark-util-types set size:32498 disposed:false
1062 silly fetch manifest @shikijs/core@4.0.2
1063 silly packumentCache full:https://registry.npmjs.org/@shikijs%2fcore cache-miss
1064 http fetch GET 200 https://registry.npmjs.org/vue-component-meta 464ms (cache miss)
1065 silly packumentCache full:https://registry.npmjs.org/vue-component-meta set size:undefined disposed:false
1066 silly fetch manifest @shikijs/themes@4.0.2
1067 silly packumentCache full:https://registry.npmjs.org/@shikijs%2fthemes cache-miss
1068 http fetch GET 200 https://registry.npmjs.org/mdast-util-to-markdown 114ms (cache miss)
1069 silly packumentCache full:https://registry.npmjs.org/mdast-util-to-markdown set size:undefined disposed:false
1070 silly fetch manifest @shikijs/engine-oniguruma@4.0.2
1071 silly packumentCache full:https://registry.npmjs.org/@shikijs%2fengine-oniguruma cache-miss
1072 http fetch GET 200 https://registry.npmjs.org/mdast-util-from-markdown 142ms (cache miss)
1073 silly packumentCache full:https://registry.npmjs.org/mdast-util-from-markdown set size:undefined disposed:false
1074 silly fetch manifest @shikijs/engine-javascript@4.0.2
1075 silly packumentCache full:https://registry.npmjs.org/@shikijs%2fengine-javascript cache-miss
1076 http fetch GET 200 https://registry.npmjs.org/micromark-factory-whitespace 98ms (cache miss)
1077 silly packumentCache full:https://registry.npmjs.org/micromark-factory-whitespace set size:undefined disposed:false
1078 silly fetch manifest @socket.io/component-emitter@~3.1.0
1079 silly packumentCache full:https://registry.npmjs.org/@socket.io%2fcomponent-emitter cache-miss
1080 http cache https://registry.npmjs.org/@shikijs%2fcore 38ms (cache hit)
1081 silly packumentCache full:https://registry.npmjs.org/@shikijs%2fcore set size:345792 disposed:false
1082 silly fetch manifest debug@~4.4.1
1083 silly packumentCache full:https://registry.npmjs.org/debug cache-hit
1084 silly fetch manifest engine.io-client@~6.6.1
1085 silly packumentCache full:https://registry.npmjs.org/engine.io-client cache-miss
1086 http cache https://registry.npmjs.org/@shikijs%2fthemes 43ms (cache hit)
1087 silly packumentCache full:https://registry.npmjs.org/@shikijs%2fthemes set size:300085 disposed:false
1088 silly fetch manifest socket.io-parser@~4.2.4
1089 silly packumentCache full:https://registry.npmjs.org/socket.io-parser cache-miss
1090 http fetch GET 200 https://registry.npmjs.org/git-up 1033ms (cache miss)
1091 silly packumentCache full:https://registry.npmjs.org/git-up set size:undefined disposed:false
1092 silly fetch manifest fdir@^6.5.0
1093 silly packumentCache full:https://registry.npmjs.org/fdir cache-miss
1094 http fetch GET 200 https://registry.npmjs.org/parse-entities 110ms (cache miss)
1095 silly packumentCache full:https://registry.npmjs.org/parse-entities set size:undefined disposed:false
1096 silly fetch manifest picomatch@^4.0.4
1097 silly packumentCache full:https://registry.npmjs.org/picomatch cache-hit
1098 silly fetch manifest acorn@^8.15.0
1099 silly packumentCache full:https://registry.npmjs.org/acorn cache-miss
1100 http cache https://registry.npmjs.org/@shikijs%2fengine-javascript 43ms (cache hit)
1101 silly packumentCache full:https://registry.npmjs.org/@shikijs%2fengine-javascript set size:195591 disposed:false
1102 silly fetch manifest estree-walker@^3.0.3
1103 silly packumentCache full:https://registry.npmjs.org/estree-walker cache-miss
1104 http fetch GET 200 https://registry.npmjs.org/stringify-entities 121ms (cache miss)
1105 silly packumentCache full:https://registry.npmjs.org/stringify-entities set size:undefined disposed:false
1106 silly fetch manifest unplugin@^2.3.11
1107 silly packumentCache full:https://registry.npmjs.org/unplugin cache-miss
1108 http fetch GET 200 https://registry.npmjs.org/unist-util-visit-parents 122ms (cache miss)
1109 silly packumentCache full:https://registry.npmjs.org/unist-util-visit-parents set size:undefined disposed:false
1110 silly fetch manifest @types/unist@^3.0.0
1111 silly packumentCache full:https://registry.npmjs.org/@types%2funist cache-miss
1112 http fetch GET 200 https://registry.npmjs.org/yaml 126ms (cache miss)
1113 silly packumentCache full:https://registry.npmjs.org/yaml set size:undefined disposed:false
1114 silly fetch manifest bail@^2.0.0
1115 silly packumentCache full:https://registry.npmjs.org/bail cache-miss
1116 http cache https://registry.npmjs.org/@types%2funist 23ms (cache hit)
1117 silly packumentCache full:https://registry.npmjs.org/@types%2funist set size:39215 disposed:false
1118 silly fetch manifest extend@^3.0.0
1119 silly packumentCache full:https://registry.npmjs.org/extend cache-miss
1120 http cache https://registry.npmjs.org/unplugin 31ms (cache hit)
1121 silly packumentCache full:https://registry.npmjs.org/unplugin set size:405379 disposed:false
1122 silly fetch manifest is-plain-obj@^4.0.0
1123 silly packumentCache full:https://registry.npmjs.org/is-plain-obj cache-miss
1124 http fetch GET 200 https://registry.npmjs.org/@shikijs%2fengine-oniguruma 132ms (cache miss)
1125 silly packumentCache full:https://registry.npmjs.org/@shikijs%2fengine-oniguruma set size:undefined disposed:false
1126 silly fetch manifest trough@^2.0.0
1127 silly packumentCache full:https://registry.npmjs.org/trough cache-miss
1128 http fetch GET 200 https://registry.npmjs.org/engine.io-client 124ms (cache miss)
1129 silly packumentCache full:https://registry.npmjs.org/engine.io-client set size:undefined disposed:false
1130 silly fetch manifest unist-util-is@^6.0.0
1131 silly packumentCache full:https://registry.npmjs.org/unist-util-is cache-miss
1132 http fetch GET 200 https://registry.npmjs.org/@socket.io%2fcomponent-emitter 184ms (cache miss)
1133 silly packumentCache full:https://registry.npmjs.org/@socket.io%2fcomponent-emitter set size:undefined disposed:false
1134 silly fetch manifest unist-util-visit-parents@^6.0.0
1135 silly packumentCache full:https://registry.npmjs.org/unist-util-visit-parents cache-miss
1136 http fetch GET 200 https://registry.npmjs.org/socket.io-parser 173ms (cache miss)
1137 silly packumentCache full:https://registry.npmjs.org/socket.io-parser set size:undefined disposed:false
1138 silly fetch manifest @jridgewell/remapping@^2.3.5
1139 silly packumentCache full:https://registry.npmjs.org/@jridgewell%2fremapping cache-miss
1140 http cache https://registry.npmjs.org/unist-util-visit-parents 17ms (cache hit)
1141 silly packumentCache full:https://registry.npmjs.org/unist-util-visit-parents set size:103476 disposed:false
1142 silly fetch manifest webpack-virtual-modules@^0.6.2
1143 silly packumentCache full:https://registry.npmjs.org/webpack-virtual-modules cache-miss
1144 http fetch GET 200 https://registry.npmjs.org/estree-walker 174ms (cache miss)
1145 silly packumentCache full:https://registry.npmjs.org/estree-walker set size:undefined disposed:false
1146 http fetch GET 200 https://registry.npmjs.org/extend 121ms (cache miss)
1147 silly packumentCache full:https://registry.npmjs.org/extend set size:undefined disposed:false
1148 http fetch GET 200 https://registry.npmjs.org/bail 135ms (cache miss)
1149 silly packumentCache full:https://registry.npmjs.org/bail set size:undefined disposed:false
1150 http fetch GET 200 https://registry.npmjs.org/acorn 188ms (cache miss)
1151 silly packumentCache full:https://registry.npmjs.org/acorn set size:undefined disposed:false
1152 http fetch GET 200 https://registry.npmjs.org/is-plain-obj 131ms (cache miss)
1153 silly packumentCache full:https://registry.npmjs.org/is-plain-obj set size:undefined disposed:false
1154 http fetch GET 200 https://registry.npmjs.org/fdir 218ms (cache miss)
1155 silly packumentCache full:https://registry.npmjs.org/fdir set size:undefined disposed:false
1156 http fetch GET 200 https://registry.npmjs.org/trough 130ms (cache miss)
1157 silly packumentCache full:https://registry.npmjs.org/trough set size:undefined disposed:false
1158 http fetch GET 200 https://registry.npmjs.org/unist-util-is 106ms (cache miss)
1159 silly packumentCache full:https://registry.npmjs.org/unist-util-is set size:undefined disposed:false
1160 http fetch GET 200 https://registry.npmjs.org/@jridgewell%2fremapping 65ms (cache miss)
1161 silly packumentCache full:https://registry.npmjs.org/@jridgewell%2fremapping set size:undefined disposed:false
1162 http fetch GET 200 https://registry.npmjs.org/@shikijs%2fvscode-textmate 609ms (cache miss)
1163 silly packumentCache full:https://registry.npmjs.org/@shikijs%2fvscode-textmate set size:undefined disposed:false
1164 http fetch GET 200 https://registry.npmjs.org/webpack-virtual-modules 395ms (cache miss)
1165 silly packumentCache full:https://registry.npmjs.org/webpack-virtual-modules set size:undefined disposed:false
1166 silly placeDep ROOT errx@0.1.0 OK for: @nuxt/kit@4.4.2 want: ^0.1.0
1167 silly placeDep ROOT exsolve@1.0.8 OK for: @nuxt/kit@4.4.2 want: ^1.0.8
1168 silly placeDep ROOT ignore@7.0.5 OK for: @nuxt/kit@4.4.2 want: ^7.0.5
1169 silly placeDep ROOT klona@2.0.6 OK for: @nuxt/kit@4.4.2 want: ^2.0.6
1170 silly placeDep ROOT mlly@1.8.2 OK for: @nuxt/kit@4.4.2 want: ^1.8.1
1171 silly placeDep ROOT rc9@3.0.1 OK for: @nuxt/kit@4.4.2 want: ^3.0.0
1172 silly placeDep ROOT semver@7.7.4 OK for: @nuxt/kit@4.4.2 want: ^7.7.4
1173 silly placeDep ROOT untyped@2.0.0 OK for: @nuxt/kit@4.4.2 want: ^2.0.0
1174 silly fetch manifest acorn@^8.16.0
1175 silly packumentCache full:https://registry.npmjs.org/acorn cache-miss
1176 silly fetch manifest pkg-types@^1.3.1
1177 silly packumentCache full:https://registry.npmjs.org/pkg-types cache-miss
1178 silly fetch manifest knitwork@^1.2.0
1179 silly packumentCache full:https://registry.npmjs.org/knitwork cache-miss
1180 http cache https://registry.npmjs.org/pkg-types 17ms (cache hit)
1181 silly packumentCache full:https://registry.npmjs.org/pkg-types set size:85931 disposed:false
1182 http cache https://registry.npmjs.org/knitwork 19ms (cache hit)
1183 silly packumentCache full:https://registry.npmjs.org/knitwork set size:35116 disposed:false
1184 http cache https://registry.npmjs.org/acorn 23ms (cache hit)
1185 silly packumentCache full:https://registry.npmjs.org/acorn set size:379626 disposed:false
1186 silly placeDep ROOT @shikijs/core@4.0.2 OK for: @nuxtjs/mdc@0.21.1 want: ^4.0.2
1187 silly placeDep ROOT @shikijs/engine-javascript@4.0.2 OK for: @nuxtjs/mdc@0.21.1 want: ^4.0.2
1188 silly placeDep ROOT @shikijs/themes@4.0.2 OK for: @nuxtjs/mdc@0.21.1 want: ^4.0.2
1189 silly placeDep ROOT @shikijs/transformers@4.0.2 OK for: @nuxtjs/mdc@0.21.1 want: ^4.0.2
1190 silly placeDep ROOT @types/hast@3.0.4 OK for: @nuxtjs/mdc@0.21.1 want: ^3.0.4
1191 silly placeDep ROOT @types/mdast@4.0.4 OK for: @nuxtjs/mdc@0.21.1 want: ^4.0.4
1192 silly placeDep ROOT @vue/compiler-core@3.5.33 OK for: @nuxtjs/mdc@0.21.1 want: ^3.5.31
1193 silly placeDep ROOT debug@4.4.3 OK for: @nuxtjs/mdc@0.21.1 want: ^4.4.3
1194 silly placeDep ROOT detab@3.0.2 OK for: @nuxtjs/mdc@0.21.1 want: ^3.0.2
1195 silly placeDep ROOT github-slugger@2.0.0 OK for: @nuxtjs/mdc@0.21.1 want: ^2.0.0
1196 silly placeDep ROOT hast-util-format@1.1.0 OK for: @nuxtjs/mdc@0.21.1 want: ^1.1.0
1197 silly placeDep ROOT hast-util-to-mdast@10.1.2 OK for: @nuxtjs/mdc@0.21.1 want: ^10.1.2
1198 silly placeDep ROOT hast-util-to-string@3.0.1 OK for: @nuxtjs/mdc@0.21.1 want: ^3.0.1
1199 silly placeDep ROOT parse5@8.0.1 OK for: @nuxtjs/mdc@0.21.1 want: ^8.0.0
1200 silly placeDep ROOT property-information@7.1.0 OK for: @nuxtjs/mdc@0.21.1 want: ^7.1.0
1201 silly placeDep ROOT rehype-external-links@3.0.0 OK for: @nuxtjs/mdc@0.21.1 want: ^3.0.0
1202 silly placeDep ROOT rehype-minify-whitespace@6.0.2 OK for: @nuxtjs/mdc@0.21.1 want: ^6.0.2
1203 silly placeDep ROOT rehype-raw@7.0.0 OK for: @nuxtjs/mdc@0.21.1 want: ^7.0.0
1204 silly placeDep ROOT rehype-remark@10.0.1 OK for: @nuxtjs/mdc@0.21.1 want: ^10.0.1
1205 silly placeDep ROOT rehype-slug@6.0.0 OK for: @nuxtjs/mdc@0.21.1 want: ^6.0.0
1206 silly placeDep ROOT rehype-sort-attribute-values@5.0.1 OK for: @nuxtjs/mdc@0.21.1 want: ^5.0.1
1207 silly placeDep ROOT rehype-sort-attributes@5.0.1 OK for: @nuxtjs/mdc@0.21.1 want: ^5.0.1
1208 silly placeDep ROOT remark-emoji@5.0.2 OK for: @nuxtjs/mdc@0.21.1 want: ^5.0.2
1209 silly placeDep ROOT remark-gfm@4.0.1 OK for: @nuxtjs/mdc@0.21.1 want: ^4.0.1
1210 silly placeDep ROOT remark-parse@11.0.0 OK for: @nuxtjs/mdc@0.21.1 want: ^11.0.0
1211 silly placeDep ROOT remark-rehype@11.1.2 OK for: @nuxtjs/mdc@0.21.1 want: ^11.1.2
1212 silly placeDep ROOT remark-stringify@11.0.0 OK for: @nuxtjs/mdc@0.21.1 want: ^11.0.0
1213 silly placeDep ROOT unist-builder@4.0.0 OK for: @nuxtjs/mdc@0.21.1 want: ^4.0.0
1214 silly placeDep ROOT unwasm@0.5.3 OK for: @nuxtjs/mdc@0.21.1 want: ^0.5.3
1215 silly placeDep ROOT vfile@6.0.3 OK for: @nuxtjs/mdc@0.21.1 want: ^6.0.3
1216 silly fetch manifest hast-util-to-html@^9.0.5
1217 silly packumentCache full:https://registry.npmjs.org/hast-util-to-html cache-miss
1218 silly fetch manifest @shikijs/primitive@4.0.2
1219 silly packumentCache full:https://registry.npmjs.org/@shikijs%2fprimitive cache-miss
1220 silly fetch manifest oniguruma-to-es@^4.3.4
1221 silly packumentCache full:https://registry.npmjs.org/oniguruma-to-es cache-miss
1222 silly fetch manifest @types/unist@*
1223 silly packumentCache full:https://registry.npmjs.org/@types%2funist cache-hit
1224 silly fetch manifest @types/unist@*
1225 silly packumentCache full:https://registry.npmjs.org/@types%2funist cache-hit
1226 silly fetch manifest @babel/parser@^7.29.2
1227 silly packumentCache full:https://registry.npmjs.org/@babel%2fparser cache-miss
1228 silly fetch manifest entities@^7.0.1
1229 silly packumentCache full:https://registry.npmjs.org/entities cache-miss
1230 silly fetch manifest estree-walker@^2.0.2
1231 silly packumentCache full:https://registry.npmjs.org/estree-walker cache-miss
1232 silly fetch manifest source-map-js@^1.2.1
1233 silly packumentCache full:https://registry.npmjs.org/source-map-js cache-miss
1234 silly fetch manifest ms@^2.1.3
1235 silly packumentCache full:https://registry.npmjs.org/ms cache-miss
1236 silly fetch manifest hast-util-embedded@^3.0.0
1237 silly packumentCache full:https://registry.npmjs.org/hast-util-embedded cache-miss
1238 silly fetch manifest hast-util-phrasing@^3.0.0
1239 silly packumentCache full:https://registry.npmjs.org/hast-util-phrasing cache-miss
1240 silly fetch manifest hast-util-whitespace@^3.0.0
1241 silly packumentCache full:https://registry.npmjs.org/hast-util-whitespace cache-miss
1242 http cache https://registry.npmjs.org/estree-walker 22ms (cache hit)
1243 silly packumentCache full:https://registry.npmjs.org/estree-walker set size:60887 disposed:false
1244 silly fetch manifest hast-util-minify-whitespace@^1.0.0
1245 silly packumentCache full:https://registry.npmjs.org/hast-util-minify-whitespace cache-miss
1246 http fetch GET 200 https://registry.npmjs.org/hast-util-whitespace 128ms (cache miss)
1247 silly packumentCache full:https://registry.npmjs.org/hast-util-whitespace set size:undefined disposed:false
1248 silly fetch manifest html-whitespace-sensitive-tag-names@^3.0.0
1249 silly packumentCache full:https://registry.npmjs.org/html-whitespace-sensitive-tag-names cache-miss
1250 http fetch GET 200 https://registry.npmjs.org/ms 136ms (cache miss)
1251 silly packumentCache full:https://registry.npmjs.org/ms set size:undefined disposed:false
1252 silly fetch manifest hast-util-phrasing@^3.0.0
1253 silly packumentCache full:https://registry.npmjs.org/hast-util-phrasing cache-miss
1254 http fetch GET 200 https://registry.npmjs.org/source-map-js 188ms (cache miss)
1255 silly packumentCache full:https://registry.npmjs.org/source-map-js set size:undefined disposed:false
1256 silly fetch manifest hast-util-to-html@^9.0.0
1257 silly packumentCache full:https://registry.npmjs.org/hast-util-to-html cache-miss
1258 http fetch GET 200 https://registry.npmjs.org/oniguruma-to-es 196ms (cache miss)
1259 silly packumentCache full:https://registry.npmjs.org/oniguruma-to-es set size:undefined disposed:false
1260 silly fetch manifest hast-util-to-text@^4.0.0
1261 silly packumentCache full:https://registry.npmjs.org/hast-util-to-text cache-miss
1262 http fetch GET 200 https://registry.npmjs.org/hast-util-to-html 202ms (cache miss)
1263 silly packumentCache full:https://registry.npmjs.org/hast-util-to-html set size:undefined disposed:false
1264 silly fetch manifest mdast-util-phrasing@^4.0.0
1265 silly packumentCache full:https://registry.npmjs.org/mdast-util-phrasing cache-miss
1266 http fetch GET 200 https://registry.npmjs.org/@babel%2fparser 259ms (cache miss)
1267 silly packumentCache full:https://registry.npmjs.org/@babel%2fparser set size:undefined disposed:false
1268 silly fetch manifest rehype-minify-whitespace@^6.0.0
1269 silly packumentCache full:https://registry.npmjs.org/rehype-minify-whitespace cache-miss
1270 http fetch GET 200 https://registry.npmjs.org/hast-util-phrasing 149ms (cache miss)
1271 silly packumentCache full:https://registry.npmjs.org/hast-util-phrasing set size:undefined disposed:false
1272 silly fetch manifest trim-trailing-lines@^2.0.0
1273 silly packumentCache full:https://registry.npmjs.org/trim-trailing-lines cache-miss
1274 http cache https://registry.npmjs.org/rehype-minify-whitespace 27ms (cache hit)
1275 silly packumentCache full:https://registry.npmjs.org/rehype-minify-whitespace set size:52213 disposed:false
1276 silly fetch manifest entities@^8.0.0
1277 silly packumentCache full:https://registry.npmjs.org/entities cache-miss
1278 http fetch GET 200 https://registry.npmjs.org/@shikijs%2fprimitive 305ms (cache miss)
1279 silly packumentCache full:https://registry.npmjs.org/@shikijs%2fprimitive set size:undefined disposed:false
1280 silly fetch manifest hast-util-is-element@^3.0.0
1281 silly packumentCache full:https://registry.npmjs.org/hast-util-is-element cache-miss
1282 http fetch GET 200 https://registry.npmjs.org/entities 305ms (cache miss)
1283 silly packumentCache full:https://registry.npmjs.org/entities set size:undefined disposed:false
1284 silly fetch manifest is-absolute-url@^4.0.0
1285 silly packumentCache full:https://registry.npmjs.org/is-absolute-url cache-miss
1286 http fetch GET 200 https://registry.npmjs.org/hast-util-phrasing 306ms (cache miss)
1287 silly packumentCache full:https://registry.npmjs.org/hast-util-phrasing set size:undefined disposed:false
1288 silly fetch manifest space-separated-tokens@^2.0.0
1289 silly packumentCache full:https://registry.npmjs.org/space-separated-tokens cache-miss
1290 http fetch GET 200 https://registry.npmjs.org/hast-util-to-html 127ms (cache miss)
1291 silly packumentCache full:https://registry.npmjs.org/hast-util-to-html set size:undefined disposed:false
1292 silly fetch manifest hast-util-minify-whitespace@^1.0.0
1293 silly packumentCache full:https://registry.npmjs.org/hast-util-minify-whitespace cache-miss
1294 http fetch GET 200 https://registry.npmjs.org/hast-util-minify-whitespace 296ms (cache miss)
1295 silly packumentCache full:https://registry.npmjs.org/hast-util-minify-whitespace set size:undefined disposed:false
1296 silly fetch manifest hast-util-raw@^9.0.0
1297 silly packumentCache full:https://registry.npmjs.org/hast-util-raw cache-miss
1298 http fetch GET 200 https://registry.npmjs.org/mdast-util-phrasing 123ms (cache miss)
1299 silly packumentCache full:https://registry.npmjs.org/mdast-util-phrasing set size:undefined disposed:false
1300 silly fetch manifest hast-util-heading-rank@^3.0.0
1301 silly packumentCache full:https://registry.npmjs.org/hast-util-heading-rank cache-miss
1302 http cache https://registry.npmjs.org/hast-util-minify-whitespace 13ms (cache hit)
1303 silly packumentCache full:https://registry.npmjs.org/hast-util-minify-whitespace set size:10762 disposed:false
1304 silly fetch manifest hast-util-is-element@^3.0.0
1305 silly packumentCache full:https://registry.npmjs.org/hast-util-is-element cache-miss
1306 http fetch GET 200 https://registry.npmjs.org/entities 64ms (cache miss)
1307 silly packumentCache full:https://registry.npmjs.org/entities set size:undefined disposed:false
1308 silly fetch manifest emoticon@^4.0.1
1309 silly packumentCache full:https://registry.npmjs.org/emoticon cache-miss
1310 http fetch GET 200 https://registry.npmjs.org/trim-trailing-lines 73ms (cache miss)
1311 silly packumentCache full:https://registry.npmjs.org/trim-trailing-lines set size:undefined disposed:false
1312 silly fetch manifest mdast-util-find-and-replace@^3.0.1
1313 silly packumentCache full:https://registry.npmjs.org/mdast-util-find-and-replace cache-miss
1314 http fetch GET 200 https://registry.npmjs.org/hast-util-is-element 246ms (cache miss)
1315 silly packumentCache full:https://registry.npmjs.org/hast-util-is-element set size:undefined disposed:false
1316 silly fetch manifest node-emoji@^2.1.3
1317 silly packumentCache full:https://registry.npmjs.org/node-emoji cache-miss
1318 http fetch GET 200 https://registry.npmjs.org/space-separated-tokens 284ms (cache miss)
1319 silly packumentCache full:https://registry.npmjs.org/space-separated-tokens set size:undefined disposed:false
1320 silly fetch manifest mdast-util-gfm@^3.0.0
1321 silly packumentCache full:https://registry.npmjs.org/mdast-util-gfm cache-miss
1322 http fetch GET 200 https://registry.npmjs.org/node-emoji 74ms (cache miss)
1323 silly packumentCache full:https://registry.npmjs.org/node-emoji set size:undefined disposed:false
1324 silly fetch manifest micromark-extension-gfm@^3.0.0
1325 silly packumentCache full:https://registry.npmjs.org/micromark-extension-gfm cache-miss
1326 http fetch GET 200 https://registry.npmjs.org/hast-util-embedded 633ms (cache miss)
1327 silly packumentCache full:https://registry.npmjs.org/hast-util-embedded set size:undefined disposed:false
1328 silly fetch manifest mdast-util-from-markdown@^2.0.0
1329 silly packumentCache full:https://registry.npmjs.org/mdast-util-from-markdown cache-miss
1330 http cache https://registry.npmjs.org/mdast-util-from-markdown 11ms (cache hit)
1331 silly packumentCache full:https://registry.npmjs.org/mdast-util-from-markdown set size:149296 disposed:false
1332 silly fetch manifest mdast-util-to-markdown@^2.0.0
1333 silly packumentCache full:https://registry.npmjs.org/mdast-util-to-markdown cache-miss
1334 http cache https://registry.npmjs.org/mdast-util-to-markdown 10ms (cache hit)
1335 silly packumentCache full:https://registry.npmjs.org/mdast-util-to-markdown set size:179199 disposed:false
1336 silly fetch manifest vfile-message@^4.0.0
1337 silly packumentCache full:https://registry.npmjs.org/vfile-message cache-miss
1338 http fetch GET 200 https://registry.npmjs.org/hast-util-heading-rank 342ms (cache miss)
1339 silly packumentCache full:https://registry.npmjs.org/hast-util-heading-rank set size:undefined disposed:false
1340 http fetch GET 200 https://registry.npmjs.org/hast-util-is-element 392ms (cache miss)
1341 silly packumentCache full:https://registry.npmjs.org/hast-util-is-element set size:undefined disposed:false
1342 http fetch GET 200 https://registry.npmjs.org/micromark-extension-gfm 103ms (cache miss)
1343 silly packumentCache full:https://registry.npmjs.org/micromark-extension-gfm set size:undefined disposed:false
1344 http fetch GET 200 https://registry.npmjs.org/emoticon 370ms (cache miss)
1345 silly packumentCache full:https://registry.npmjs.org/emoticon set size:undefined disposed:false
1346 http fetch GET 200 https://registry.npmjs.org/mdast-util-find-and-replace 380ms (cache miss)
1347 silly packumentCache full:https://registry.npmjs.org/mdast-util-find-and-replace set size:undefined disposed:false
1348 http fetch GET 200 https://registry.npmjs.org/vfile-message 96ms (cache miss)
1349 silly packumentCache full:https://registry.npmjs.org/vfile-message set size:undefined disposed:false
1350 http fetch GET 200 https://registry.npmjs.org/hast-util-to-text 585ms (cache miss)
1351 silly packumentCache full:https://registry.npmjs.org/hast-util-to-text set size:undefined disposed:false
1352 http fetch GET 200 https://registry.npmjs.org/html-whitespace-sensitive-tag-names 674ms (cache miss)
1353 silly packumentCache full:https://registry.npmjs.org/html-whitespace-sensitive-tag-names set size:undefined disposed:false
1354 http fetch GET 200 https://registry.npmjs.org/is-absolute-url 536ms (cache miss)
1355 silly packumentCache full:https://registry.npmjs.org/is-absolute-url set size:undefined disposed:false
1356 http fetch GET 200 https://registry.npmjs.org/mdast-util-gfm 251ms (cache miss)
1357 silly packumentCache full:https://registry.npmjs.org/mdast-util-gfm set size:undefined disposed:false
1358 http fetch GET 200 https://registry.npmjs.org/hast-util-raw 681ms (cache miss)
1359 silly packumentCache full:https://registry.npmjs.org/hast-util-raw set size:undefined disposed:false
1360 silly placeDep ROOT @shikijs/primitive@4.0.2 OK for: @shikijs/core@4.0.2 want: 4.0.2
1361 silly placeDep ROOT @shikijs/types@4.0.2 OK for: @shikijs/core@4.0.2 want: 4.0.2
1362 silly placeDep ROOT @shikijs/vscode-textmate@10.0.2 OK for: @shikijs/core@4.0.2 want: ^10.0.2
1363 silly placeDep ROOT hast-util-to-html@9.0.5 OK for: @shikijs/core@4.0.2 want: ^9.0.5
1364 silly fetch manifest ccount@^2.0.0
1365 silly packumentCache full:https://registry.npmjs.org/ccount cache-miss
1366 silly fetch manifest comma-separated-tokens@^2.0.0
1367 silly packumentCache full:https://registry.npmjs.org/comma-separated-tokens cache-miss
1368 silly fetch manifest html-void-elements@^3.0.0
1369 silly packumentCache full:https://registry.npmjs.org/html-void-elements cache-miss
1370 silly fetch manifest stringify-entities@^4.0.0
1371 silly packumentCache full:https://registry.npmjs.org/stringify-entities cache-miss
1372 silly fetch manifest zwitch@^2.0.4
1373 silly packumentCache full:https://registry.npmjs.org/zwitch cache-miss
1374 http cache https://registry.npmjs.org/stringify-entities 15ms (cache hit)
1375 silly packumentCache full:https://registry.npmjs.org/stringify-entities set size:61449 disposed:false
1376 http fetch GET 200 https://registry.npmjs.org/zwitch 65ms (cache miss)
1377 silly packumentCache full:https://registry.npmjs.org/zwitch set size:undefined disposed:false
1378 http fetch GET 200 https://registry.npmjs.org/html-void-elements 90ms (cache miss)
1379 silly packumentCache full:https://registry.npmjs.org/html-void-elements set size:undefined disposed:false
1380 http fetch GET 200 https://registry.npmjs.org/ccount 169ms (cache miss)
1381 silly packumentCache full:https://registry.npmjs.org/ccount set size:undefined disposed:false
1382 http fetch GET 200 https://registry.npmjs.org/comma-separated-tokens 246ms (cache miss)
1383 silly packumentCache full:https://registry.npmjs.org/comma-separated-tokens set size:undefined disposed:false
1384 silly placeDep ROOT oniguruma-to-es@4.3.6 OK for: @shikijs/engine-javascript@4.0.2 want: ^4.3.4
1385 silly fetch manifest oniguruma-parser@^0.12.2
1386 silly packumentCache full:https://registry.npmjs.org/oniguruma-parser cache-miss
1387 silly fetch manifest regex@^6.1.0
1388 silly packumentCache full:https://registry.npmjs.org/regex cache-miss
1389 silly fetch manifest regex-recursion@^6.0.2
1390 silly packumentCache full:https://registry.npmjs.org/regex-recursion cache-miss
1391 http fetch GET 200 https://registry.npmjs.org/oniguruma-parser 48ms (cache miss)
1392 silly packumentCache full:https://registry.npmjs.org/oniguruma-parser set size:undefined disposed:false
1393 http fetch GET 200 https://registry.npmjs.org/regex 297ms (cache miss)
1394 silly packumentCache full:https://registry.npmjs.org/regex set size:undefined disposed:false
1395 http fetch GET 200 https://registry.npmjs.org/regex-recursion 331ms (cache miss)
1396 silly packumentCache full:https://registry.npmjs.org/regex-recursion set size:undefined disposed:false
1397 silly placeDep ROOT @types/unist@3.0.3 OK for: @types/hast@3.0.4 want: *
1398 silly placeDep ROOT @babel/parser@7.29.2 OK for: @vue/compiler-core@3.5.33 want: ^7.29.2
1399 silly placeDep ROOT @vue/shared@3.5.33 OK for: @vue/compiler-core@3.5.33 want: 3.5.33
1400 silly placeDep ROOT entities@7.0.1 OK for: @vue/compiler-core@3.5.33 want: ^7.0.1
1401 silly placeDep ROOT estree-walker@2.0.2 OK for: @vue/compiler-core@3.5.33 want: ^2.0.2
1402 silly placeDep ROOT source-map-js@1.2.1 OK for: @vue/compiler-core@3.5.33 want: ^1.2.1
1403 silly fetch manifest @babel/types@^7.29.0
1404 silly packumentCache full:https://registry.npmjs.org/@babel%2ftypes cache-miss
1405 http fetch GET 200 https://registry.npmjs.org/@babel%2ftypes 235ms (cache miss)
1406 silly packumentCache full:https://registry.npmjs.org/@babel%2ftypes set size:undefined disposed:false
1407 silly placeDep ROOT @babel/types@7.29.0 OK for: @babel/parser@7.29.2 want: ^7.29.0
1408 silly fetch manifest @babel/helper-string-parser@^7.27.1
1409 silly packumentCache full:https://registry.npmjs.org/@babel%2fhelper-string-parser cache-miss
1410 silly fetch manifest @babel/helper-validator-identifier@^7.28.5
1411 silly packumentCache full:https://registry.npmjs.org/@babel%2fhelper-validator-identifier cache-miss
1412 http fetch GET 200 https://registry.npmjs.org/@babel%2fhelper-string-parser 64ms (cache miss)
1413 silly packumentCache full:https://registry.npmjs.org/@babel%2fhelper-string-parser set size:undefined disposed:false
1414 http fetch GET 200 https://registry.npmjs.org/@babel%2fhelper-validator-identifier 76ms (cache miss)
1415 silly packumentCache full:https://registry.npmjs.org/@babel%2fhelper-validator-identifier set size:undefined disposed:false
1416 silly placeDep ROOT @babel/helper-string-parser@7.27.1 OK for: @babel/types@7.29.0 want: ^7.27.1
1417 silly placeDep ROOT @babel/helper-validator-identifier@7.28.5 OK for: @babel/types@7.29.0 want: ^7.28.5
1418 silly placeDep ROOT confbox@0.2.4 OK for: c12@3.3.4 want: ^0.2.4
1419 silly placeDep ROOT dotenv@17.4.2 OK for: c12@3.3.4 want: ^17.3.1
1420 silly placeDep ROOT giget@3.2.0 OK for: c12@3.3.4 want: ^3.2.0
1421 silly placeDep ROOT perfect-debounce@2.1.0 OK for: c12@3.3.4 want: ^2.1.0
1422 silly placeDep ROOT readdirp@5.0.0 OK for: chokidar@5.0.0 want: ^5.0.0
1423 silly placeDep ROOT ms@2.1.3 OK for: debug@4.4.3 want: ^2.1.3
1424 silly placeDep ROOT git-up@8.1.1 OK for: git-url-parse@16.1.0 want: ^8.1.0
1425 silly fetch manifest is-ssh@^1.4.0
1426 silly packumentCache full:https://registry.npmjs.org/is-ssh cache-miss
1427 silly fetch manifest parse-url@^9.2.0
1428 silly packumentCache full:https://registry.npmjs.org/parse-url cache-miss
1429 http fetch GET 200 https://registry.npmjs.org/parse-url 47ms (cache miss)
1430 silly packumentCache full:https://registry.npmjs.org/parse-url set size:undefined disposed:false
1431 http fetch GET 200 https://registry.npmjs.org/is-ssh 60ms (cache miss)
1432 silly packumentCache full:https://registry.npmjs.org/is-ssh set size:undefined disposed:false
1433 silly placeDep ROOT is-ssh@1.4.1 OK for: git-up@8.1.1 want: ^1.4.0
1434 silly placeDep ROOT parse-url@9.2.0 OK for: git-up@8.1.1 want: ^9.2.0
1435 silly fetch manifest protocols@^2.0.1
1436 silly packumentCache full:https://registry.npmjs.org/protocols cache-miss
1437 silly fetch manifest parse-path@^7.0.0
1438 silly packumentCache full:https://registry.npmjs.org/parse-path cache-miss
1439 silly fetch manifest @types/parse-path@^7.0.0
1440 silly packumentCache full:https://registry.npmjs.org/@types%2fparse-path cache-miss
1441 http fetch GET 200 https://registry.npmjs.org/protocols 143ms (cache miss)
1442 silly packumentCache full:https://registry.npmjs.org/protocols set size:undefined disposed:false
1443 http fetch GET 200 https://registry.npmjs.org/parse-path 489ms (cache miss)
1444 silly packumentCache full:https://registry.npmjs.org/parse-path set size:undefined disposed:false
1445 http fetch GET 200 https://registry.npmjs.org/@types%2fparse-path 491ms (cache miss)
1446 silly packumentCache full:https://registry.npmjs.org/@types%2fparse-path set size:undefined disposed:false
1447 silly placeDep ROOT hast-util-embedded@3.0.0 OK for: hast-util-format@1.1.0 want: ^3.0.0
1448 silly placeDep ROOT hast-util-minify-whitespace@1.0.1 OK for: hast-util-format@1.1.0 want: ^1.0.0
1449 silly placeDep ROOT hast-util-phrasing@3.0.1 OK for: hast-util-format@1.1.0 want: ^3.0.0
1450 silly placeDep ROOT hast-util-whitespace@3.0.0 OK for: hast-util-format@1.1.0 want: ^3.0.0
1451 silly placeDep ROOT html-whitespace-sensitive-tag-names@3.0.1 OK for: hast-util-format@1.1.0 want: ^3.0.0
1452 silly placeDep ROOT unist-util-visit-parents@6.0.2 OK for: hast-util-format@1.1.0 want: ^6.0.0
1453 silly fetch manifest hast-util-has-property@^3.0.0
1454 silly packumentCache full:https://registry.npmjs.org/hast-util-has-property cache-miss
1455 silly fetch manifest hast-util-is-body-ok-link@^3.0.0
1456 silly packumentCache full:https://registry.npmjs.org/hast-util-is-body-ok-link cache-miss
1457 http fetch GET 200 https://registry.npmjs.org/hast-util-has-property 70ms (cache miss)
1458 silly packumentCache full:https://registry.npmjs.org/hast-util-has-property set size:undefined disposed:false
1459 http fetch GET 200 https://registry.npmjs.org/hast-util-is-body-ok-link 240ms (cache miss)
1460 silly packumentCache full:https://registry.npmjs.org/hast-util-is-body-ok-link set size:undefined disposed:false
1461 silly placeDep ROOT hast-util-is-element@3.0.0 OK for: hast-util-embedded@3.0.0 want: ^3.0.0
1462 silly placeDep ROOT unist-util-is@6.0.1 OK for: hast-util-minify-whitespace@1.0.1 want: ^6.0.0
1463 silly placeDep ROOT hast-util-has-property@3.0.0 OK for: hast-util-phrasing@3.0.1 want: ^3.0.0
1464 silly placeDep ROOT hast-util-is-body-ok-link@3.0.1 OK for: hast-util-phrasing@3.0.1 want: ^3.0.0
1465 silly placeDep ROOT ccount@2.0.1 OK for: hast-util-to-html@9.0.5 want: ^2.0.0
1466 silly placeDep ROOT comma-separated-tokens@2.0.3 OK for: hast-util-to-html@9.0.5 want: ^2.0.0
1467 silly placeDep ROOT html-void-elements@3.0.0 OK for: hast-util-to-html@9.0.5 want: ^3.0.0
1468 silly placeDep ROOT space-separated-tokens@2.0.2 OK for: hast-util-to-html@9.0.5 want: ^2.0.0
1469 silly placeDep ROOT stringify-entities@4.0.4 OK for: hast-util-to-html@9.0.5 want: ^4.0.0
1470 silly placeDep ROOT zwitch@2.0.4 OK for: hast-util-to-html@9.0.5 want: ^2.0.4
1471 silly fetch manifest character-entities-html4@^2.0.0
1472 silly packumentCache full:https://registry.npmjs.org/character-entities-html4 cache-miss
1473 silly fetch manifest character-entities-legacy@^3.0.0
1474 silly packumentCache full:https://registry.npmjs.org/character-entities-legacy cache-miss
1475 http fetch GET 200 https://registry.npmjs.org/character-entities-legacy 334ms (cache miss)
1476 silly packumentCache full:https://registry.npmjs.org/character-entities-legacy set size:undefined disposed:false
1477 http fetch GET 200 https://registry.npmjs.org/character-entities-html4 995ms (cache miss)
1478 silly packumentCache full:https://registry.npmjs.org/character-entities-html4 set size:undefined disposed:false
1479 silly placeDep ROOT @ungap/structured-clone@1.3.0 OK for: hast-util-to-mdast@10.1.2 want: ^1.0.0
1480 silly placeDep ROOT hast-util-to-text@4.0.2 OK for: hast-util-to-mdast@10.1.2 want: ^4.0.0
1481 silly placeDep ROOT mdast-util-phrasing@4.1.0 OK for: hast-util-to-mdast@10.1.2 want: ^4.0.0
1482 silly placeDep ROOT trim-trailing-lines@2.1.0 OK for: hast-util-to-mdast@10.1.2 want: ^2.0.0
1483 silly placeDep ROOT unist-util-position@5.0.0 OK for: hast-util-to-mdast@10.1.2 want: ^5.0.0
1484 silly fetch manifest unist-util-find-after@^5.0.0
1485 silly packumentCache full:https://registry.npmjs.org/unist-util-find-after cache-miss
1486 http fetch GET 200 https://registry.npmjs.org/unist-util-find-after 238ms (cache miss)
1487 silly packumentCache full:https://registry.npmjs.org/unist-util-find-after set size:undefined disposed:false
1488 silly placeDep ROOT unist-util-find-after@5.0.0 OK for: hast-util-to-text@4.0.2 want: ^5.0.0
1489 silly placeDep ROOT protocols@2.0.2 OK for: is-ssh@1.4.1 want: ^2.0.1
1490 silly placeDep ROOT async-lock@1.4.1 OK for: isomorphic-git@1.37.5 want: ^1.4.1
1491 silly placeDep ROOT clean-git-ref@2.0.1 OK for: isomorphic-git@1.37.5 want: ^2.0.1
1492 silly placeDep ROOT crc-32@1.2.2 OK for: isomorphic-git@1.37.5 want: ^1.2.0
1493 silly placeDep ROOT diff3@0.0.3 OK for: isomorphic-git@1.37.5 want: 0.0.3
1494 silly placeDep node_modules/isomorphic-git ignore@5.3.2 OK for: isomorphic-git@1.37.5 want: ^5.1.4
1495 silly placeDep ROOT minimisted@2.0.1 OK for: isomorphic-git@1.37.5 want: ^2.0.0
1496 silly placeDep ROOT pako@1.0.11 OK for: isomorphic-git@1.37.5 want: ^1.0.10
1497 silly placeDep ROOT pify@4.0.1 OK for: isomorphic-git@1.37.5 want: ^4.0.1
1498 silly placeDep ROOT readable-stream@4.7.0 OK for: isomorphic-git@1.37.5 want: ^4.0.0
1499 silly placeDep ROOT sha.js@2.4.12 OK for: isomorphic-git@1.37.5 want: ^2.4.12
1500 silly placeDep ROOT simple-get@4.0.1 OK for: isomorphic-git@1.37.5 want: ^4.0.1
1501 silly fetch manifest minimist@^1.2.5
1502 silly packumentCache full:https://registry.npmjs.org/minimist cache-miss
1503 silly fetch manifest abort-controller@^3.0.0
1504 silly packumentCache full:https://registry.npmjs.org/abort-controller cache-miss
1505 silly fetch manifest buffer@^6.0.3
1506 silly packumentCache full:https://registry.npmjs.org/buffer cache-miss
1507 silly fetch manifest events@^3.3.0
1508 silly packumentCache full:https://registry.npmjs.org/events cache-miss
1509 silly fetch manifest process@^0.11.10
1510 silly packumentCache full:https://registry.npmjs.org/process cache-miss
1511 silly fetch manifest string_decoder@^1.3.0
1512 silly packumentCache full:https://registry.npmjs.org/string_decoder cache-miss
1513 silly fetch manifest inherits@^2.0.4
1514 silly packumentCache full:https://registry.npmjs.org/inherits cache-miss
1515 silly fetch manifest safe-buffer@^5.2.1
1516 silly packumentCache full:https://registry.npmjs.org/safe-buffer cache-miss
1517 silly fetch manifest to-buffer@^1.2.0
1518 silly packumentCache full:https://registry.npmjs.org/to-buffer cache-miss
1519 silly fetch manifest decompress-response@^6.0.0
1520 silly packumentCache full:https://registry.npmjs.org/decompress-response cache-miss
1521 silly fetch manifest once@^1.3.1
1522 silly packumentCache full:https://registry.npmjs.org/once cache-miss
1523 http fetch GET 200 https://registry.npmjs.org/inherits 46ms (cache miss)
1524 silly packumentCache full:https://registry.npmjs.org/inherits set size:undefined disposed:false
1525 silly fetch manifest simple-concat@^1.0.0
1526 silly packumentCache full:https://registry.npmjs.org/simple-concat cache-miss
1527 http fetch GET 200 https://registry.npmjs.org/string_decoder 52ms (cache miss)
1528 silly packumentCache full:https://registry.npmjs.org/string_decoder set size:undefined disposed:false
1529 http fetch GET 200 https://registry.npmjs.org/abort-controller 55ms (cache miss)
1530 silly packumentCache full:https://registry.npmjs.org/abort-controller set size:undefined disposed:false
1531 http fetch GET 200 https://registry.npmjs.org/to-buffer 90ms (cache miss)
1532 silly packumentCache full:https://registry.npmjs.org/to-buffer set size:undefined disposed:false
1533 http fetch GET 200 https://registry.npmjs.org/once 93ms (cache miss)
1534 silly packumentCache full:https://registry.npmjs.org/once set size:undefined disposed:false
1535 http fetch GET 200 https://registry.npmjs.org/minimist 100ms (cache miss)
1536 silly packumentCache full:https://registry.npmjs.org/minimist set size:undefined disposed:false
1537 http fetch GET 200 https://registry.npmjs.org/process 101ms (cache miss)
1538 silly packumentCache full:https://registry.npmjs.org/process set size:undefined disposed:false
1539 http fetch GET 200 https://registry.npmjs.org/simple-concat 56ms (cache miss)
1540 silly packumentCache full:https://registry.npmjs.org/simple-concat set size:undefined disposed:false
1541 http fetch GET 200 https://registry.npmjs.org/safe-buffer 104ms (cache miss)
1542 silly packumentCache full:https://registry.npmjs.org/safe-buffer set size:undefined disposed:false
1543 http fetch GET 200 https://registry.npmjs.org/events 111ms (cache miss)
1544 silly packumentCache full:https://registry.npmjs.org/events set size:undefined disposed:false
1545 http fetch GET 200 https://registry.npmjs.org/buffer 117ms (cache miss)
1546 silly packumentCache full:https://registry.npmjs.org/buffer set size:undefined disposed:false
1547 http fetch GET 200 https://registry.npmjs.org/decompress-response 156ms (cache miss)
1548 silly packumentCache full:https://registry.npmjs.org/decompress-response set size:undefined disposed:false
1549 silly placeDep ROOT @apidevtools/json-schema-ref-parser@14.2.1 OK for: json-schema-to-typescript-lite@15.0.0 want: ^14.1.1
1550 silly placeDep ROOT @types/json-schema@7.0.15 OK for: @apidevtools/json-schema-ref-parser@14.2.1 want: ^7.0.15
1551 silly fetch manifest js-yaml@^4.1.0
1552 silly packumentCache full:https://registry.npmjs.org/js-yaml cache-miss
1553 http fetch GET 200 https://registry.npmjs.org/js-yaml 1495ms (cache miss)
1554 silly packumentCache full:https://registry.npmjs.org/js-yaml set size:undefined disposed:false
1555 silly placeDep ROOT js-yaml@4.1.1 OK for: @apidevtools/json-schema-ref-parser@14.2.1 want: ^4.1.0
1556 silly fetch manifest argparse@^2.0.1
1557 silly packumentCache full:https://registry.npmjs.org/argparse cache-miss
1558 http fetch GET 200 https://registry.npmjs.org/argparse 1244ms (cache miss)
1559 silly packumentCache full:https://registry.npmjs.org/argparse set size:undefined disposed:false
1560 silly placeDep ROOT argparse@2.0.1 OK for: js-yaml@4.1.1 want: ^2.0.1
1561 silly placeDep ROOT devlop@1.1.0 OK for: mdast-util-to-hast@13.2.1 want: ^1.0.0
1562 silly placeDep ROOT trim-lines@3.0.1 OK for: mdast-util-to-hast@13.2.1 want: ^3.0.0
1563 silly fetch manifest dequal@^2.0.0
1564 silly packumentCache full:https://registry.npmjs.org/dequal cache-miss
1565 http fetch GET 200 https://registry.npmjs.org/dequal 45ms (cache miss)
1566 silly packumentCache full:https://registry.npmjs.org/dequal set size:undefined disposed:false
1567 silly placeDep ROOT dequal@2.0.3 OK for: devlop@1.1.0 want: ^2.0.0
1568 silly placeDep ROOT @types/debug@4.1.13 OK for: micromark@4.0.2 want: ^4.0.0
1569 silly placeDep ROOT decode-named-character-reference@1.3.0 OK for: micromark@4.0.2 want: ^1.0.0
1570 silly placeDep ROOT micromark-core-commonmark@2.0.3 OK for: micromark@4.0.2 want: ^2.0.0
1571 silly placeDep ROOT micromark-factory-space@2.0.1 OK for: micromark@4.0.2 want: ^2.0.0
1572 silly placeDep ROOT micromark-util-combine-extensions@2.0.1 OK for: micromark@4.0.2 want: ^2.0.0
1573 silly placeDep ROOT micromark-util-decode-numeric-character-reference@2.0.2 OK for: micromark@4.0.2 want: ^2.0.0
1574 silly placeDep ROOT micromark-util-encode@2.0.1 OK for: micromark@4.0.2 want: ^2.0.0
1575 silly placeDep ROOT micromark-util-normalize-identifier@2.0.1 OK for: micromark@4.0.2 want: ^2.0.0
1576 silly placeDep ROOT micromark-util-subtokenize@2.1.0 OK for: micromark@4.0.2 want: ^2.0.0
1577 silly placeDep ROOT micromark-util-symbol@2.0.1 OK for: micromark@4.0.2 want: ^2.0.0
1578 silly placeDep ROOT micromark-util-types@2.0.2 OK for: micromark@4.0.2 want: ^2.0.0
1579 silly fetch manifest @types/ms@*
1580 silly packumentCache full:https://registry.npmjs.org/@types%2fms cache-miss
1581 silly fetch manifest character-entities@^2.0.0
1582 silly packumentCache full:https://registry.npmjs.org/character-entities cache-miss
1583 silly fetch manifest micromark-factory-destination@^2.0.0
1584 silly packumentCache full:https://registry.npmjs.org/micromark-factory-destination cache-miss
1585 silly fetch manifest micromark-factory-label@^2.0.0
1586 silly packumentCache full:https://registry.npmjs.org/micromark-factory-label cache-miss
1587 silly fetch manifest micromark-factory-title@^2.0.0
1588 silly packumentCache full:https://registry.npmjs.org/micromark-factory-title cache-miss
1589 silly fetch manifest micromark-factory-whitespace@^2.0.0
1590 silly packumentCache full:https://registry.npmjs.org/micromark-factory-whitespace cache-miss
1591 silly fetch manifest micromark-util-classify-character@^2.0.0
1592 silly packumentCache full:https://registry.npmjs.org/micromark-util-classify-character cache-miss
1593 silly fetch manifest micromark-util-html-tag-name@^2.0.0
1594 silly packumentCache full:https://registry.npmjs.org/micromark-util-html-tag-name cache-miss
1595 http cache https://registry.npmjs.org/micromark-factory-whitespace 13ms (cache hit)
1596 silly packumentCache full:https://registry.npmjs.org/micromark-factory-whitespace set size:28974 disposed:false
1597 http fetch GET 200 https://registry.npmjs.org/micromark-factory-label 45ms (cache miss)
1598 silly packumentCache full:https://registry.npmjs.org/micromark-factory-label set size:undefined disposed:false
1599 http fetch GET 200 https://registry.npmjs.org/character-entities 265ms (cache miss)
1600 silly packumentCache full:https://registry.npmjs.org/character-entities set size:undefined disposed:false
1601 http fetch GET 200 https://registry.npmjs.org/micromark-factory-title 413ms (cache miss)
1602 silly packumentCache full:https://registry.npmjs.org/micromark-factory-title set size:undefined disposed:false
1603 http fetch GET 200 https://registry.npmjs.org/@types%2fms 420ms (cache miss)
1604 silly packumentCache full:https://registry.npmjs.org/@types%2fms set size:undefined disposed:false
1605 http fetch GET 200 https://registry.npmjs.org/micromark-util-html-tag-name 426ms (cache miss)
1606 silly packumentCache full:https://registry.npmjs.org/micromark-util-html-tag-name set size:undefined disposed:false
1607 http fetch GET 200 https://registry.npmjs.org/micromark-factory-destination 438ms (cache miss)
1608 silly packumentCache full:https://registry.npmjs.org/micromark-factory-destination set size:undefined disposed:false
1609 http fetch GET 200 https://registry.npmjs.org/micromark-util-classify-character 485ms (cache miss)
1610 silly packumentCache full:https://registry.npmjs.org/micromark-util-classify-character set size:undefined disposed:false
1611 silly placeDep ROOT @types/ms@2.1.0 OK for: @types/debug@4.1.13 want: *
1612 silly placeDep ROOT character-entities@2.0.2 OK for: decode-named-character-reference@1.3.0 want: ^2.0.0
1613 silly placeDep ROOT micromark-factory-destination@2.0.1 OK for: micromark-core-commonmark@2.0.3 want: ^2.0.0
1614 silly placeDep ROOT micromark-factory-label@2.0.1 OK for: micromark-core-commonmark@2.0.3 want: ^2.0.0
1615 silly placeDep ROOT micromark-factory-title@2.0.1 OK for: micromark-core-commonmark@2.0.3 want: ^2.0.0
1616 silly placeDep ROOT micromark-factory-whitespace@2.0.1 OK for: micromark-core-commonmark@2.0.3 want: ^2.0.0
1617 silly placeDep ROOT micromark-util-classify-character@2.0.1 OK for: micromark-core-commonmark@2.0.3 want: ^2.0.0
1618 silly placeDep ROOT micromark-util-html-tag-name@2.0.1 OK for: micromark-core-commonmark@2.0.3 want: ^2.0.0
1619 silly placeDep ROOT braces@3.0.3 OK for: micromatch@4.0.8 want: ^3.0.3
1620 silly placeDep ROOT picomatch@2.3.2 OK for: micromatch@4.0.8 want: ^2.3.1
1621 silly fetch manifest fill-range@^7.1.1
1622 silly packumentCache full:https://registry.npmjs.org/fill-range cache-miss
1623 http fetch GET 200 https://registry.npmjs.org/fill-range 144ms (cache miss)
1624 silly packumentCache full:https://registry.npmjs.org/fill-range set size:undefined disposed:false
1625 silly placeDep ROOT fill-range@7.1.1 OK for: braces@3.0.3 want: ^7.1.1
1626 silly fetch manifest to-regex-range@^5.0.1
1627 silly packumentCache full:https://registry.npmjs.org/to-regex-range cache-miss
1628 http fetch GET 200 https://registry.npmjs.org/to-regex-range 41ms (cache miss)
1629 silly packumentCache full:https://registry.npmjs.org/to-regex-range set size:undefined disposed:false
1630 silly placeDep ROOT to-regex-range@5.0.1 OK for: fill-range@7.1.1 want: ^5.0.1
1631 silly fetch manifest is-number@^7.0.0
1632 silly packumentCache full:https://registry.npmjs.org/is-number cache-miss
1633 http fetch GET 200 https://registry.npmjs.org/is-number 38ms (cache miss)
1634 silly packumentCache full:https://registry.npmjs.org/is-number set size:undefined disposed:false
1635 silly placeDep ROOT brace-expansion@5.0.5 OK for: minimatch@10.2.5 want: ^5.0.5
1636 silly fetch manifest balanced-match@^4.0.2
1637 silly packumentCache full:https://registry.npmjs.org/balanced-match cache-miss
1638 http fetch GET 200 https://registry.npmjs.org/balanced-match 152ms (cache miss)
1639 silly packumentCache full:https://registry.npmjs.org/balanced-match set size:undefined disposed:false
1640 silly placeDep ROOT balanced-match@4.0.4 OK for: brace-expansion@5.0.5 want: ^4.0.2
1641 silly placeDep ROOT minimist@1.2.8 OK for: minimisted@2.0.1 want: ^1.2.5
1642 silly placeDep ROOT acorn@8.16.0 OK for: mlly@1.8.2 want: ^8.16.0
1643 silly placeDep node_modules/mlly pkg-types@1.3.1 OK for: mlly@1.8.2 want: ^1.3.1
1644 silly fetch manifest confbox@^0.1.8
1645 silly packumentCache full:https://registry.npmjs.org/confbox cache-hit
1646 silly fetch manifest @vitejs/devtools@*
1647 silly packumentCache full:https://registry.npmjs.org/@vitejs%2fdevtools cache-miss
1648 http fetch GET 200 https://registry.npmjs.org/@vitejs%2fdevtools 68ms (cache miss)
1649 silly packumentCache full:https://registry.npmjs.org/@vitejs%2fdevtools set size:undefined disposed:false
1650 silly fetch manifest vite@*
1651 silly packumentCache full:https://registry.npmjs.org/vite cache-miss
1652 http fetch GET 200 https://registry.npmjs.org/vite 4027ms (cache miss)
1653 silly packumentCache full:https://registry.npmjs.org/vite set size:undefined disposed:false
1654 silly fetch manifest esbuild@^0.27.0 || ^0.28.0
1655 silly packumentCache full:https://registry.npmjs.org/esbuild cache-miss
1656 http fetch GET 200 https://registry.npmjs.org/esbuild 1146ms (cache miss)
1657 silly packumentCache full:https://registry.npmjs.org/esbuild set size:undefined disposed:false
1658 silly fetch manifest less@^4.0.0
1659 silly packumentCache full:https://registry.npmjs.org/less cache-miss
1660 http fetch GET 200 https://registry.npmjs.org/less 594ms (cache miss)
1661 silly packumentCache full:https://registry.npmjs.org/less set size:undefined disposed:false
1662 silly fetch manifest sass@^1.70.0
1663 silly packumentCache full:https://registry.npmjs.org/sass cache-miss
1664 http fetch GET 200 https://registry.npmjs.org/sass 429ms (cache miss)
1665 silly packumentCache full:https://registry.npmjs.org/sass set size:undefined disposed:false
1666 silly fetch manifest sass-embedded@^1.70.0
1667 silly packumentCache full:https://registry.npmjs.org/sass-embedded cache-miss
1668 http fetch GET 200 https://registry.npmjs.org/sass-embedded 125ms (cache miss)
1669 silly packumentCache full:https://registry.npmjs.org/sass-embedded set size:undefined disposed:false
1670 silly fetch manifest stylus@>=0.54.8
1671 silly packumentCache full:https://registry.npmjs.org/stylus cache-miss
1672 http fetch GET 200 https://registry.npmjs.org/stylus 253ms (cache miss)
1673 silly packumentCache full:https://registry.npmjs.org/stylus set size:undefined disposed:false
1674 silly fetch manifest sugarss@^5.0.0
1675 silly packumentCache full:https://registry.npmjs.org/sugarss cache-miss
1676 http fetch GET 200 https://registry.npmjs.org/sugarss 107ms (cache miss)
1677 silly packumentCache full:https://registry.npmjs.org/sugarss set size:undefined disposed:false
1678 silly fetch manifest postcss@^8.3.3
1679 silly packumentCache full:https://registry.npmjs.org/postcss cache-miss
1680 http fetch GET 200 https://registry.npmjs.org/postcss 92ms (cache miss)
1681 silly packumentCache full:https://registry.npmjs.org/postcss set size:undefined disposed:false
1682 silly fetch manifest terser@^5.16.0
1683 silly packumentCache full:https://registry.npmjs.org/terser cache-miss
1684 http fetch GET 200 https://registry.npmjs.org/terser 92ms (cache miss)
1685 silly packumentCache full:https://registry.npmjs.org/terser set size:undefined disposed:false
1686 silly fetch manifest tsx@^4.8.1
1687 silly packumentCache full:https://registry.npmjs.org/tsx cache-miss
1688 http fetch GET 200 https://registry.npmjs.org/tsx 84ms (cache miss)
1689 silly packumentCache full:https://registry.npmjs.org/tsx set size:undefined disposed:false
1690 silly fetch manifest yaml@^2.4.2
1691 silly packumentCache full:https://registry.npmjs.org/yaml cache-miss
1692 http cache https://registry.npmjs.org/yaml 9ms (cache hit)
1693 silly packumentCache full:https://registry.npmjs.org/yaml set size:375230 disposed:false
1694 silly fetch manifest @pinia/colada@>=0.21.2
1695 silly packumentCache full:https://registry.npmjs.org/@pinia%2fcolada cache-miss
1696 http fetch GET 200 https://registry.npmjs.org/@pinia%2fcolada 235ms (cache miss)
1697 silly packumentCache full:https://registry.npmjs.org/@pinia%2fcolada set size:undefined disposed:false
1698 silly fetch manifest pinia@^2.2.6 || ^3.0.0
1699 silly packumentCache full:https://registry.npmjs.org/pinia cache-miss
1700 http fetch GET 200 https://registry.npmjs.org/pinia 384ms (cache miss)
1701 silly packumentCache full:https://registry.npmjs.org/pinia set size:undefined disposed:false
1702 silly fetch manifest typescript@>=4.5.0
1703 silly packumentCache full:https://registry.npmjs.org/typescript cache-miss
1704 http cache https://registry.npmjs.org/typescript 51ms (cache hit)
1705 silly packumentCache full:https://registry.npmjs.org/typescript set size:15409943 disposed:false
1706 silly fetch manifest @vue/compiler-sfc@^3.5.17
1707 silly packumentCache full:https://registry.npmjs.org/@vue%2fcompiler-sfc cache-miss
1708 http cache https://registry.npmjs.org/@vue%2fcompiler-sfc 12ms (cache hit)
1709 silly packumentCache full:https://registry.npmjs.org/@vue%2fcompiler-sfc set size:968810 disposed:false
1710 silly fetch manifest @babel/plugin-proposal-decorators@^7.25.0
1711 silly packumentCache full:https://registry.npmjs.org/@babel%2fplugin-proposal-decorators cache-miss
1712 http fetch GET 200 https://registry.npmjs.org/@babel%2fplugin-proposal-decorators 126ms (cache miss)
1713 silly packumentCache full:https://registry.npmjs.org/@babel%2fplugin-proposal-decorators set size:undefined disposed:false
1714 silly fetch manifest @babel/core@^7.0.0-0
1715 silly packumentCache full:https://registry.npmjs.org/@babel%2fcore cache-miss
1716 http fetch GET 200 https://registry.npmjs.org/@babel%2fcore 402ms (cache miss)
1717 silly packumentCache full:https://registry.npmjs.org/@babel%2fcore set size:undefined disposed:false
1718 silly fetch manifest @rollup/plugin-babel@^6.0.0 || ^7.0.0
1719 silly packumentCache full:https://registry.npmjs.org/@rollup%2fplugin-babel cache-miss
1720 http fetch GET 200 https://registry.npmjs.org/@rollup%2fplugin-babel 71ms (cache miss)
1721 silly packumentCache full:https://registry.npmjs.org/@rollup%2fplugin-babel set size:undefined disposed:false
1722 silly fetch manifest @types/babel__core@^7.1.9
1723 silly packumentCache full:https://registry.npmjs.org/@types%2fbabel__core cache-miss
1724 http fetch GET 200 https://registry.npmjs.org/@types%2fbabel__core 132ms (cache miss)
1725 silly packumentCache full:https://registry.npmjs.org/@types%2fbabel__core set size:undefined disposed:false
1726 silly fetch manifest rollup@^2.0.0||^3.0.0||^4.0.0
1727 silly packumentCache full:https://registry.npmjs.org/rollup cache-miss
1728 http fetch GET 200 https://registry.npmjs.org/rollup 1233ms (cache miss)
1729 silly packumentCache full:https://registry.npmjs.org/rollup set size:undefined disposed:false
1730 silly fetch manifest @babel/plugin-syntax-jsx@^7.25.0
1731 silly packumentCache full:https://registry.npmjs.org/@babel%2fplugin-syntax-jsx cache-miss
1732 http fetch GET 200 https://registry.npmjs.org/@babel%2fplugin-syntax-jsx 169ms (cache miss)
1733 silly packumentCache full:https://registry.npmjs.org/@babel%2fplugin-syntax-jsx set size:undefined disposed:false
1734 silly fetch manifest nuxt@4.4.2
1735 silly packumentCache full:https://registry.npmjs.org/nuxt cache-miss
1736 http cache https://registry.npmjs.org/nuxt 14ms (cache hit)
1737 silly packumentCache full:https://registry.npmjs.org/nuxt set size:1543806 disposed:false
1738 silly fetch manifest rolldown@^1.0.0-beta.38
1739 silly packumentCache full:https://registry.npmjs.org/rolldown cache-miss
1740 http fetch GET 200 https://registry.npmjs.org/rolldown 425ms (cache miss)
1741 silly packumentCache full:https://registry.npmjs.org/rolldown set size:undefined disposed:false
1742 silly fetch manifest rollup-plugin-visualizer@^6.0.0 || ^7.0.1
1743 silly packumentCache full:https://registry.npmjs.org/rollup-plugin-visualizer cache-miss
1744 http fetch GET 200 https://registry.npmjs.org/rollup-plugin-visualizer 134ms (cache miss)
1745 silly packumentCache full:https://registry.npmjs.org/rollup-plugin-visualizer set size:undefined disposed:false
1746 silly fetch manifest rollup@2.x || 3.x || 4.x
1747 silly packumentCache full:https://registry.npmjs.org/rollup cache-miss
1748 http cache https://registry.npmjs.org/rollup 32ms (cache hit)
1749 silly packumentCache full:https://registry.npmjs.org/rollup set size:6169575 disposed:false
1750 silly placeDep ROOT @dxup/nuxt@0.4.1 OK for: nuxt@4.4.2 want: ^0.4.0
1751 silly placeDep ROOT @nuxt/cli@3.34.0 OK for: nuxt@4.4.2 want: ^3.34.0
1752 silly placeDep ROOT @nuxt/devtools@3.2.4 OK for: nuxt@4.4.2 want: ^3.2.3
1753 silly placeDep ROOT vite@8.0.9 OK for: @nuxt/devtools@3.2.4 want: >=6.0
1754 silly placeDep ROOT @nuxt/nitro-server@4.4.2 OK for: nuxt@4.4.2 want: 4.4.2
1755 silly placeDep ROOT @nuxt/schema@4.4.2 OK for: nuxt@4.4.2 want: 4.4.2
1756 silly placeDep ROOT @nuxt/telemetry@2.8.0 OK for: nuxt@4.4.2 want: ^2.7.0
1757 silly placeDep ROOT @nuxt/vite-builder@4.4.2 OK for: nuxt@4.4.2 want: 4.4.2
1758 silly placeDep ROOT @unhead/vue@2.1.13 OK for: nuxt@4.4.2 want: ^2.1.12
1759 silly placeDep ROOT compatx@0.2.0 OK for: nuxt@4.4.2 want: ^0.2.0
1760 silly placeDep ROOT cookie-es@2.0.1 OK for: nuxt@4.4.2 want: ^2.0.0
1761 silly placeDep ROOT devalue@5.7.1 OK for: nuxt@4.4.2 want: ^5.6.3
1762 silly placeDep ROOT escape-string-regexp@5.0.0 OK for: nuxt@4.4.2 want: ^5.0.0
1763 silly placeDep node_modules/nuxt hookable@6.1.1 OK for: nuxt@4.4.2 want: ^6.0.1
1764 silly placeDep ROOT impound@1.1.5 OK for: nuxt@4.4.2 want: ^1.1.5
1765 silly placeDep ROOT knitwork@1.3.0 OK for: nuxt@4.4.2 want: ^1.3.0
1766 silly placeDep ROOT magic-string@0.30.21 OK for: nuxt@4.4.2 want: ^0.30.21
1767 silly placeDep ROOT nanotar@0.3.0 OK for: nuxt@4.4.2 want: ^0.3.0
1768 silly placeDep ROOT ofetch@1.5.1 OK for: nuxt@4.4.2 want: ^1.5.1
1769 silly placeDep ROOT on-change@6.0.2 OK for: nuxt@4.4.2 want: ^6.0.2
1770 silly placeDep ROOT oxc-minify@0.117.0 OK for: nuxt@4.4.2 want: ^0.117.0
1771 silly placeDep ROOT oxc-parser@0.117.0 OK for: nuxt@4.4.2 want: ^0.117.0
1772 silly placeDep ROOT oxc-transform@0.117.0 OK for: nuxt@4.4.2 want: ^0.117.0
1773 silly placeDep ROOT oxc-walker@0.7.0 OK for: nuxt@4.4.2 want: ^0.7.0
1774 silly placeDep node_modules/nuxt picomatch@4.0.4 OK for: nuxt@4.4.2 want: ^4.0.3
1775 silly placeDep ROOT rou3@0.8.1 OK for: nuxt@4.4.2 want: ^0.8.1
1776 silly placeDep ROOT ultrahtml@1.6.0 OK for: nuxt@4.4.2 want: ^1.6.0
1777 silly placeDep ROOT uncrypto@0.1.3 OK for: nuxt@4.4.2 want: ^0.1.3
1778 silly placeDep ROOT unimport@6.1.1 OK for: nuxt@4.4.2 want: ^6.0.1
1779 silly placeDep ROOT unrouting@0.1.7 OK for: nuxt@4.4.2 want: ^0.1.5
1780 silly placeDep node_modules/nuxt vue-router@5.0.6 OK for: nuxt@4.4.2 want: ^5.0.3
1781 silly fetch manifest @dxup/unimport@^0.1.2
1782 silly packumentCache full:https://registry.npmjs.org/@dxup%2funimport cache-miss
1783 silly fetch manifest @bomb.sh/tab@^0.0.14
1784 silly packumentCache full:https://registry.npmjs.org/@bomb.sh%2ftab cache-miss
1785 silly fetch manifest @clack/prompts@^1.1.0
1786 silly packumentCache full:https://registry.npmjs.org/@clack%2fprompts cache-miss
1787 silly fetch manifest citty@^0.2.1
1788 silly packumentCache full:https://registry.npmjs.org/citty cache-miss
1789 silly fetch manifest fuse.js@^7.1.0
1790 silly packumentCache full:https://registry.npmjs.org/fuse.js cache-miss
1791 silly fetch manifest fzf@^0.5.2
1792 silly packumentCache full:https://registry.npmjs.org/fzf cache-miss
1793 silly fetch manifest listhen@^1.9.0
1794 silly packumentCache full:https://registry.npmjs.org/listhen cache-miss
1795 silly fetch manifest srvx@^0.11.9
1796 silly packumentCache full:https://registry.npmjs.org/srvx cache-miss
1797 silly fetch manifest std-env@^3.10.0
1798 silly packumentCache full:https://registry.npmjs.org/std-env cache-miss
1799 silly fetch manifest tinyclip@^0.1.12
1800 silly packumentCache full:https://registry.npmjs.org/tinyclip cache-miss
1801 silly fetch manifest youch@^4.1.0
1802 silly packumentCache full:https://registry.npmjs.org/youch cache-miss
1803 http cache https://registry.npmjs.org/std-env 28ms (cache hit)
1804 silly packumentCache full:https://registry.npmjs.org/std-env set size:88574 disposed:false
1805 silly fetch manifest ws@^8.19.0
1806 silly packumentCache full:https://registry.npmjs.org/ws cache-miss
1807 http cache https://registry.npmjs.org/citty 37ms (cache hit)
1808 silly packumentCache full:https://registry.npmjs.org/citty set size:38582 disposed:false
1809 silly fetch manifest sirv@^3.0.2
1810 silly packumentCache full:https://registry.npmjs.org/sirv cache-miss
1811 http fetch GET 200 https://registry.npmjs.org/fzf 85ms (cache miss)
1812 silly packumentCache full:https://registry.npmjs.org/fzf set size:undefined disposed:false
1813 silly fetch manifest birpc@^4.0.0
1814 silly packumentCache full:https://registry.npmjs.org/birpc cache-miss
1815 http fetch GET 200 https://registry.npmjs.org/tinyclip 97ms (cache miss)
1816 silly packumentCache full:https://registry.npmjs.org/tinyclip set size:undefined disposed:false
1817 silly fetch manifest execa@^8.0.1
1818 silly packumentCache full:https://registry.npmjs.org/execa cache-miss
1819 http fetch GET 200 https://registry.npmjs.org/@bomb.sh%2ftab 120ms (cache miss)
1820 silly packumentCache full:https://registry.npmjs.org/@bomb.sh%2ftab set size:undefined disposed:false
1821 silly fetch manifest which@^6.0.1
1822 silly packumentCache full:https://registry.npmjs.org/which cache-miss
1823 http fetch GET 200 https://registry.npmjs.org/srvx 123ms (cache miss)
1824 silly packumentCache full:https://registry.npmjs.org/srvx set size:undefined disposed:false
1825 silly fetch manifest hookable@^6.1.0
1826 silly packumentCache full:https://registry.npmjs.org/hookable cache-hit
1827 silly fetch manifest magicast@^0.5.2
1828 silly packumentCache full:https://registry.npmjs.org/magicast cache-miss
1829 http fetch GET 200 https://registry.npmjs.org/sirv 94ms (cache miss)
1830 silly packumentCache full:https://registry.npmjs.org/sirv set size:undefined disposed:false
1831 silly fetch manifest local-pkg@^1.1.2
1832 silly packumentCache full:https://registry.npmjs.org/local-pkg cache-miss
1833 http fetch GET 200 https://registry.npmjs.org/@clack%2fprompts 139ms (cache miss)
1834 silly packumentCache full:https://registry.npmjs.org/@clack%2fprompts set size:undefined disposed:false
1835 silly fetch manifest image-meta@^0.2.2
1836 silly packumentCache full:https://registry.npmjs.org/image-meta cache-miss
1837 http cache https://registry.npmjs.org/magicast 28ms (cache hit)
1838 silly packumentCache full:https://registry.npmjs.org/magicast set size:81021 disposed:false
1839 silly fetch manifest simple-git@^3.33.0
1840 silly packumentCache full:https://registry.npmjs.org/simple-git cache-miss
1841 http fetch GET 200 https://registry.npmjs.org/youch 160ms (cache miss)
1842 silly packumentCache full:https://registry.npmjs.org/youch set size:undefined disposed:false
1843 silly fetch manifest fast-npm-meta@^1.4.2
1844 silly packumentCache full:https://registry.npmjs.org/fast-npm-meta cache-miss
1845 http fetch GET 200 https://registry.npmjs.org/listhen 167ms (cache miss)
1846 silly packumentCache full:https://registry.npmjs.org/listhen set size:undefined disposed:false
1847 silly fetch manifest launch-editor@^2.13.1
1848 silly packumentCache full:https://registry.npmjs.org/launch-editor cache-miss
1849 http fetch GET 200 https://registry.npmjs.org/fuse.js 174ms (cache miss)
1850 silly packumentCache full:https://registry.npmjs.org/fuse.js set size:undefined disposed:false
1851 silly fetch manifest get-port-please@^3.2.0
1852 silly packumentCache full:https://registry.npmjs.org/get-port-please cache-miss
1853 http fetch GET 200 https://registry.npmjs.org/ws 153ms (cache miss)
1854 silly packumentCache full:https://registry.npmjs.org/ws set size:undefined disposed:false
1855 silly fetch manifest @vue/devtools-kit@^8.1.0
1856 silly packumentCache full:https://registry.npmjs.org/@vue%2fdevtools-kit cache-miss
1857 http fetch GET 200 https://registry.npmjs.org/image-meta 132ms (cache miss)
1858 silly packumentCache full:https://registry.npmjs.org/image-meta set size:undefined disposed:false
1859 silly fetch manifest @nuxt/devtools-kit@3.2.4
1860 silly packumentCache full:https://registry.npmjs.org/@nuxt%2fdevtools-kit cache-miss
1861 http fetch GET 200 https://registry.npmjs.org/local-pkg 142ms (cache miss)
1862 silly packumentCache full:https://registry.npmjs.org/local-pkg set size:undefined disposed:false
1863 silly fetch manifest @vue/devtools-core@^8.1.0
1864 silly packumentCache full:https://registry.npmjs.org/@vue%2fdevtools-core cache-miss
1865 http fetch GET 200 https://registry.npmjs.org/birpc 193ms (cache miss)
1866 silly packumentCache full:https://registry.npmjs.org/birpc set size:undefined disposed:false
1867 silly fetch manifest structured-clone-es@^2.0.0
1868 silly packumentCache full:https://registry.npmjs.org/structured-clone-es cache-miss
1869 http fetch GET 200 https://registry.npmjs.org/which 162ms (cache miss)
1870 silly packumentCache full:https://registry.npmjs.org/which set size:undefined disposed:false
1871 silly fetch manifest vite-plugin-inspect@^11.3.3
1872 silly packumentCache full:https://registry.npmjs.org/vite-plugin-inspect cache-miss
1873 http fetch GET 200 https://registry.npmjs.org/execa 185ms (cache miss)
1874 silly packumentCache full:https://registry.npmjs.org/execa set size:undefined disposed:false
1875 silly fetch manifest @nuxt/devtools-wizard@3.2.4
1876 silly packumentCache full:https://registry.npmjs.org/@nuxt%2fdevtools-wizard cache-miss
1877 http fetch GET 200 https://registry.npmjs.org/fast-npm-meta 134ms (cache miss)
1878 silly packumentCache full:https://registry.npmjs.org/fast-npm-meta set size:undefined disposed:false
1879 silly fetch manifest error-stack-parser-es@^1.0.5
1880 silly packumentCache full:https://registry.npmjs.org/error-stack-parser-es cache-miss
1881 http fetch GET 200 https://registry.npmjs.org/get-port-please 150ms (cache miss)
1882 silly packumentCache full:https://registry.npmjs.org/get-port-please set size:undefined disposed:false
1883 silly fetch manifest is-installed-globally@^1.0.0
1884 silly packumentCache full:https://registry.npmjs.org/is-installed-globally cache-miss
1885 http fetch GET 200 https://registry.npmjs.org/@dxup%2funimport 334ms (cache miss)
1886 silly packumentCache full:https://registry.npmjs.org/@dxup%2funimport set size:undefined disposed:false
1887 silly fetch manifest vite-plugin-vue-tracer@^1.3.0
1888 silly packumentCache full:https://registry.npmjs.org/vite-plugin-vue-tracer cache-miss
1889 http fetch GET 200 https://registry.npmjs.org/launch-editor 161ms (cache miss)
1890 silly packumentCache full:https://registry.npmjs.org/launch-editor set size:undefined disposed:false
1891 silly fetch manifest lightningcss@^1.32.0
1892 silly packumentCache full:https://registry.npmjs.org/lightningcss cache-miss
1893 http fetch GET 200 https://registry.npmjs.org/simple-git 251ms (cache miss)
1894 silly packumentCache full:https://registry.npmjs.org/simple-git set size:undefined disposed:false
1895 silly fetch manifest postcss@^8.5.10
1896 silly packumentCache full:https://registry.npmjs.org/postcss cache-miss
1897 http fetch GET 200 https://registry.npmjs.org/@vue%2fdevtools-kit 229ms (cache miss)
1898 silly packumentCache full:https://registry.npmjs.org/@vue%2fdevtools-kit set size:undefined disposed:false
1899 silly fetch manifest rolldown@1.0.0-rc.16
1900 silly packumentCache full:https://registry.npmjs.org/rolldown cache-miss
1901 http cache https://registry.npmjs.org/postcss 29ms (cache hit)
1902 silly packumentCache full:https://registry.npmjs.org/postcss set size:708244 disposed:false
1903 silly fetch manifest fsevents@~2.3.3
1904 silly packumentCache full:https://registry.npmjs.org/fsevents cache-miss
1905 http fetch GET 200 https://registry.npmjs.org/is-installed-globally 133ms (cache miss)
1906 silly packumentCache full:https://registry.npmjs.org/is-installed-globally set size:undefined disposed:false
1907 silly fetch manifest @babel/plugin-syntax-typescript@^7.28.6
1908 silly packumentCache full:https://registry.npmjs.org/@babel%2fplugin-syntax-typescript cache-miss
1909 http cache https://registry.npmjs.org/rolldown 50ms (cache hit)
1910 silly packumentCache full:https://registry.npmjs.org/rolldown set size:3688592 disposed:false
1911 silly fetch manifest @nuxt/devalue@^2.0.2
1912 silly packumentCache full:https://registry.npmjs.org/@nuxt%2fdevalue cache-miss
1913 http fetch GET 200 https://registry.npmjs.org/error-stack-parser-es 204ms (cache miss)
1914 silly packumentCache full:https://registry.npmjs.org/error-stack-parser-es set size:undefined disposed:false
1915 silly fetch manifest h3@^1.15.6
1916 silly packumentCache full:https://registry.npmjs.org/h3 cache-miss
1917 http fetch GET 200 https://registry.npmjs.org/vite-plugin-vue-tracer 180ms (cache miss)
1918 silly packumentCache full:https://registry.npmjs.org/vite-plugin-vue-tracer set size:undefined disposed:false
1919 silly fetch manifest mocked-exports@^0.1.1
1920 silly packumentCache full:https://registry.npmjs.org/mocked-exports cache-miss
1921 http fetch GET 200 https://registry.npmjs.org/@nuxt%2fdevtools-kit 249ms (cache miss)
1922 silly packumentCache full:https://registry.npmjs.org/@nuxt%2fdevtools-kit set size:undefined disposed:false
1923 silly fetch manifest nitropack@^2.13.1
1924 silly packumentCache full:https://registry.npmjs.org/nitropack cache-miss
1925 http fetch GET 200 https://registry.npmjs.org/lightningcss 208ms (cache miss)
1926 silly packumentCache full:https://registry.npmjs.org/lightningcss set size:undefined disposed:false
1927 silly fetch manifest unstorage@^1.17.4
1928 silly packumentCache full:https://registry.npmjs.org/unstorage cache-miss
1929 http fetch GET 200 https://registry.npmjs.org/vite-plugin-inspect 263ms (cache miss)
1930 silly packumentCache full:https://registry.npmjs.org/vite-plugin-inspect set size:undefined disposed:false
1931 silly fetch manifest vue-bundle-renderer@^2.2.0
1932 silly packumentCache full:https://registry.npmjs.org/vue-bundle-renderer cache-miss
1933 http fetch GET 200 https://registry.npmjs.org/structured-clone-es 292ms (cache miss)
1934 silly packumentCache full:https://registry.npmjs.org/structured-clone-es set size:undefined disposed:false
1935 silly fetch manifest vue-devtools-stub@^0.1.0
1936 silly packumentCache full:https://registry.npmjs.org/vue-devtools-stub cache-miss
1937 http fetch GET 200 https://registry.npmjs.org/fsevents 144ms (cache miss)
1938 silly packumentCache full:https://registry.npmjs.org/fsevents set size:undefined disposed:false
1939 silly fetch manifest ofetch@^2.0.0-alpha.3
1940 silly packumentCache full:https://registry.npmjs.org/ofetch cache-miss
1941 http fetch GET 200 https://registry.npmjs.org/@vue%2fdevtools-core 331ms (cache miss)
1942 silly packumentCache full:https://registry.npmjs.org/@vue%2fdevtools-core set size:undefined disposed:false
1943 silly fetch manifest @rollup/plugin-replace@^6.0.3
1944 silly packumentCache full:https://registry.npmjs.org/@rollup%2fplugin-replace cache-miss
1945 http fetch GET 200 https://registry.npmjs.org/mocked-exports 105ms (cache miss)
1946 silly packumentCache full:https://registry.npmjs.org/mocked-exports set size:undefined disposed:false
1947 silly fetch manifest @vitejs/plugin-vue@^6.0.4
1948 silly packumentCache full:https://registry.npmjs.org/@vitejs%2fplugin-vue cache-miss
1949 http fetch GET 200 https://registry.npmjs.org/@nuxt%2fdevalue 123ms (cache miss)
1950 silly packumentCache full:https://registry.npmjs.org/@nuxt%2fdevalue set size:undefined disposed:false
1951 silly fetch manifest @vitejs/plugin-vue-jsx@^5.1.4
1952 silly packumentCache full:https://registry.npmjs.org/@vitejs%2fplugin-vue-jsx cache-miss
1953 http cache https://registry.npmjs.org/ofetch 29ms (cache hit)
1954 silly packumentCache full:https://registry.npmjs.org/ofetch set size:75280 disposed:false
1955 silly fetch manifest autoprefixer@^10.4.27
1956 silly packumentCache full:https://registry.npmjs.org/autoprefixer cache-miss
1957 http fetch GET 200 https://registry.npmjs.org/@nuxt%2fdevtools-wizard 355ms (cache miss)
1958 silly packumentCache full:https://registry.npmjs.org/@nuxt%2fdevtools-wizard set size:undefined disposed:false
1959 silly fetch manifest cssnano@^7.1.3
1960 silly packumentCache full:https://registry.npmjs.org/cssnano cache-miss
1961 http fetch GET 200 https://registry.npmjs.org/vue-devtools-stub 72ms (cache miss)
1962 silly packumentCache full:https://registry.npmjs.org/vue-devtools-stub set size:undefined disposed:false
1963 silly fetch manifest postcss@^8.5.8
1964 silly packumentCache full:https://registry.npmjs.org/postcss cache-hit
1965 silly fetch manifest seroval@^1.5.1
1966 silly packumentCache full:https://registry.npmjs.org/seroval cache-miss
1967 http fetch GET 200 https://registry.npmjs.org/@babel%2fplugin-syntax-typescript 205ms (cache miss)
1968 silly packumentCache full:https://registry.npmjs.org/@babel%2fplugin-syntax-typescript set size:undefined disposed:false
1969 silly fetch manifest unenv@^2.0.0-rc.24
1970 silly packumentCache full:https://registry.npmjs.org/unenv cache-miss
1971 http fetch GET 200 https://registry.npmjs.org/vue-bundle-renderer 124ms (cache miss)
1972 silly packumentCache full:https://registry.npmjs.org/vue-bundle-renderer set size:undefined disposed:false
1973 silly fetch manifest vite@^7.3.1
1974 silly packumentCache full:https://registry.npmjs.org/vite cache-miss
1975 http fetch GET 200 https://registry.npmjs.org/unstorage 139ms (cache miss)
1976 silly packumentCache full:https://registry.npmjs.org/unstorage set size:undefined disposed:false
1977 silly fetch manifest vite-node@^5.3.0
1978 silly packumentCache full:https://registry.npmjs.org/vite-node cache-miss
1979 http fetch GET 200 https://registry.npmjs.org/h3 185ms (cache miss)
1980 silly packumentCache full:https://registry.npmjs.org/h3 set size:undefined disposed:false
1981 silly fetch manifest vite-plugin-checker@^0.12.0
1982 silly packumentCache full:https://registry.npmjs.org/vite-plugin-checker cache-miss
1983 http fetch GET 200 https://registry.npmjs.org/@rollup%2fplugin-replace 106ms (cache miss)
1984 silly packumentCache full:https://registry.npmjs.org/@rollup%2fplugin-replace set size:undefined disposed:false
1985 silly fetch manifest unhead@2.1.13
1986 silly packumentCache full:https://registry.npmjs.org/unhead cache-miss
1987 http cache https://registry.npmjs.org/vite 175ms (cache hit)
1988 silly packumentCache full:https://registry.npmjs.org/vite set size:38811285 disposed:false
1989 silly fetch manifest @jridgewell/trace-mapping@^0.3.31
1990 silly packumentCache full:https://registry.npmjs.org/@jridgewell%2ftrace-mapping cache-miss
1991 http fetch GET 200 https://registry.npmjs.org/seroval 538ms (cache miss)
1992 silly packumentCache full:https://registry.npmjs.org/seroval set size:undefined disposed:false
1993 silly fetch manifest es-module-lexer@^2.0.0
1994 silly packumentCache full:https://registry.npmjs.org/es-module-lexer cache-miss
1995 http fetch GET 200 https://registry.npmjs.org/nitropack 687ms (cache miss)
1996 silly packumentCache full:https://registry.npmjs.org/nitropack set size:undefined disposed:false
1997 silly fetch manifest unplugin-utils@^0.3.1
1998 silly packumentCache full:https://registry.npmjs.org/unplugin-utils cache-miss
1999 http fetch GET 200 https://registry.npmjs.org/@vitejs%2fplugin-vue 616ms (cache miss)
2000 silly packumentCache full:https://registry.npmjs.org/@vitejs%2fplugin-vue set size:undefined disposed:false
2001 silly fetch manifest @jridgewell/sourcemap-codec@^1.5.5
2002 silly packumentCache full:https://registry.npmjs.org/@jridgewell%2fsourcemap-codec cache-miss
2003 http fetch GET 200 https://registry.npmjs.org/unenv 585ms (cache miss)
2004 silly packumentCache full:https://registry.npmjs.org/unenv set size:undefined disposed:false
2005 silly fetch manifest node-fetch-native@^1.6.7
2006 silly packumentCache full:https://registry.npmjs.org/node-fetch-native cache-miss
2007 http fetch GET 200 https://registry.npmjs.org/@vitejs%2fplugin-vue-jsx 643ms (cache miss)
2008 silly packumentCache full:https://registry.npmjs.org/@vitejs%2fplugin-vue-jsx set size:undefined disposed:false
2009 silly fetch manifest @oxc-minify/binding-darwin-x64@0.117.0
2010 silly packumentCache full:https://registry.npmjs.org/@oxc-minify%2fbinding-darwin-x64 cache-miss
2011 http fetch GET 200 https://registry.npmjs.org/vite-plugin-checker 575ms (cache miss)
2012 silly packumentCache full:https://registry.npmjs.org/vite-plugin-checker set size:undefined disposed:false
2013 silly fetch manifest @oxc-minify/binding-freebsd-x64@0.117.0
2014 silly packumentCache full:https://registry.npmjs.org/@oxc-minify%2fbinding-freebsd-x64 cache-miss
2015 http fetch GET 200 https://registry.npmjs.org/cssnano 650ms (cache miss)
2016 silly packumentCache full:https://registry.npmjs.org/cssnano set size:undefined disposed:false
2017 silly fetch manifest @oxc-minify/binding-wasm32-wasi@0.117.0
2018 silly packumentCache full:https://registry.npmjs.org/@oxc-minify%2fbinding-wasm32-wasi cache-miss
2019 http fetch GET 200 https://registry.npmjs.org/unplugin-utils 96ms (cache miss)
2020 silly packumentCache full:https://registry.npmjs.org/unplugin-utils set size:undefined disposed:false
2021 silly fetch manifest @oxc-minify/binding-darwin-arm64@0.117.0
2022 silly packumentCache full:https://registry.npmjs.org/@oxc-minify%2fbinding-darwin-arm64 cache-miss
2023 http fetch GET 200 https://registry.npmjs.org/@jridgewell%2ftrace-mapping 165ms (cache miss)
2024 silly packumentCache full:https://registry.npmjs.org/@jridgewell%2ftrace-mapping set size:undefined disposed:false
2025 silly fetch manifest @oxc-minify/binding-android-arm64@0.117.0
2026 silly packumentCache full:https://registry.npmjs.org/@oxc-minify%2fbinding-android-arm64 cache-miss
2027 http fetch GET 200 https://registry.npmjs.org/unhead 618ms (cache miss)
2028 silly packumentCache full:https://registry.npmjs.org/unhead set size:undefined disposed:false
2029 silly fetch manifest @oxc-minify/binding-linux-x64-gnu@0.117.0
2030 silly packumentCache full:https://registry.npmjs.org/@oxc-minify%2fbinding-linux-x64-gnu cache-miss
2031 http fetch GET 200 https://registry.npmjs.org/es-module-lexer 159ms (cache miss)
2032 silly packumentCache full:https://registry.npmjs.org/es-module-lexer set size:undefined disposed:false
2033 silly fetch manifest @oxc-minify/binding-linux-x64-musl@0.117.0
2034 silly packumentCache full:https://registry.npmjs.org/@oxc-minify%2fbinding-linux-x64-musl cache-miss
2035 http fetch GET 200 https://registry.npmjs.org/@jridgewell%2fsourcemap-codec 117ms (cache miss)
2036 silly packumentCache full:https://registry.npmjs.org/@jridgewell%2fsourcemap-codec set size:undefined disposed:false
2037 silly fetch manifest @oxc-minify/binding-win32-x64-msvc@0.117.0
2038 silly packumentCache full:https://registry.npmjs.org/@oxc-minify%2fbinding-win32-x64-msvc cache-miss
2039 http fetch GET 200 https://registry.npmjs.org/vite-node 718ms (cache miss)
2040 silly packumentCache full:https://registry.npmjs.org/vite-node set size:undefined disposed:false
2041 silly fetch manifest @oxc-minify/binding-linux-arm64-gnu@0.117.0
2042 silly packumentCache full:https://registry.npmjs.org/@oxc-minify%2fbinding-linux-arm64-gnu cache-miss
2043 http fetch GET 200 https://registry.npmjs.org/autoprefixer 794ms (cache miss)
2044 silly packumentCache full:https://registry.npmjs.org/autoprefixer set size:undefined disposed:false
2045 silly fetch manifest @oxc-minify/binding-linux-ppc64-gnu@0.117.0
2046 silly packumentCache full:https://registry.npmjs.org/@oxc-minify%2fbinding-linux-ppc64-gnu cache-miss
2047 http fetch GET 200 https://registry.npmjs.org/node-fetch-native 196ms (cache miss)
2048 silly packumentCache full:https://registry.npmjs.org/node-fetch-native set size:undefined disposed:false
2049 silly fetch manifest @oxc-minify/binding-linux-s390x-gnu@0.117.0
2050 silly packumentCache full:https://registry.npmjs.org/@oxc-minify%2fbinding-linux-s390x-gnu cache-miss
2051 http fetch GET 200 https://registry.npmjs.org/@oxc-minify%2fbinding-freebsd-x64 184ms (cache miss)
2052 silly packumentCache full:https://registry.npmjs.org/@oxc-minify%2fbinding-freebsd-x64 set size:undefined disposed:false
2053 silly fetch manifest @oxc-minify/binding-win32-ia32-msvc@0.117.0
2054 silly packumentCache full:https://registry.npmjs.org/@oxc-minify%2fbinding-win32-ia32-msvc cache-miss
2055 http fetch GET 200 https://registry.npmjs.org/@oxc-minify%2fbinding-win32-x64-msvc 109ms (cache miss)
2056 silly packumentCache full:https://registry.npmjs.org/@oxc-minify%2fbinding-win32-x64-msvc set size:undefined disposed:false
2057 silly fetch manifest @oxc-minify/binding-android-arm-eabi@0.117.0
2058 silly packumentCache full:https://registry.npmjs.org/@oxc-minify%2fbinding-android-arm-eabi cache-miss
2059 http fetch GET 200 https://registry.npmjs.org/@oxc-minify%2fbinding-darwin-x64 207ms (cache miss)
2060 silly packumentCache full:https://registry.npmjs.org/@oxc-minify%2fbinding-darwin-x64 set size:undefined disposed:false
2061 silly fetch manifest @oxc-minify/binding-linux-arm64-musl@0.117.0
2062 silly packumentCache full:https://registry.npmjs.org/@oxc-minify%2fbinding-linux-arm64-musl cache-miss
2063 http fetch GET 200 https://registry.npmjs.org/@oxc-minify%2fbinding-android-arm64 147ms (cache miss)
2064 silly packumentCache full:https://registry.npmjs.org/@oxc-minify%2fbinding-android-arm64 set size:undefined disposed:false
2065 silly fetch manifest @oxc-minify/binding-win32-arm64-msvc@0.117.0
2066 silly packumentCache full:https://registry.npmjs.org/@oxc-minify%2fbinding-win32-arm64-msvc cache-miss
2067 http fetch GET 200 https://registry.npmjs.org/@oxc-minify%2fbinding-darwin-arm64 177ms (cache miss)
2068 silly packumentCache full:https://registry.npmjs.org/@oxc-minify%2fbinding-darwin-arm64 set size:undefined disposed:false
2069 silly fetch manifest @oxc-minify/binding-linux-riscv64-gnu@0.117.0
2070 silly packumentCache full:https://registry.npmjs.org/@oxc-minify%2fbinding-linux-riscv64-gnu cache-miss
2071 http fetch GET 200 https://registry.npmjs.org/@oxc-minify%2fbinding-linux-ppc64-gnu 64ms (cache miss)
2072 silly packumentCache full:https://registry.npmjs.org/@oxc-minify%2fbinding-linux-ppc64-gnu set size:undefined disposed:false
2073 silly fetch manifest @oxc-minify/binding-openharmony-arm64@0.117.0
2074 silly packumentCache full:https://registry.npmjs.org/@oxc-minify%2fbinding-openharmony-arm64 cache-miss
2075 http fetch GET 200 https://registry.npmjs.org/@oxc-minify%2fbinding-win32-ia32-msvc 106ms (cache miss)
2076 silly packumentCache full:https://registry.npmjs.org/@oxc-minify%2fbinding-win32-ia32-msvc set size:undefined disposed:false
2077 silly fetch manifest @oxc-minify/binding-linux-riscv64-musl@0.117.0
2078 silly packumentCache full:https://registry.npmjs.org/@oxc-minify%2fbinding-linux-riscv64-musl cache-miss
2079 http fetch GET 200 https://registry.npmjs.org/@oxc-minify%2fbinding-linux-x64-musl 225ms (cache miss)
2080 silly packumentCache full:https://registry.npmjs.org/@oxc-minify%2fbinding-linux-x64-musl set size:undefined disposed:false
2081 silly fetch manifest @oxc-minify/binding-linux-arm-gnueabihf@0.117.0
2082 silly packumentCache full:https://registry.npmjs.org/@oxc-minify%2fbinding-linux-arm-gnueabihf cache-miss
2083 http fetch GET 200 https://registry.npmjs.org/@oxc-minify%2fbinding-linux-x64-gnu 265ms (cache miss)
2084 silly packumentCache full:https://registry.npmjs.org/@oxc-minify%2fbinding-linux-x64-gnu set size:undefined disposed:false
2085 silly fetch manifest @oxc-minify/binding-linux-arm-musleabihf@0.117.0
2086 silly packumentCache full:https://registry.npmjs.org/@oxc-minify%2fbinding-linux-arm-musleabihf cache-miss
2087 http fetch GET 200 https://registry.npmjs.org/@oxc-minify%2fbinding-linux-arm64-musl 133ms (cache miss)
2088 silly packumentCache full:https://registry.npmjs.org/@oxc-minify%2fbinding-linux-arm64-musl set size:undefined disposed:false
2089 silly fetch manifest @oxc-project/types@^0.117.0
2090 silly packumentCache full:https://registry.npmjs.org/@oxc-project%2ftypes cache-miss
2091 http fetch GET 200 https://registry.npmjs.org/@oxc-minify%2fbinding-openharmony-arm64 112ms (cache miss)
2092 silly packumentCache full:https://registry.npmjs.org/@oxc-minify%2fbinding-openharmony-arm64 set size:undefined disposed:false
2093 silly fetch manifest @oxc-parser/binding-darwin-x64@0.117.0
2094 silly packumentCache full:https://registry.npmjs.org/@oxc-parser%2fbinding-darwin-x64 cache-miss
2095 http fetch GET 200 https://registry.npmjs.org/@oxc-minify%2fbinding-android-arm-eabi 148ms (cache miss)
2096 silly packumentCache full:https://registry.npmjs.org/@oxc-minify%2fbinding-android-arm-eabi set size:undefined disposed:false
2097 silly fetch manifest @oxc-parser/binding-freebsd-x64@0.117.0
2098 silly packumentCache full:https://registry.npmjs.org/@oxc-parser%2fbinding-freebsd-x64 cache-miss
2099 http fetch GET 200 https://registry.npmjs.org/@oxc-minify%2fbinding-linux-riscv64-musl 74ms (cache miss)
2100 silly packumentCache full:https://registry.npmjs.org/@oxc-minify%2fbinding-linux-riscv64-musl set size:undefined disposed:false
2101 silly fetch manifest @oxc-parser/binding-wasm32-wasi@0.117.0
2102 silly packumentCache full:https://registry.npmjs.org/@oxc-parser%2fbinding-wasm32-wasi cache-miss
2103 http fetch GET 200 https://registry.npmjs.org/@oxc-minify%2fbinding-linux-arm64-gnu 236ms (cache miss)
2104 silly packumentCache full:https://registry.npmjs.org/@oxc-minify%2fbinding-linux-arm64-gnu set size:undefined disposed:false
2105 silly fetch manifest @oxc-parser/binding-darwin-arm64@0.117.0
2106 silly packumentCache full:https://registry.npmjs.org/@oxc-parser%2fbinding-darwin-arm64 cache-miss
2107 http fetch GET 200 https://registry.npmjs.org/@oxc-minify%2fbinding-linux-arm-gnueabihf 84ms (cache miss)
2108 silly packumentCache full:https://registry.npmjs.org/@oxc-minify%2fbinding-linux-arm-gnueabihf set size:undefined disposed:false
2109 silly fetch manifest @oxc-parser/binding-android-arm64@0.117.0
2110 silly packumentCache full:https://registry.npmjs.org/@oxc-parser%2fbinding-android-arm64 cache-miss
2111 http fetch GET 200 https://registry.npmjs.org/@oxc-minify%2fbinding-linux-arm-musleabihf 63ms (cache miss)
2112 silly packumentCache full:https://registry.npmjs.org/@oxc-minify%2fbinding-linux-arm-musleabihf set size:undefined disposed:false
2113 silly fetch manifest @oxc-parser/binding-linux-x64-gnu@0.117.0
2114 silly packumentCache full:https://registry.npmjs.org/@oxc-parser%2fbinding-linux-x64-gnu cache-miss
2115 http fetch GET 200 https://registry.npmjs.org/@oxc-project%2ftypes 87ms (cache miss)
2116 silly packumentCache full:https://registry.npmjs.org/@oxc-project%2ftypes set size:undefined disposed:false
2117 silly fetch manifest @oxc-parser/binding-linux-x64-musl@0.117.0
2118 silly packumentCache full:https://registry.npmjs.org/@oxc-parser%2fbinding-linux-x64-musl cache-miss
2119 http fetch GET 200 https://registry.npmjs.org/@oxc-parser%2fbinding-darwin-x64 88ms (cache miss)
2120 silly packumentCache full:https://registry.npmjs.org/@oxc-parser%2fbinding-darwin-x64 set size:undefined disposed:false
2121 silly fetch manifest @oxc-parser/binding-win32-x64-msvc@0.117.0
2122 silly packumentCache full:https://registry.npmjs.org/@oxc-parser%2fbinding-win32-x64-msvc cache-miss
2123 http fetch GET 200 https://registry.npmjs.org/@oxc-minify%2fbinding-linux-s390x-gnu 265ms (cache miss)
2124 silly packumentCache full:https://registry.npmjs.org/@oxc-minify%2fbinding-linux-s390x-gnu set size:undefined disposed:false
2125 silly fetch manifest @oxc-parser/binding-linux-arm64-gnu@0.117.0
2126 silly packumentCache full:https://registry.npmjs.org/@oxc-parser%2fbinding-linux-arm64-gnu cache-miss
2127 http fetch GET 200 https://registry.npmjs.org/@oxc-minify%2fbinding-wasm32-wasi 428ms (cache miss)
2128 silly packumentCache full:https://registry.npmjs.org/@oxc-minify%2fbinding-wasm32-wasi set size:undefined disposed:false
2129 silly fetch manifest @oxc-parser/binding-linux-ppc64-gnu@0.117.0
2130 silly packumentCache full:https://registry.npmjs.org/@oxc-parser%2fbinding-linux-ppc64-gnu cache-miss
2131 http fetch GET 200 https://registry.npmjs.org/@oxc-parser%2fbinding-freebsd-x64 118ms (cache miss)
2132 silly packumentCache full:https://registry.npmjs.org/@oxc-parser%2fbinding-freebsd-x64 set size:undefined disposed:false
2133 silly fetch manifest @oxc-parser/binding-linux-s390x-gnu@0.117.0
2134 silly packumentCache full:https://registry.npmjs.org/@oxc-parser%2fbinding-linux-s390x-gnu cache-miss
2135 http fetch GET 200 https://registry.npmjs.org/@oxc-parser%2fbinding-wasm32-wasi 102ms (cache miss)
2136 silly packumentCache full:https://registry.npmjs.org/@oxc-parser%2fbinding-wasm32-wasi set size:undefined disposed:false
2137 silly fetch manifest @oxc-parser/binding-win32-ia32-msvc@0.117.0
2138 silly packumentCache full:https://registry.npmjs.org/@oxc-parser%2fbinding-win32-ia32-msvc cache-miss
2139 http fetch GET 200 https://registry.npmjs.org/@oxc-parser%2fbinding-android-arm64 95ms (cache miss)
2140 silly packumentCache full:https://registry.npmjs.org/@oxc-parser%2fbinding-android-arm64 set size:undefined disposed:false
2141 silly fetch manifest @oxc-parser/binding-android-arm-eabi@0.117.0
2142 silly packumentCache full:https://registry.npmjs.org/@oxc-parser%2fbinding-android-arm-eabi cache-miss
2143 http fetch GET 200 https://registry.npmjs.org/@oxc-parser%2fbinding-linux-x64-gnu 104ms (cache miss)
2144 silly packumentCache full:https://registry.npmjs.org/@oxc-parser%2fbinding-linux-x64-gnu set size:undefined disposed:false
2145 silly fetch manifest @oxc-parser/binding-linux-arm64-musl@0.117.0
2146 silly packumentCache full:https://registry.npmjs.org/@oxc-parser%2fbinding-linux-arm64-musl cache-miss
2147 http fetch GET 200 https://registry.npmjs.org/@oxc-parser%2fbinding-darwin-arm64 135ms (cache miss)
2148 silly packumentCache full:https://registry.npmjs.org/@oxc-parser%2fbinding-darwin-arm64 set size:undefined disposed:false
2149 silly fetch manifest @oxc-parser/binding-win32-arm64-msvc@0.117.0
2150 silly packumentCache full:https://registry.npmjs.org/@oxc-parser%2fbinding-win32-arm64-msvc cache-miss
2151 http fetch GET 200 https://registry.npmjs.org/@oxc-minify%2fbinding-win32-arm64-msvc 314ms (cache miss)
2152 silly packumentCache full:https://registry.npmjs.org/@oxc-minify%2fbinding-win32-arm64-msvc set size:undefined disposed:false
2153 silly fetch manifest @oxc-parser/binding-linux-riscv64-gnu@0.117.0
2154 silly packumentCache full:https://registry.npmjs.org/@oxc-parser%2fbinding-linux-riscv64-gnu cache-miss
2155 http fetch GET 200 https://registry.npmjs.org/@oxc-parser%2fbinding-win32-x64-msvc 100ms (cache miss)
2156 silly packumentCache full:https://registry.npmjs.org/@oxc-parser%2fbinding-win32-x64-msvc set size:undefined disposed:false
2157 silly fetch manifest @oxc-parser/binding-openharmony-arm64@0.117.0
2158 silly packumentCache full:https://registry.npmjs.org/@oxc-parser%2fbinding-openharmony-arm64 cache-miss
2159 http fetch GET 200 https://registry.npmjs.org/@oxc-parser%2fbinding-linux-x64-musl 108ms (cache miss)
2160 silly packumentCache full:https://registry.npmjs.org/@oxc-parser%2fbinding-linux-x64-musl set size:undefined disposed:false
2161 silly fetch manifest @oxc-parser/binding-linux-riscv64-musl@0.117.0
2162 silly packumentCache full:https://registry.npmjs.org/@oxc-parser%2fbinding-linux-riscv64-musl cache-miss
2163 http fetch GET 200 https://registry.npmjs.org/@oxc-minify%2fbinding-linux-riscv64-gnu 337ms (cache miss)
2164 silly packumentCache full:https://registry.npmjs.org/@oxc-minify%2fbinding-linux-riscv64-gnu set size:undefined disposed:false
2165 silly fetch manifest @oxc-parser/binding-linux-arm-gnueabihf@0.117.0
2166 silly packumentCache full:https://registry.npmjs.org/@oxc-parser%2fbinding-linux-arm-gnueabihf cache-miss
2167 http fetch GET 200 https://registry.npmjs.org/@oxc-parser%2fbinding-win32-ia32-msvc 94ms (cache miss)
2168 silly packumentCache full:https://registry.npmjs.org/@oxc-parser%2fbinding-win32-ia32-msvc set size:undefined disposed:false
2169 silly fetch manifest @oxc-parser/binding-linux-arm-musleabihf@0.117.0
2170 silly packumentCache full:https://registry.npmjs.org/@oxc-parser%2fbinding-linux-arm-musleabihf cache-miss
2171 http fetch GET 200 https://registry.npmjs.org/@oxc-parser%2fbinding-linux-ppc64-gnu 120ms (cache miss)
2172 silly packumentCache full:https://registry.npmjs.org/@oxc-parser%2fbinding-linux-ppc64-gnu set size:undefined disposed:false
2173 silly fetch manifest @oxc-transform/binding-darwin-x64@0.117.0
2174 silly packumentCache full:https://registry.npmjs.org/@oxc-transform%2fbinding-darwin-x64 cache-miss
2175 http fetch GET 200 https://registry.npmjs.org/@oxc-parser%2fbinding-linux-s390x-gnu 113ms (cache miss)
2176 silly packumentCache full:https://registry.npmjs.org/@oxc-parser%2fbinding-linux-s390x-gnu set size:undefined disposed:false
2177 silly fetch manifest @oxc-transform/binding-freebsd-x64@0.117.0
2178 silly packumentCache full:https://registry.npmjs.org/@oxc-transform%2fbinding-freebsd-x64 cache-miss
2179 http fetch GET 200 https://registry.npmjs.org/@oxc-parser%2fbinding-android-arm-eabi 103ms (cache miss)
2180 silly packumentCache full:https://registry.npmjs.org/@oxc-parser%2fbinding-android-arm-eabi set size:undefined disposed:false
2181 silly fetch manifest @oxc-transform/binding-wasm32-wasi@0.117.0
2182 silly packumentCache full:https://registry.npmjs.org/@oxc-transform%2fbinding-wasm32-wasi cache-miss
2183 http fetch GET 200 https://registry.npmjs.org/@oxc-parser%2fbinding-linux-arm64-gnu 149ms (cache miss)
2184 silly packumentCache full:https://registry.npmjs.org/@oxc-parser%2fbinding-linux-arm64-gnu set size:undefined disposed:false
2185 silly fetch manifest @oxc-transform/binding-darwin-arm64@0.117.0
2186 silly packumentCache full:https://registry.npmjs.org/@oxc-transform%2fbinding-darwin-arm64 cache-miss
2187 http fetch GET 200 https://registry.npmjs.org/@oxc-parser%2fbinding-openharmony-arm64 66ms (cache miss)
2188 silly packumentCache full:https://registry.npmjs.org/@oxc-parser%2fbinding-openharmony-arm64 set size:undefined disposed:false
2189 silly fetch manifest @oxc-transform/binding-android-arm64@0.117.0
2190 silly packumentCache full:https://registry.npmjs.org/@oxc-transform%2fbinding-android-arm64 cache-miss
2191 http fetch GET 200 https://registry.npmjs.org/@oxc-parser%2fbinding-linux-riscv64-gnu 101ms (cache miss)
2192 silly packumentCache full:https://registry.npmjs.org/@oxc-parser%2fbinding-linux-riscv64-gnu set size:undefined disposed:false
2193 silly fetch manifest @oxc-transform/binding-linux-x64-gnu@0.117.0
2194 silly packumentCache full:https://registry.npmjs.org/@oxc-transform%2fbinding-linux-x64-gnu cache-miss
2195 http fetch GET 200 https://registry.npmjs.org/@oxc-parser%2fbinding-linux-riscv64-musl 83ms (cache miss)
2196 silly packumentCache full:https://registry.npmjs.org/@oxc-parser%2fbinding-linux-riscv64-musl set size:undefined disposed:false
2197 silly fetch manifest @oxc-transform/binding-linux-x64-musl@0.117.0
2198 silly packumentCache full:https://registry.npmjs.org/@oxc-transform%2fbinding-linux-x64-musl cache-miss
2199 http fetch GET 200 https://registry.npmjs.org/@oxc-parser%2fbinding-win32-arm64-msvc 113ms (cache miss)
2200 silly packumentCache full:https://registry.npmjs.org/@oxc-parser%2fbinding-win32-arm64-msvc set size:undefined disposed:false
2201 silly fetch manifest @oxc-transform/binding-win32-x64-msvc@0.117.0
2202 silly packumentCache full:https://registry.npmjs.org/@oxc-transform%2fbinding-win32-x64-msvc cache-miss
2203 http fetch GET 200 https://registry.npmjs.org/@oxc-parser%2fbinding-linux-arm64-musl 129ms (cache miss)
2204 silly packumentCache full:https://registry.npmjs.org/@oxc-parser%2fbinding-linux-arm64-musl set size:undefined disposed:false
2205 silly fetch manifest @oxc-transform/binding-linux-arm64-gnu@0.117.0
2206 silly packumentCache full:https://registry.npmjs.org/@oxc-transform%2fbinding-linux-arm64-gnu cache-miss
2207 http fetch GET 200 https://registry.npmjs.org/@oxc-transform%2fbinding-darwin-arm64 303ms (cache miss)
2208 silly packumentCache full:https://registry.npmjs.org/@oxc-transform%2fbinding-darwin-arm64 set size:undefined disposed:false
2209 silly fetch manifest @oxc-transform/binding-linux-ppc64-gnu@0.117.0
2210 silly packumentCache full:https://registry.npmjs.org/@oxc-transform%2fbinding-linux-ppc64-gnu cache-miss
2211 http fetch GET 200 https://registry.npmjs.org/@oxc-parser%2fbinding-linux-arm-musleabihf 416ms (cache miss)
2212 silly packumentCache full:https://registry.npmjs.org/@oxc-parser%2fbinding-linux-arm-musleabihf set size:undefined disposed:false
2213 silly fetch manifest @oxc-transform/binding-linux-s390x-gnu@0.117.0
2214 silly packumentCache full:https://registry.npmjs.org/@oxc-transform%2fbinding-linux-s390x-gnu cache-miss
2215 http fetch GET 200 https://registry.npmjs.org/@oxc-transform%2fbinding-linux-ppc64-gnu 84ms (cache miss)
2216 silly packumentCache full:https://registry.npmjs.org/@oxc-transform%2fbinding-linux-ppc64-gnu set size:undefined disposed:false
2217 silly fetch manifest @oxc-transform/binding-win32-ia32-msvc@0.117.0
2218 silly packumentCache full:https://registry.npmjs.org/@oxc-transform%2fbinding-win32-ia32-msvc cache-miss
2219 http fetch GET 200 https://registry.npmjs.org/@oxc-transform%2fbinding-linux-arm64-gnu 355ms (cache miss)
2220 silly packumentCache full:https://registry.npmjs.org/@oxc-transform%2fbinding-linux-arm64-gnu set size:undefined disposed:false
2221 silly fetch manifest @oxc-transform/binding-android-arm-eabi@0.117.0
2222 silly packumentCache full:https://registry.npmjs.org/@oxc-transform%2fbinding-android-arm-eabi cache-miss
2223 http fetch GET 200 https://registry.npmjs.org/@oxc-transform%2fbinding-win32-x64-msvc 390ms (cache miss)
2224 silly packumentCache full:https://registry.npmjs.org/@oxc-transform%2fbinding-win32-x64-msvc set size:undefined disposed:false
2225 silly fetch manifest @oxc-transform/binding-linux-arm64-musl@0.117.0
2226 silly packumentCache full:https://registry.npmjs.org/@oxc-transform%2fbinding-linux-arm64-musl cache-miss
2227 http fetch GET 200 https://registry.npmjs.org/@oxc-transform%2fbinding-win32-ia32-msvc 83ms (cache miss)
2228 silly packumentCache full:https://registry.npmjs.org/@oxc-transform%2fbinding-win32-ia32-msvc set size:undefined disposed:false
2229 silly fetch manifest @oxc-transform/binding-win32-arm64-msvc@0.117.0
2230 silly packumentCache full:https://registry.npmjs.org/@oxc-transform%2fbinding-win32-arm64-msvc cache-miss
2231 http fetch GET 200 https://registry.npmjs.org/@oxc-transform%2fbinding-android-arm64 478ms (cache miss)
2232 silly packumentCache full:https://registry.npmjs.org/@oxc-transform%2fbinding-android-arm64 set size:undefined disposed:false
2233 silly fetch manifest @oxc-transform/binding-linux-riscv64-gnu@0.117.0
2234 silly packumentCache full:https://registry.npmjs.org/@oxc-transform%2fbinding-linux-riscv64-gnu cache-miss
2235 http fetch GET 200 https://registry.npmjs.org/@oxc-transform%2fbinding-android-arm-eabi 92ms (cache miss)
2236 silly packumentCache full:https://registry.npmjs.org/@oxc-transform%2fbinding-android-arm-eabi set size:undefined disposed:false
2237 silly fetch manifest @oxc-transform/binding-openharmony-arm64@0.117.0
2238 silly packumentCache full:https://registry.npmjs.org/@oxc-transform%2fbinding-openharmony-arm64 cache-miss
2239 http fetch GET 200 https://registry.npmjs.org/@oxc-transform%2fbinding-linux-s390x-gnu 111ms (cache miss)
2240 silly packumentCache full:https://registry.npmjs.org/@oxc-transform%2fbinding-linux-s390x-gnu set size:undefined disposed:false
2241 silly fetch manifest @oxc-transform/binding-linux-riscv64-musl@0.117.0
2242 silly packumentCache full:https://registry.npmjs.org/@oxc-transform%2fbinding-linux-riscv64-musl cache-miss
2243 http fetch GET 200 https://registry.npmjs.org/@oxc-transform%2fbinding-wasm32-wasi 520ms (cache miss)
2244 silly packumentCache full:https://registry.npmjs.org/@oxc-transform%2fbinding-wasm32-wasi set size:undefined disposed:false
2245 silly fetch manifest @oxc-transform/binding-linux-arm-gnueabihf@0.117.0
2246 silly packumentCache full:https://registry.npmjs.org/@oxc-transform%2fbinding-linux-arm-gnueabihf cache-miss
2247 http fetch GET 200 https://registry.npmjs.org/@oxc-parser%2fbinding-linux-arm-gnueabihf 562ms (cache miss)
2248 silly packumentCache full:https://registry.npmjs.org/@oxc-parser%2fbinding-linux-arm-gnueabihf set size:undefined disposed:false
2249 silly fetch manifest @oxc-transform/binding-linux-arm-musleabihf@0.117.0
2250 silly packumentCache full:https://registry.npmjs.org/@oxc-transform%2fbinding-linux-arm-musleabihf cache-miss
2251 http fetch GET 200 https://registry.npmjs.org/@oxc-transform%2fbinding-linux-x64-gnu 516ms (cache miss)
2252 silly packumentCache full:https://registry.npmjs.org/@oxc-transform%2fbinding-linux-x64-gnu set size:undefined disposed:false
2253 silly fetch manifest magic-regexp@^0.10.0
2254 silly packumentCache full:https://registry.npmjs.org/magic-regexp cache-miss
2255 http fetch GET 200 https://registry.npmjs.org/@oxc-transform%2fbinding-linux-x64-musl 519ms (cache miss)
2256 silly packumentCache full:https://registry.npmjs.org/@oxc-transform%2fbinding-linux-x64-musl set size:undefined disposed:false
2257 silly fetch manifest strip-literal@^3.1.0
2258 silly packumentCache full:https://registry.npmjs.org/strip-literal cache-miss
2259 http fetch GET 200 https://registry.npmjs.org/@oxc-transform%2fbinding-linux-arm64-musl 128ms (cache miss)
2260 silly packumentCache full:https://registry.npmjs.org/@oxc-transform%2fbinding-linux-arm64-musl set size:undefined disposed:false
2261 silly fetch manifest @babel/generator@^7.28.6
2262 silly packumentCache full:https://registry.npmjs.org/@babel%2fgenerator cache-miss
2263 http fetch GET 200 https://registry.npmjs.org/@oxc-transform%2fbinding-linux-riscv64-gnu 93ms (cache miss)
2264 silly packumentCache full:https://registry.npmjs.org/@oxc-transform%2fbinding-linux-riscv64-gnu set size:undefined disposed:false
2265 silly fetch manifest @vue-macros/common@^3.1.1
2266 silly packumentCache full:https://registry.npmjs.org/@vue-macros%2fcommon cache-miss
2267 http fetch GET 200 https://registry.npmjs.org/@oxc-transform%2fbinding-freebsd-x64 605ms (cache miss)
2268 silly packumentCache full:https://registry.npmjs.org/@oxc-transform%2fbinding-freebsd-x64 set size:undefined disposed:false
2269 silly fetch manifest @vue/devtools-api@^8.0.6
2270 silly packumentCache full:https://registry.npmjs.org/@vue%2fdevtools-api cache-miss
2271 http fetch GET 200 https://registry.npmjs.org/@oxc-transform%2fbinding-darwin-x64 629ms (cache miss)
2272 silly packumentCache full:https://registry.npmjs.org/@oxc-transform%2fbinding-darwin-x64 set size:undefined disposed:false
2273 silly fetch manifest ast-walker-scope@^0.8.3
2274 silly packumentCache full:https://registry.npmjs.org/ast-walker-scope cache-miss
2275 http fetch GET 200 https://registry.npmjs.org/@oxc-transform%2fbinding-win32-arm64-msvc 133ms (cache miss)
2276 silly packumentCache full:https://registry.npmjs.org/@oxc-transform%2fbinding-win32-arm64-msvc set size:undefined disposed:false
2277 silly fetch manifest json5@^2.2.3
2278 silly packumentCache full:https://registry.npmjs.org/json5 cache-miss
2279 http fetch GET 200 https://registry.npmjs.org/@oxc-transform%2fbinding-linux-riscv64-musl 110ms (cache miss)
2280 silly packumentCache full:https://registry.npmjs.org/@oxc-transform%2fbinding-linux-riscv64-musl set size:undefined disposed:false
2281 silly fetch manifest muggle-string@^0.4.1
2282 silly packumentCache full:https://registry.npmjs.org/muggle-string cache-miss
2283 http fetch GET 200 https://registry.npmjs.org/@oxc-transform%2fbinding-openharmony-arm64 126ms (cache miss)
2284 silly packumentCache full:https://registry.npmjs.org/@oxc-transform%2fbinding-openharmony-arm64 set size:undefined disposed:false
2285 http cache https://registry.npmjs.org/@vue%2fdevtools-api 31ms (cache hit)
2286 silly packumentCache full:https://registry.npmjs.org/@vue%2fdevtools-api set size:348988 disposed:false
2287 http fetch GET 200 https://registry.npmjs.org/strip-literal 84ms (cache miss)
2288 silly packumentCache full:https://registry.npmjs.org/strip-literal set size:undefined disposed:false
2289 http fetch GET 200 https://registry.npmjs.org/magic-regexp 131ms (cache miss)
2290 silly packumentCache full:https://registry.npmjs.org/magic-regexp set size:undefined disposed:false
2291 http fetch GET 200 https://registry.npmjs.org/muggle-string 66ms (cache miss)
2292 silly packumentCache full:https://registry.npmjs.org/muggle-string set size:undefined disposed:false
2293 http fetch GET 200 https://registry.npmjs.org/@vue-macros%2fcommon 123ms (cache miss)
2294 silly packumentCache full:https://registry.npmjs.org/@vue-macros%2fcommon set size:undefined disposed:false
2295 http fetch GET 200 https://registry.npmjs.org/ast-walker-scope 99ms (cache miss)
2296 silly packumentCache full:https://registry.npmjs.org/ast-walker-scope set size:undefined disposed:false
2297 http fetch GET 200 https://registry.npmjs.org/@oxc-transform%2fbinding-linux-arm-musleabihf 208ms (cache miss)
2298 silly packumentCache full:https://registry.npmjs.org/@oxc-transform%2fbinding-linux-arm-musleabihf set size:undefined disposed:false
2299 http fetch GET 200 https://registry.npmjs.org/@oxc-transform%2fbinding-linux-arm-gnueabihf 229ms (cache miss)
2300 silly packumentCache full:https://registry.npmjs.org/@oxc-transform%2fbinding-linux-arm-gnueabihf set size:undefined disposed:false
2301 http fetch GET 200 https://registry.npmjs.org/json5 131ms (cache miss)
2302 silly packumentCache full:https://registry.npmjs.org/json5 set size:undefined disposed:false
2303 http fetch GET 200 https://registry.npmjs.org/@babel%2fgenerator 213ms (cache miss)
2304 silly packumentCache full:https://registry.npmjs.org/@babel%2fgenerator set size:undefined disposed:false
2305 silly placeDep ROOT @dxup/unimport@0.1.2 OK for: @dxup/nuxt@0.4.1 want: ^0.1.2
2306 silly fetch manifest cac@^6.7.14
2307 silly packumentCache full:https://registry.npmjs.org/cac cache-miss
2308 http fetch GET 200 https://registry.npmjs.org/cac 274ms (cache miss)
2309 silly packumentCache full:https://registry.npmjs.org/cac set size:undefined disposed:false
2310 silly fetch manifest commander@^13.1.0
2311 silly packumentCache full:https://registry.npmjs.org/commander cache-miss
2312 http fetch GET 200 https://registry.npmjs.org/commander 100ms (cache miss)
2313 silly packumentCache full:https://registry.npmjs.org/commander set size:undefined disposed:false
2314 silly placeDep ROOT @bomb.sh/tab@0.0.14 OK for: @nuxt/cli@3.34.0 want: ^0.0.14
2315 silly placeDep ROOT @clack/prompts@1.2.0 OK for: @nuxt/cli@3.34.0 want: ^1.1.0
2316 silly placeDep ROOT citty@0.2.2 OK for: @nuxt/cli@3.34.0 want: ^0.2.1
2317 silly placeDep ROOT fuse.js@7.3.0 OK for: @nuxt/cli@3.34.0 want: ^7.1.0
2318 silly placeDep ROOT fzf@0.5.2 OK for: @nuxt/cli@3.34.0 want: ^0.5.2
2319 silly placeDep ROOT listhen@1.9.1 OK for: @nuxt/cli@3.34.0 want: ^1.9.0
2320 silly placeDep ROOT srvx@0.11.15 OK for: @nuxt/cli@3.34.0 want: ^0.11.9
2321 silly placeDep node_modules/@nuxt/cli std-env@3.10.0 OK for: @nuxt/cli@3.34.0 want: ^3.10.0
2322 silly placeDep ROOT tinyclip@0.1.12 OK for: @nuxt/cli@3.34.0 want: ^0.1.12
2323 silly placeDep ROOT tinyexec@1.1.1 OK for: @nuxt/cli@3.34.0 want: ^1.0.2
2324 silly placeDep ROOT youch@4.1.1 OK for: @nuxt/cli@3.34.0 want: ^4.1.0
2325 silly fetch manifest fast-string-width@^1.1.0
2326 silly packumentCache full:https://registry.npmjs.org/fast-string-width cache-miss
2327 silly fetch manifest fast-wrap-ansi@^0.1.3
2328 silly packumentCache full:https://registry.npmjs.org/fast-wrap-ansi cache-miss
2329 silly fetch manifest sisteransi@^1.0.5
2330 silly packumentCache full:https://registry.npmjs.org/sisteransi cache-miss
2331 silly fetch manifest @clack/core@1.2.0
2332 silly packumentCache full:https://registry.npmjs.org/@clack%2fcore cache-miss
2333 silly fetch manifest @parcel/watcher@^2.5.6
2334 silly packumentCache full:https://registry.npmjs.org/@parcel%2fwatcher cache-miss
2335 silly fetch manifest @parcel/watcher-wasm@^2.5.6
2336 silly packumentCache full:https://registry.npmjs.org/@parcel%2fwatcher-wasm cache-miss
2337 silly fetch manifest crossws@>=0.2.0 <0.5.0
2338 silly packumentCache full:https://registry.npmjs.org/crossws cache-miss
2339 silly fetch manifest h3@^1.15.11
2340 silly packumentCache full:https://registry.npmjs.org/h3 cache-miss
2341 silly fetch manifest http-shutdown@^1.2.2
2342 silly packumentCache full:https://registry.npmjs.org/http-shutdown cache-miss
2343 silly fetch manifest node-forge@^1.4.0
2344 silly packumentCache full:https://registry.npmjs.org/node-forge cache-miss
2345 silly fetch manifest untun@^0.1.3
2346 silly packumentCache full:https://registry.npmjs.org/untun cache-miss
2347 http cache https://registry.npmjs.org/h3 23ms (cache hit)
2348 silly packumentCache full:https://registry.npmjs.org/h3 set size:444547 disposed:false
2349 silly fetch manifest uqr@^0.1.2
2350 silly packumentCache full:https://registry.npmjs.org/uqr cache-miss
2351 http cache https://registry.npmjs.org/@parcel%2fwatcher 31ms (cache hit)
2352 silly packumentCache full:https://registry.npmjs.org/@parcel%2fwatcher set size:121392 disposed:false
2353 silly fetch manifest @poppinss/colors@^4.1.6
2354 silly packumentCache full:https://registry.npmjs.org/@poppinss%2fcolors cache-miss
2355 http fetch GET 200 https://registry.npmjs.org/fast-string-width 48ms (cache miss)
2356 silly packumentCache full:https://registry.npmjs.org/fast-string-width set size:undefined disposed:false
2357 silly fetch manifest @poppinss/dumper@^0.7.0
2358 silly packumentCache full:https://registry.npmjs.org/@poppinss%2fdumper cache-miss
2359 http fetch GET 200 https://registry.npmjs.org/fast-wrap-ansi 52ms (cache miss)
2360 silly packumentCache full:https://registry.npmjs.org/fast-wrap-ansi set size:undefined disposed:false
2361 silly fetch manifest @speed-highlight/core@^1.2.14
2362 silly packumentCache full:https://registry.npmjs.org/@speed-highlight%2fcore cache-miss
2363 http fetch GET 200 https://registry.npmjs.org/sisteransi 68ms (cache miss)
2364 silly packumentCache full:https://registry.npmjs.org/sisteransi set size:undefined disposed:false
2365 silly fetch manifest cookie-es@^3.0.1
2366 silly packumentCache full:https://registry.npmjs.org/cookie-es cache-miss
2367 http fetch GET 200 https://registry.npmjs.org/@clack%2fcore 82ms (cache miss)
2368 silly packumentCache full:https://registry.npmjs.org/@clack%2fcore set size:undefined disposed:false
2369 silly fetch manifest youch-core@^0.3.3
2370 silly packumentCache full:https://registry.npmjs.org/youch-core cache-miss
2371 http fetch GET 200 https://registry.npmjs.org/http-shutdown 79ms (cache miss)
2372 silly packumentCache full:https://registry.npmjs.org/http-shutdown set size:undefined disposed:false
2373 http cache https://registry.npmjs.org/cookie-es 23ms (cache hit)
2374 silly packumentCache full:https://registry.npmjs.org/cookie-es set size:30011 disposed:false
2375 http fetch GET 200 https://registry.npmjs.org/crossws 92ms (cache miss)
2376 silly packumentCache full:https://registry.npmjs.org/crossws set size:undefined disposed:false
2377 http fetch GET 200 https://registry.npmjs.org/uqr 67ms (cache miss)
2378 silly packumentCache full:https://registry.npmjs.org/uqr set size:undefined disposed:false
2379 http fetch GET 200 https://registry.npmjs.org/@poppinss%2fcolors 83ms (cache miss)
2380 silly packumentCache full:https://registry.npmjs.org/@poppinss%2fcolors set size:undefined disposed:false
2381 http fetch GET 200 https://registry.npmjs.org/@speed-highlight%2fcore 81ms (cache miss)
2382 silly packumentCache full:https://registry.npmjs.org/@speed-highlight%2fcore set size:undefined disposed:false
2383 http fetch GET 200 https://registry.npmjs.org/node-forge 196ms (cache miss)
2384 silly packumentCache full:https://registry.npmjs.org/node-forge set size:undefined disposed:false
2385 http fetch GET 200 https://registry.npmjs.org/@parcel%2fwatcher-wasm 225ms (cache miss)
2386 silly packumentCache full:https://registry.npmjs.org/@parcel%2fwatcher-wasm set size:undefined disposed:false
2387 http fetch GET 200 https://registry.npmjs.org/untun 246ms (cache miss)
2388 silly packumentCache full:https://registry.npmjs.org/untun set size:undefined disposed:false
2389 http fetch GET 200 https://registry.npmjs.org/@poppinss%2fdumper 258ms (cache miss)
2390 silly packumentCache full:https://registry.npmjs.org/@poppinss%2fdumper set size:undefined disposed:false
2391 http fetch GET 200 https://registry.npmjs.org/youch-core 234ms (cache miss)
2392 silly packumentCache full:https://registry.npmjs.org/youch-core set size:undefined disposed:false
2393 silly placeDep ROOT @clack/core@1.2.0 OK for: @clack/prompts@1.2.0 want: 1.2.0
2394 silly placeDep ROOT fast-string-width@1.1.0 OK for: @clack/prompts@1.2.0 want: ^1.1.0
2395 silly placeDep ROOT fast-wrap-ansi@0.1.6 OK for: @clack/prompts@1.2.0 want: ^0.1.3
2396 silly placeDep ROOT sisteransi@1.0.5 OK for: @clack/prompts@1.2.0 want: ^1.0.5
2397 silly fetch manifest fast-string-truncated-width@^1.2.0
2398 silly packumentCache full:https://registry.npmjs.org/fast-string-truncated-width cache-miss
2399 http fetch GET 200 https://registry.npmjs.org/fast-string-truncated-width 42ms (cache miss)
2400 silly packumentCache full:https://registry.npmjs.org/fast-string-truncated-width set size:undefined disposed:false
2401 silly fetch manifest bufferutil@^4.0.1
2402 silly packumentCache full:https://registry.npmjs.org/bufferutil cache-miss
2403 http fetch GET 200 https://registry.npmjs.org/bufferutil 74ms (cache miss)
2404 silly packumentCache full:https://registry.npmjs.org/bufferutil set size:undefined disposed:false
2405 silly fetch manifest utf-8-validate@>=5.0.2
2406 silly packumentCache full:https://registry.npmjs.org/utf-8-validate cache-miss
2407 http fetch GET 200 https://registry.npmjs.org/utf-8-validate 76ms (cache miss)
2408 silly packumentCache full:https://registry.npmjs.org/utf-8-validate set size:undefined disposed:false
2409 silly fetch manifest vite@>=6.0
2410 silly packumentCache full:https://registry.npmjs.org/vite cache-miss
2411 http cache https://registry.npmjs.org/vite 127ms (cache hit)
2412 silly packumentCache full:https://registry.npmjs.org/vite set size:38811285 disposed:false
2413 silly fetch manifest @types/node@^20.19.0 || >=22.12.0
2414 silly packumentCache full:https://registry.npmjs.org/@types%2fnode cache-miss
2415 http cache https://registry.npmjs.org/@types%2fnode 55ms (cache hit)
2416 silly packumentCache full:https://registry.npmjs.org/@types%2fnode set size:10972342 disposed:false
2417 silly fetch manifest jiti@>=1.21.0
2418 silly packumentCache full:https://registry.npmjs.org/jiti cache-miss
2419 http cache https://registry.npmjs.org/jiti 46ms (cache hit)
2420 silly packumentCache full:https://registry.npmjs.org/jiti set size:382310 disposed:false
2421 silly fetch manifest vue@^3.0.0
2422 silly packumentCache full:https://registry.npmjs.org/vue cache-miss
2423 http cache https://registry.npmjs.org/vue 17ms (cache hit)
2424 silly packumentCache full:https://registry.npmjs.org/vue set size:2029368 disposed:false
2425 silly fetch manifest vite@^6.0.0 || ^7.0.0-0
2426 silly packumentCache full:https://registry.npmjs.org/vite cache-miss
2427 http cache https://registry.npmjs.org/vite 129ms (cache hit)
2428 silly packumentCache full:https://registry.npmjs.org/vite set size:38811285 disposed:false
2429 silly fetch manifest lightningcss@^1.21.0
2430 silly packumentCache full:https://registry.npmjs.org/lightningcss cache-miss
2431 http cache https://registry.npmjs.org/lightningcss 10ms (cache hit)
2432 silly packumentCache full:https://registry.npmjs.org/lightningcss set size:186753 disposed:false
2433 silly fetch manifest vite@^6.0.0 || ^7.0.0
2434 silly packumentCache full:https://registry.npmjs.org/vite cache-miss
2435 http cache https://registry.npmjs.org/vite 125ms (cache hit)
2436 silly packumentCache full:https://registry.npmjs.org/vite set size:38811285 disposed:false
2437 silly placeDep ROOT @nuxt/devtools-kit@3.2.4 OK for: @nuxt/devtools@3.2.4 want: 3.2.4
2438 silly placeDep ROOT @nuxt/devtools-wizard@3.2.4 OK for: @nuxt/devtools@3.2.4 want: 3.2.4
2439 silly placeDep ROOT @vue/devtools-core@8.1.1 OK for: @nuxt/devtools@3.2.4 want: ^8.1.0
2440 silly placeDep ROOT @vue/devtools-kit@8.1.1 OK for: @nuxt/devtools@3.2.4 want: ^8.1.0
2441 silly placeDep ROOT birpc@4.0.0 OK for: @nuxt/devtools@3.2.4 want: ^4.0.0
2442 silly placeDep ROOT error-stack-parser-es@1.0.5 OK for: @nuxt/devtools@3.2.4 want: ^1.0.5
2443 silly placeDep ROOT execa@8.0.1 OK for: @nuxt/devtools@3.2.4 want: ^8.0.1
2444 silly placeDep ROOT fast-npm-meta@1.5.0 OK for: @nuxt/devtools@3.2.4 want: ^1.4.2
2445 silly placeDep ROOT get-port-please@3.2.0 OK for: @nuxt/devtools@3.2.4 want: ^3.2.0
2446 silly placeDep node_modules/@nuxt/devtools hookable@6.1.1 OK for: @nuxt/devtools@3.2.4 want: ^6.1.0
2447 silly placeDep ROOT image-meta@0.2.2 OK for: @nuxt/devtools@3.2.4 want: ^0.2.2
2448 silly placeDep ROOT is-installed-globally@1.0.0 OK for: @nuxt/devtools@3.2.4 want: ^1.0.0
2449 silly placeDep ROOT launch-editor@2.13.2 OK for: @nuxt/devtools@3.2.4 want: ^2.13.1
2450 silly placeDep ROOT local-pkg@1.1.2 OK for: @nuxt/devtools@3.2.4 want: ^1.1.2
2451 silly placeDep ROOT magicast@0.5.2 OK for: @nuxt/devtools@3.2.4 want: ^0.5.2
2452 silly placeDep ROOT simple-git@3.36.0 OK for: @nuxt/devtools@3.2.4 want: ^3.33.0
2453 silly placeDep ROOT sirv@3.0.2 OK for: @nuxt/devtools@3.2.4 want: ^3.0.2
2454 silly placeDep ROOT structured-clone-es@2.0.0 OK for: @nuxt/devtools@3.2.4 want: ^2.0.0
2455 silly placeDep ROOT vite-plugin-inspect@11.3.3 OK for: @nuxt/devtools@3.2.4 want: ^11.3.3
2456 silly placeDep ROOT vite@7.3.2 REPLACE for: vite-plugin-inspect@11.3.3 want: ^6.0.0 || ^7.0.0-0
2457 silly placeDep ROOT vite-plugin-vue-tracer@1.3.0 OK for: @nuxt/devtools@3.2.4 want: ^1.3.0
2458 silly placeDep ROOT which@6.0.1 OK for: @nuxt/devtools@3.2.4 want: ^6.0.1
2459 silly placeDep ROOT ws@8.20.0 OK for: @nuxt/devtools@3.2.4 want: ^8.19.0
2460 silly fetch manifest diff@^8.0.3
2461 silly packumentCache full:https://registry.npmjs.org/diff cache-miss
2462 silly fetch manifest @vue/devtools-kit@^8.1.1
2463 silly packumentCache full:https://registry.npmjs.org/@vue%2fdevtools-kit cache-miss
2464 silly fetch manifest @vue/devtools-shared@^8.1.1
2465 silly packumentCache full:https://registry.npmjs.org/@vue%2fdevtools-shared cache-miss
2466 silly fetch manifest birpc@^2.6.1
2467 silly packumentCache full:https://registry.npmjs.org/birpc cache-miss
2468 silly fetch manifest @vue/devtools-shared@^8.1.1
2469 silly packumentCache full:https://registry.npmjs.org/@vue%2fdevtools-shared cache-miss
2470 silly fetch manifest onetime@^6.0.0
2471 silly packumentCache full:https://registry.npmjs.org/onetime cache-miss
2472 silly fetch manifest is-stream@^3.0.0
2473 silly packumentCache full:https://registry.npmjs.org/is-stream cache-miss
2474 silly fetch manifest get-stream@^8.0.1
2475 silly packumentCache full:https://registry.npmjs.org/get-stream cache-miss
2476 silly fetch manifest cross-spawn@^7.0.3
2477 silly packumentCache full:https://registry.npmjs.org/cross-spawn cache-miss
2478 silly fetch manifest signal-exit@^4.1.0
2479 silly packumentCache full:https://registry.npmjs.org/signal-exit cache-miss
2480 silly fetch manifest merge-stream@^2.0.0
2481 silly packumentCache full:https://registry.npmjs.org/merge-stream cache-miss
2482 http cache https://registry.npmjs.org/birpc 28ms (cache hit)
2483 silly packumentCache full:https://registry.npmjs.org/birpc set size:105195 disposed:false
2484 silly fetch manifest npm-run-path@^5.1.0
2485 silly packumentCache full:https://registry.npmjs.org/npm-run-path cache-miss
2486 http cache https://registry.npmjs.org/@vue%2fdevtools-kit 33ms (cache hit)
2487 silly packumentCache full:https://registry.npmjs.org/@vue%2fdevtools-kit set size:183624 disposed:false
2488 silly fetch manifest human-signals@^5.0.0
2489 silly packumentCache full:https://registry.npmjs.org/human-signals cache-miss
2490 http fetch GET 200 https://registry.npmjs.org/merge-stream 52ms (cache miss)
2491 silly packumentCache full:https://registry.npmjs.org/merge-stream set size:undefined disposed:false
2492 silly fetch manifest strip-final-newline@^3.0.0
2493 silly packumentCache full:https://registry.npmjs.org/strip-final-newline cache-miss
2494 http fetch GET 200 https://registry.npmjs.org/is-stream 71ms (cache miss)
2495 silly packumentCache full:https://registry.npmjs.org/is-stream set size:undefined disposed:false
2496 silly fetch manifest global-directory@^4.0.1
2497 silly packumentCache full:https://registry.npmjs.org/global-directory cache-miss
2498 http fetch GET 200 https://registry.npmjs.org/signal-exit 142ms (cache miss)
2499 silly packumentCache full:https://registry.npmjs.org/signal-exit set size:undefined disposed:false
2500 silly fetch manifest is-path-inside@^4.0.0
2501 silly packumentCache full:https://registry.npmjs.org/is-path-inside cache-miss
2502 http fetch GET 200 https://registry.npmjs.org/onetime 149ms (cache miss)
2503 silly packumentCache full:https://registry.npmjs.org/onetime set size:undefined disposed:false
2504 silly fetch manifest picocolors@^1.1.1
2505 silly packumentCache full:https://registry.npmjs.org/picocolors cache-miss
2506 http fetch GET 200 https://registry.npmjs.org/get-stream 154ms (cache miss)
2507 silly packumentCache full:https://registry.npmjs.org/get-stream set size:undefined disposed:false
2508 silly fetch manifest shell-quote@^1.8.3
2509 silly packumentCache full:https://registry.npmjs.org/shell-quote cache-miss
2510 http fetch GET 200 https://registry.npmjs.org/cross-spawn 153ms (cache miss)
2511 silly packumentCache full:https://registry.npmjs.org/cross-spawn set size:undefined disposed:false
2512 silly fetch manifest quansync@^0.2.11
2513 silly packumentCache full:https://registry.npmjs.org/quansync cache-miss
2514 http fetch GET 200 https://registry.npmjs.org/@vue%2fdevtools-shared 179ms (cache miss)
2515 silly packumentCache full:https://registry.npmjs.org/@vue%2fdevtools-shared set size:undefined disposed:false
2516 silly fetch manifest @kwsites/file-exists@^1.1.1
2517 silly packumentCache full:https://registry.npmjs.org/@kwsites%2ffile-exists cache-miss
2518 http fetch GET 200 https://registry.npmjs.org/strip-final-newline 138ms (cache miss)
2519 silly packumentCache full:https://registry.npmjs.org/strip-final-newline set size:undefined disposed:false
2520 silly fetch manifest @kwsites/promise-deferred@^1.1.1
2521 silly packumentCache full:https://registry.npmjs.org/@kwsites%2fpromise-deferred cache-miss
2522 http fetch GET 200 https://registry.npmjs.org/diff 202ms (cache miss)
2523 silly packumentCache full:https://registry.npmjs.org/diff set size:undefined disposed:false
2524 silly fetch manifest @simple-git/args-pathspec@^1.0.3
2525 silly packumentCache full:https://registry.npmjs.org/@simple-git%2fargs-pathspec cache-miss
2526 http fetch GET 200 https://registry.npmjs.org/@vue%2fdevtools-shared 203ms (cache miss)
2527 silly packumentCache full:https://registry.npmjs.org/@vue%2fdevtools-shared set size:undefined disposed:false
2528 silly fetch manifest @simple-git/argv-parser@^1.1.0
2529 silly packumentCache full:https://registry.npmjs.org/@simple-git%2fargv-parser cache-miss
2530 http fetch GET 200 https://registry.npmjs.org/npm-run-path 190ms (cache miss)
2531 silly packumentCache full:https://registry.npmjs.org/npm-run-path set size:undefined disposed:false
2532 silly fetch manifest @polka/url@^1.0.0-next.24
2533 silly packumentCache full:https://registry.npmjs.org/@polka%2furl cache-miss
2534 http fetch GET 200 https://registry.npmjs.org/global-directory 149ms (cache miss)
2535 silly packumentCache full:https://registry.npmjs.org/global-directory set size:undefined disposed:false
2536 silly fetch manifest mrmime@^2.0.0
2537 silly packumentCache full:https://registry.npmjs.org/mrmime cache-miss
2538 http fetch GET 200 https://registry.npmjs.org/human-signals 193ms (cache miss)
2539 silly packumentCache full:https://registry.npmjs.org/human-signals set size:undefined disposed:false
2540 silly fetch manifest totalist@^3.0.0
2541 silly packumentCache full:https://registry.npmjs.org/totalist cache-miss
2542 http fetch GET 200 https://registry.npmjs.org/picocolors 89ms (cache miss)
2543 silly packumentCache full:https://registry.npmjs.org/picocolors set size:undefined disposed:false
2544 silly fetch manifest open@^10.2.0
2545 silly packumentCache full:https://registry.npmjs.org/open cache-miss
2546 http fetch GET 200 https://registry.npmjs.org/is-path-inside 93ms (cache miss)
2547 silly packumentCache full:https://registry.npmjs.org/is-path-inside set size:undefined disposed:false
2548 silly fetch manifest ansis@^4.1.0
2549 silly packumentCache full:https://registry.npmjs.org/ansis cache-miss
2550 http fetch GET 200 https://registry.npmjs.org/quansync 86ms (cache miss)
2551 silly packumentCache full:https://registry.npmjs.org/quansync set size:undefined disposed:false
2552 silly fetch manifest vite-dev-rpc@^1.1.0
2553 silly packumentCache full:https://registry.npmjs.org/vite-dev-rpc cache-miss
2554 http fetch GET 200 https://registry.npmjs.org/shell-quote 93ms (cache miss)
2555 silly packumentCache full:https://registry.npmjs.org/shell-quote set size:undefined disposed:false
2556 silly fetch manifest unplugin-utils@^0.3.0
2557 silly packumentCache full:https://registry.npmjs.org/unplugin-utils cache-miss
2558 http fetch GET 200 https://registry.npmjs.org/@kwsites%2ffile-exists 83ms (cache miss)
2559 silly packumentCache full:https://registry.npmjs.org/@kwsites%2ffile-exists set size:undefined disposed:false
2560 silly fetch manifest rollup@^4.43.0
2561 silly packumentCache full:https://registry.npmjs.org/rollup cache-miss
2562 http cache https://registry.npmjs.org/unplugin-utils 15ms (cache hit)
2563 silly packumentCache full:https://registry.npmjs.org/unplugin-utils set size:25826 disposed:false
2564 silly fetch manifest esbuild@^0.27.0
2565 silly packumentCache full:https://registry.npmjs.org/esbuild cache-miss
2566 http fetch GET 200 https://registry.npmjs.org/mrmime 50ms (cache miss)
2567 silly packumentCache full:https://registry.npmjs.org/mrmime set size:undefined disposed:false
2568 silly fetch manifest postcss@^8.5.6
2569 silly packumentCache full:https://registry.npmjs.org/postcss cache-hit
2570 silly fetch manifest isexe@^4.0.0
2571 silly packumentCache full:https://registry.npmjs.org/isexe cache-miss
2572 http cache https://registry.npmjs.org/esbuild 18ms (cache hit)
2573 silly packumentCache full:https://registry.npmjs.org/esbuild set size:1254708 disposed:false
2574 http cache https://registry.npmjs.org/rollup 48ms (cache hit)
2575 silly packumentCache full:https://registry.npmjs.org/rollup set size:6169575 disposed:false
2576 http fetch GET 200 https://registry.npmjs.org/@simple-git%2fargv-parser 174ms (cache miss)
2577 silly packumentCache full:https://registry.npmjs.org/@simple-git%2fargv-parser set size:undefined disposed:false
2578 http fetch GET 200 https://registry.npmjs.org/@polka%2furl 165ms (cache miss)
2579 silly packumentCache full:https://registry.npmjs.org/@polka%2furl set size:undefined disposed:false
2580 http fetch GET 200 https://registry.npmjs.org/totalist 163ms (cache miss)
2581 silly packumentCache full:https://registry.npmjs.org/totalist set size:undefined disposed:false
2582 http fetch GET 200 https://registry.npmjs.org/isexe 117ms (cache miss)
2583 silly packumentCache full:https://registry.npmjs.org/isexe set size:undefined disposed:false
2584 http fetch GET 200 https://registry.npmjs.org/open 154ms (cache miss)
2585 silly packumentCache full:https://registry.npmjs.org/open set size:undefined disposed:false
2586 http fetch GET 200 https://registry.npmjs.org/@kwsites%2fpromise-deferred 202ms (cache miss)
2587 silly packumentCache full:https://registry.npmjs.org/@kwsites%2fpromise-deferred set size:undefined disposed:false
2588 http fetch GET 200 https://registry.npmjs.org/ansis 163ms (cache miss)
2589 silly packumentCache full:https://registry.npmjs.org/ansis set size:undefined disposed:false
2590 http fetch GET 200 https://registry.npmjs.org/@simple-git%2fargs-pathspec 260ms (cache miss)
2591 silly packumentCache full:https://registry.npmjs.org/@simple-git%2fargs-pathspec set size:undefined disposed:false
2592 http fetch GET 200 https://registry.npmjs.org/vite-dev-rpc 233ms (cache miss)
2593 silly packumentCache full:https://registry.npmjs.org/vite-dev-rpc set size:undefined disposed:false
2594 silly placeDep ROOT diff@8.0.4 OK for: @nuxt/devtools-wizard@3.2.4 want: ^8.0.3
2595 silly fetch manifest xml2js@^0.6.2
2596 silly packumentCache full:https://registry.npmjs.org/xml2js cache-miss
2597 http fetch GET 200 https://registry.npmjs.org/xml2js 59ms (cache miss)
2598 silly packumentCache full:https://registry.npmjs.org/xml2js set size:undefined disposed:false
2599 silly fetch manifest @azure/app-configuration@^1.8.0
2600 silly packumentCache full:https://registry.npmjs.org/@azure%2fapp-configuration cache-miss
2601 http fetch GET 200 https://registry.npmjs.org/@azure%2fapp-configuration 170ms (cache miss)
2602 silly packumentCache full:https://registry.npmjs.org/@azure%2fapp-configuration set size:undefined disposed:false
2603 silly fetch manifest @azure/cosmos@^4.2.0
2604 silly packumentCache full:https://registry.npmjs.org/@azure%2fcosmos cache-miss
2605 http fetch GET 200 https://registry.npmjs.org/@azure%2fcosmos 1777ms (cache miss)
2606 silly packumentCache full:https://registry.npmjs.org/@azure%2fcosmos set size:undefined disposed:false
2607 silly fetch manifest @azure/data-tables@^13.3.0
2608 silly packumentCache full:https://registry.npmjs.org/@azure%2fdata-tables cache-miss
2609 http fetch GET 200 https://registry.npmjs.org/@azure%2fdata-tables 651ms (cache miss)
2610 silly packumentCache full:https://registry.npmjs.org/@azure%2fdata-tables set size:undefined disposed:false
2611 silly fetch manifest @azure/identity@^4.6.0
2612 silly packumentCache full:https://registry.npmjs.org/@azure%2fidentity cache-miss
2613 http fetch GET 200 https://registry.npmjs.org/@azure%2fidentity 663ms (cache miss)
2614 silly packumentCache full:https://registry.npmjs.org/@azure%2fidentity set size:undefined disposed:false
2615 silly fetch manifest @azure/keyvault-secrets@^4.9.0
2616 silly packumentCache full:https://registry.npmjs.org/@azure%2fkeyvault-secrets cache-miss
2617 http fetch GET 200 https://registry.npmjs.org/@azure%2fkeyvault-secrets 680ms (cache miss)
2618 silly packumentCache full:https://registry.npmjs.org/@azure%2fkeyvault-secrets set size:undefined disposed:false
2619 silly fetch manifest @azure/storage-blob@^12.26.0
2620 silly packumentCache full:https://registry.npmjs.org/@azure%2fstorage-blob cache-miss
2621 http fetch GET 200 https://registry.npmjs.org/@azure%2fstorage-blob 712ms (cache miss)
2622 silly packumentCache full:https://registry.npmjs.org/@azure%2fstorage-blob set size:undefined disposed:false
2623 silly fetch manifest @capacitor/preferences@^6 || ^7 || ^8
2624 silly packumentCache full:https://registry.npmjs.org/@capacitor%2fpreferences cache-miss
2625 http fetch GET 200 https://registry.npmjs.org/@capacitor%2fpreferences 1338ms (cache miss)
2626 silly packumentCache full:https://registry.npmjs.org/@capacitor%2fpreferences set size:undefined disposed:false
2627 silly fetch manifest @capacitor/core@>=8.0.0
2628 silly packumentCache full:https://registry.npmjs.org/@capacitor%2fcore cache-miss
2629 http fetch GET 200 https://registry.npmjs.org/@capacitor%2fcore 852ms (cache miss)
2630 silly packumentCache full:https://registry.npmjs.org/@capacitor%2fcore set size:undefined disposed:false
2631 silly fetch manifest @deno/kv@>=0.9.0
2632 silly packumentCache full:https://registry.npmjs.org/@deno%2fkv cache-miss
2633 http fetch GET 200 https://registry.npmjs.org/@deno%2fkv 219ms (cache miss)
2634 silly packumentCache full:https://registry.npmjs.org/@deno%2fkv set size:undefined disposed:false
2635 silly fetch manifest @netlify/blobs@^6.5.0 || ^7.0.0 || ^8.1.0 || ^9.0.0 || ^10.0.0
2636 silly packumentCache full:https://registry.npmjs.org/@netlify%2fblobs cache-miss
2637 http fetch GET 200 https://registry.npmjs.org/@netlify%2fblobs 99ms (cache miss)
2638 silly packumentCache full:https://registry.npmjs.org/@netlify%2fblobs set size:undefined disposed:false
2639 silly fetch manifest @planetscale/database@^1.19.0
2640 silly packumentCache full:https://registry.npmjs.org/@planetscale%2fdatabase cache-miss
2641 http cache https://registry.npmjs.org/@planetscale%2fdatabase 11ms (cache hit)
2642 silly packumentCache full:https://registry.npmjs.org/@planetscale%2fdatabase set size:131439 disposed:false
2643 silly fetch manifest @upstash/redis@^1.34.3
2644 silly packumentCache full:https://registry.npmjs.org/@upstash%2fredis cache-miss
2645 http cache https://registry.npmjs.org/@upstash%2fredis 26ms (cache hit)
2646 silly packumentCache full:https://registry.npmjs.org/@upstash%2fredis set size:3492071 disposed:false
2647 silly fetch manifest @vercel/blob@>=0.27.1
2648 silly packumentCache full:https://registry.npmjs.org/@vercel%2fblob cache-miss
2649 http fetch GET 200 https://registry.npmjs.org/@vercel%2fblob 246ms (cache miss)
2650 silly packumentCache full:https://registry.npmjs.org/@vercel%2fblob set size:undefined disposed:false
2651 silly fetch manifest @vercel/functions@^2.2.12 || ^3.0.0
2652 silly packumentCache full:https://registry.npmjs.org/@vercel%2ffunctions cache-miss
2653 http fetch GET 200 https://registry.npmjs.org/@vercel%2ffunctions 250ms (cache miss)
2654 silly packumentCache full:https://registry.npmjs.org/@vercel%2ffunctions set size:undefined disposed:false
2655 silly fetch manifest @aws-sdk/credential-provider-web-identity@*
2656 silly packumentCache full:https://registry.npmjs.org/@aws-sdk%2fcredential-provider-web-identity cache-miss
2657 http fetch GET 200 https://registry.npmjs.org/@aws-sdk%2fcredential-provider-web-identity 125ms (cache miss)
2658 silly packumentCache full:https://registry.npmjs.org/@aws-sdk%2fcredential-provider-web-identity set size:undefined disposed:false
2659 silly fetch manifest @vercel/kv@^1 || ^2 || ^3
2660 silly packumentCache full:https://registry.npmjs.org/@vercel%2fkv cache-miss
2661 http fetch GET 200 https://registry.npmjs.org/@vercel%2fkv 221ms (cache miss)
2662 silly packumentCache full:https://registry.npmjs.org/@vercel%2fkv set size:undefined disposed:false
2663 silly fetch manifest aws4fetch@^1.0.20
2664 silly packumentCache full:https://registry.npmjs.org/aws4fetch cache-miss
2665 http fetch GET 200 https://registry.npmjs.org/aws4fetch 50ms (cache miss)
2666 silly packumentCache full:https://registry.npmjs.org/aws4fetch set size:undefined disposed:false
2667 silly fetch manifest db0@>=0.2.1
2668 silly packumentCache full:https://registry.npmjs.org/db0 cache-miss
2669 http cache https://registry.npmjs.org/db0 6ms (cache hit)
2670 silly packumentCache full:https://registry.npmjs.org/db0 set size:71272 disposed:false
2671 silly fetch manifest better-sqlite3@*
2672 silly packumentCache full:https://registry.npmjs.org/better-sqlite3 cache-miss
2673 http cache https://registry.npmjs.org/better-sqlite3 6ms (cache hit)
2674 silly packumentCache full:https://registry.npmjs.org/better-sqlite3 set size:374702 disposed:false
2675 silly fetch manifest @sqlite.org/sqlite-wasm@*
2676 silly packumentCache full:https://registry.npmjs.org/@sqlite.org%2fsqlite-wasm cache-miss
2677 http cache https://registry.npmjs.org/@sqlite.org%2fsqlite-wasm 6ms (cache hit)
2678 silly packumentCache full:https://registry.npmjs.org/@sqlite.org%2fsqlite-wasm set size:231306 disposed:false
2679 silly fetch manifest sqlite3@>=5
2680 silly packumentCache full:https://registry.npmjs.org/sqlite3 cache-miss
2681 http cache https://registry.npmjs.org/sqlite3 9ms (cache hit)
2682 silly packumentCache full:https://registry.npmjs.org/sqlite3 set size:330693 disposed:false
2683 silly fetch manifest idb-keyval@^6.2.1
2684 silly packumentCache full:https://registry.npmjs.org/idb-keyval cache-miss
2685 http fetch GET 200 https://registry.npmjs.org/idb-keyval 76ms (cache miss)
2686 silly packumentCache full:https://registry.npmjs.org/idb-keyval set size:undefined disposed:false
2687 silly fetch manifest ioredis@^5.4.2
2688 silly packumentCache full:https://registry.npmjs.org/ioredis cache-miss
2689 http fetch GET 200 https://registry.npmjs.org/ioredis 1070ms (cache miss)
2690 silly packumentCache full:https://registry.npmjs.org/ioredis set size:undefined disposed:false
2691 silly fetch manifest uploadthing@^7.4.4
2692 silly packumentCache full:https://registry.npmjs.org/uploadthing cache-miss
2693 http fetch GET 200 https://registry.npmjs.org/uploadthing 132ms (cache miss)
2694 silly packumentCache full:https://registry.npmjs.org/uploadthing set size:undefined disposed:false
2695 silly fetch manifest express@*
2696 silly packumentCache full:https://registry.npmjs.org/express cache-miss
2697 http fetch GET 200 https://registry.npmjs.org/express 127ms (cache miss)
2698 silly packumentCache full:https://registry.npmjs.org/express set size:undefined disposed:false
2699 silly fetch manifest tailwindcss@^3.0.0 || ^4.0.0-beta.0
2700 silly packumentCache full:https://registry.npmjs.org/tailwindcss cache-miss
2701 http fetch GET 200 https://registry.npmjs.org/tailwindcss 1231ms (cache miss)
2702 silly packumentCache full:https://registry.npmjs.org/tailwindcss set size:undefined disposed:false
2703 silly placeDep ROOT @babel/plugin-syntax-typescript@7.28.6 OK for: @nuxt/nitro-server@4.4.2 want: ^7.28.6
2704 silly placeDep ROOT @babel/core@7.29.0 OK for: @babel/plugin-syntax-typescript@7.28.6 want: ^7.0.0-0
2705 silly placeDep ROOT @nuxt/devalue@2.0.2 OK for: @nuxt/nitro-server@4.4.2 want: ^2.0.2
2706 silly placeDep ROOT h3@1.15.11 OK for: @nuxt/nitro-server@4.4.2 want: ^1.15.6
2707 silly placeDep ROOT mocked-exports@0.1.1 OK for: @nuxt/nitro-server@4.4.2 want: ^0.1.1
2708 silly placeDep ROOT nitropack@2.13.3 OK for: @nuxt/nitro-server@4.4.2 want: ^2.13.1
2709 silly placeDep ROOT unstorage@1.17.5 OK for: @nuxt/nitro-server@4.4.2 want: ^1.17.4
2710 silly placeDep ROOT vue-bundle-renderer@2.2.0 OK for: @nuxt/nitro-server@4.4.2 want: ^2.2.0
2711 silly placeDep ROOT vue-devtools-stub@0.1.0 OK for: @nuxt/nitro-server@4.4.2 want: ^0.1.0
2712 silly fetch manifest @babel/helper-plugin-utils@^7.28.6
2713 silly packumentCache full:https://registry.npmjs.org/@babel%2fhelper-plugin-utils cache-miss
2714 silly fetch manifest semver@^6.3.1
2715 silly packumentCache full:https://registry.npmjs.org/semver cache-miss
2716 silly fetch manifest gensync@^1.0.0-beta.2
2717 silly packumentCache full:https://registry.npmjs.org/gensync cache-miss
2718 silly fetch manifest @babel/helpers@^7.28.6
2719 silly packumentCache full:https://registry.npmjs.org/@babel%2fhelpers cache-miss
2720 silly fetch manifest @babel/template@^7.28.6
2721 silly packumentCache full:https://registry.npmjs.org/@babel%2ftemplate cache-miss
2722 silly fetch manifest @babel/traverse@^7.29.0
2723 silly packumentCache full:https://registry.npmjs.org/@babel%2ftraverse cache-miss
2724 silly fetch manifest @babel/generator@^7.29.0
2725 silly packumentCache full:https://registry.npmjs.org/@babel%2fgenerator cache-miss
2726 silly fetch manifest @babel/code-frame@^7.29.0
2727 silly packumentCache full:https://registry.npmjs.org/@babel%2fcode-frame cache-miss
2728 silly fetch manifest convert-source-map@^2.0.0
2729 silly packumentCache full:https://registry.npmjs.org/convert-source-map cache-miss
2730 silly fetch manifest @babel/helper-module-transforms@^7.28.6
2731 silly packumentCache full:https://registry.npmjs.org/@babel%2fhelper-module-transforms cache-miss
2732 silly fetch manifest @babel/helper-compilation-targets@^7.28.6
2733 silly packumentCache full:https://registry.npmjs.org/@babel%2fhelper-compilation-targets cache-miss
2734 http cache https://registry.npmjs.org/@babel%2fgenerator 36ms (cache hit)
2735 silly packumentCache full:https://registry.npmjs.org/@babel%2fgenerator set size:507107 disposed:false
2736 silly fetch manifest cookie-es@^1.2.3
2737 silly packumentCache full:https://registry.npmjs.org/cookie-es cache-hit
2738 silly fetch manifest crossws@^0.3.5
2739 silly packumentCache full:https://registry.npmjs.org/crossws cache-miss
2740 http cache https://registry.npmjs.org/semver 47ms (cache hit)
2741 silly packumentCache full:https://registry.npmjs.org/semver set size:229620 disposed:false
2742 silly fetch manifest iron-webcrypto@^1.2.1
2743 silly packumentCache full:https://registry.npmjs.org/iron-webcrypto cache-miss
2744 http fetch GET 200 https://registry.npmjs.org/gensync 60ms (cache miss)
2745 silly packumentCache full:https://registry.npmjs.org/gensync set size:undefined disposed:false
2746 silly fetch manifest node-mock-http@^1.0.4
2747 silly packumentCache full:https://registry.npmjs.org/node-mock-http cache-miss
2748 http cache https://registry.npmjs.org/crossws 19ms (cache hit)
2749 silly packumentCache full:https://registry.npmjs.org/crossws set size:90765 disposed:false
2750 silly fetch manifest radix3@^1.1.2
2751 silly packumentCache full:https://registry.npmjs.org/radix3 cache-miss
2752 http fetch GET 200 https://registry.npmjs.org/@babel%2fhelpers 113ms (cache miss)
2753 silly packumentCache full:https://registry.npmjs.org/@babel%2fhelpers set size:undefined disposed:false
2754 silly fetch manifest @cloudflare/kv-asset-handler@^0.4.2
2755 silly packumentCache full:https://registry.npmjs.org/@cloudflare%2fkv-asset-handler cache-miss
2756 http fetch GET 200 https://registry.npmjs.org/convert-source-map 118ms (cache miss)
2757 silly packumentCache full:https://registry.npmjs.org/convert-source-map set size:undefined disposed:false
2758 silly fetch manifest @rollup/plugin-alias@^6.0.0
2759 silly packumentCache full:https://registry.npmjs.org/@rollup%2fplugin-alias cache-miss
2760 http fetch GET 200 https://registry.npmjs.org/@babel%2fcode-frame 168ms (cache miss)
2761 silly packumentCache full:https://registry.npmjs.org/@babel%2fcode-frame set size:undefined disposed:false
2762 silly fetch manifest @rollup/plugin-commonjs@^29.0.2
2763 silly packumentCache full:https://registry.npmjs.org/@rollup%2fplugin-commonjs cache-miss
2764 http fetch GET 200 https://registry.npmjs.org/@babel%2ftemplate 175ms (cache miss)
2765 silly packumentCache full:https://registry.npmjs.org/@babel%2ftemplate set size:undefined disposed:false
2766 silly fetch manifest @rollup/plugin-inject@^5.0.5
2767 silly packumentCache full:https://registry.npmjs.org/@rollup%2fplugin-inject cache-miss
2768 http fetch GET 200 https://registry.npmjs.org/@babel%2fhelper-plugin-utils 181ms (cache miss)
2769 silly packumentCache full:https://registry.npmjs.org/@babel%2fhelper-plugin-utils set size:undefined disposed:false
2770 silly fetch manifest @rollup/plugin-json@^6.1.0
2771 silly packumentCache full:https://registry.npmjs.org/@rollup%2fplugin-json cache-miss
2772 http fetch GET 200 https://registry.npmjs.org/radix3 133ms (cache miss)
2773 silly packumentCache full:https://registry.npmjs.org/radix3 set size:undefined disposed:false
2774 silly fetch manifest @rollup/plugin-node-resolve@^16.0.3
2775 silly packumentCache full:https://registry.npmjs.org/@rollup%2fplugin-node-resolve cache-miss
2776 http fetch GET 200 https://registry.npmjs.org/node-mock-http 143ms (cache miss)
2777 silly packumentCache full:https://registry.npmjs.org/node-mock-http set size:undefined disposed:false
2778 silly fetch manifest @rollup/plugin-terser@^1.0.0
2779 silly packumentCache full:https://registry.npmjs.org/@rollup%2fplugin-terser cache-miss
2780 http fetch GET 200 https://registry.npmjs.org/iron-webcrypto 180ms (cache miss)
2781 silly packumentCache full:https://registry.npmjs.org/iron-webcrypto set size:undefined disposed:false
2782 silly fetch manifest @vercel/nft@^1.5.0
2783 silly packumentCache full:https://registry.npmjs.org/@vercel%2fnft cache-miss
2784 http fetch GET 200 https://registry.npmjs.org/@babel%2fhelper-compilation-targets 231ms (cache miss)
2785 silly packumentCache full:https://registry.npmjs.org/@babel%2fhelper-compilation-targets set size:undefined disposed:false
2786 silly fetch manifest archiver@^7.0.1
2787 silly packumentCache full:https://registry.npmjs.org/archiver cache-miss
2788 http fetch GET 200 https://registry.npmjs.org/@babel%2fhelper-module-transforms 291ms (cache miss)
2789 silly packumentCache full:https://registry.npmjs.org/@babel%2fhelper-module-transforms set size:undefined disposed:false
2790 silly fetch manifest croner@^10.0.1
2791 silly packumentCache full:https://registry.npmjs.org/croner cache-miss
2792 http fetch GET 200 https://registry.npmjs.org/@cloudflare%2fkv-asset-handler 197ms (cache miss)
2793 silly packumentCache full:https://registry.npmjs.org/@cloudflare%2fkv-asset-handler set size:undefined disposed:false
2794 silly fetch manifest dot-prop@^10.1.0
2795 silly packumentCache full:https://registry.npmjs.org/dot-prop cache-miss
2796 http fetch GET 200 https://registry.npmjs.org/@rollup%2fplugin-inject 147ms (cache miss)
2797 silly packumentCache full:https://registry.npmjs.org/@rollup%2fplugin-inject set size:undefined disposed:false
2798 silly fetch manifest esbuild@^0.27.5
2799 silly packumentCache full:https://registry.npmjs.org/esbuild cache-miss
2800 http fetch GET 200 https://registry.npmjs.org/@rollup%2fplugin-alias 206ms (cache miss)
2801 silly packumentCache full:https://registry.npmjs.org/@rollup%2fplugin-alias set size:undefined disposed:false
2802 silly fetch manifest etag@^1.8.1
2803 silly packumentCache full:https://registry.npmjs.org/etag cache-miss
2804 http fetch GET 200 https://registry.npmjs.org/@rollup%2fplugin-json 150ms (cache miss)
2805 silly packumentCache full:https://registry.npmjs.org/@rollup%2fplugin-json set size:undefined disposed:false
2806 silly fetch manifest globby@^16.2.0
2807 silly packumentCache full:https://registry.npmjs.org/globby cache-miss
2808 http fetch GET 200 https://registry.npmjs.org/@rollup%2fplugin-terser 145ms (cache miss)
2809 silly packumentCache full:https://registry.npmjs.org/@rollup%2fplugin-terser set size:undefined disposed:false
2810 silly fetch manifest gzip-size@^7.0.0
2811 silly packumentCache full:https://registry.npmjs.org/gzip-size cache-miss
2812 http fetch GET 200 https://registry.npmjs.org/@rollup%2fplugin-commonjs 184ms (cache miss)
2813 silly packumentCache full:https://registry.npmjs.org/@rollup%2fplugin-commonjs set size:undefined disposed:false
2814 silly fetch manifest httpxy@^0.5.0
2815 silly packumentCache full:https://registry.npmjs.org/httpxy cache-miss
2816 http fetch GET 200 https://registry.npmjs.org/@babel%2ftraverse 363ms (cache miss)
2817 silly packumentCache full:https://registry.npmjs.org/@babel%2ftraverse set size:undefined disposed:false
2818 silly fetch manifest ioredis@^5.10.1
2819 silly packumentCache full:https://registry.npmjs.org/ioredis cache-miss
2820 http cache https://registry.npmjs.org/esbuild 44ms (cache hit)
2821 silly packumentCache full:https://registry.npmjs.org/esbuild set size:1254708 disposed:false
2822 silly fetch manifest mime@^4.1.0
2823 silly packumentCache full:https://registry.npmjs.org/mime cache-miss
2824 http fetch GET 200 https://registry.npmjs.org/@rollup%2fplugin-node-resolve 184ms (cache miss)
2825 silly packumentCache full:https://registry.npmjs.org/@rollup%2fplugin-node-resolve set size:undefined disposed:false
2826 silly fetch manifest pretty-bytes@^7.1.0
2827 silly packumentCache full:https://registry.npmjs.org/pretty-bytes cache-miss
2828 http fetch GET 200 https://registry.npmjs.org/archiver 152ms (cache miss)
2829 silly packumentCache full:https://registry.npmjs.org/archiver set size:undefined disposed:false
2830 silly fetch manifest rollup@^4.60.1
2831 silly packumentCache full:https://registry.npmjs.org/rollup cache-miss
2832 http cache https://registry.npmjs.org/ioredis 40ms (cache hit)
2833 silly packumentCache full:https://registry.npmjs.org/ioredis set size:842503 disposed:false
2834 silly fetch manifest rollup-plugin-visualizer@^7.0.1
2835 silly packumentCache full:https://registry.npmjs.org/rollup-plugin-visualizer cache-miss
2836 http fetch GET 200 https://registry.npmjs.org/dot-prop 107ms (cache miss)
2837 silly packumentCache full:https://registry.npmjs.org/dot-prop set size:undefined disposed:false
2838 silly fetch manifest serve-placeholder@^2.0.2
2839 silly packumentCache full:https://registry.npmjs.org/serve-placeholder cache-miss
2840 http cache https://registry.npmjs.org/rollup 46ms (cache hit)
2841 silly packumentCache full:https://registry.npmjs.org/rollup set size:6169575 disposed:false
2842 silly fetch manifest serve-static@^2.2.1
2843 silly packumentCache full:https://registry.npmjs.org/serve-static cache-miss
2844 http cache https://registry.npmjs.org/rollup-plugin-visualizer 91ms (cache hit)
2845 silly packumentCache full:https://registry.npmjs.org/rollup-plugin-visualizer set size:454938 disposed:false
2846 silly fetch manifest source-map@^0.7.6
2847 silly packumentCache full:https://registry.npmjs.org/source-map cache-miss
2848 http fetch GET 200 https://registry.npmjs.org/source-map 58ms (cache miss)
2849 silly packumentCache full:https://registry.npmjs.org/source-map set size:undefined disposed:false
2850 silly fetch manifest unenv@2.0.0-rc.24
2851 silly packumentCache full:https://registry.npmjs.org/unenv cache-miss
2852 http cache https://registry.npmjs.org/unenv 12ms (cache hit)
2853 silly packumentCache full:https://registry.npmjs.org/unenv set size:236480 disposed:false
2854 silly fetch manifest unstorage@^1.17.5
2855 silly packumentCache full:https://registry.npmjs.org/unstorage cache-miss
2856 http fetch GET 200 https://registry.npmjs.org/@vercel%2fnft 360ms (cache miss)
2857 silly packumentCache full:https://registry.npmjs.org/@vercel%2fnft set size:undefined disposed:false
2858 silly fetch manifest anymatch@^3.1.3
2859 silly packumentCache full:https://registry.npmjs.org/anymatch cache-miss
2860 http cache https://registry.npmjs.org/unstorage 23ms (cache hit)
2861 silly packumentCache full:https://registry.npmjs.org/unstorage set size:355348 disposed:false
2862 silly fetch manifest lru-cache@^11.2.7
2863 silly packumentCache full:https://registry.npmjs.org/lru-cache cache-miss
2864 http fetch GET 200 https://registry.npmjs.org/anymatch 51ms (cache miss)
2865 silly packumentCache full:https://registry.npmjs.org/anymatch set size:undefined disposed:false
2866 http fetch GET 200 https://registry.npmjs.org/gzip-size 323ms (cache miss)
2867 silly packumentCache full:https://registry.npmjs.org/gzip-size set size:undefined disposed:false
2868 http fetch GET 200 https://registry.npmjs.org/globby 349ms (cache miss)
2869 silly packumentCache full:https://registry.npmjs.org/globby set size:undefined disposed:false
2870 http fetch GET 200 https://registry.npmjs.org/httpxy 334ms (cache miss)
2871 silly packumentCache full:https://registry.npmjs.org/httpxy set size:undefined disposed:false
2872 http fetch GET 200 https://registry.npmjs.org/mime 328ms (cache miss)
2873 silly packumentCache full:https://registry.npmjs.org/mime set size:undefined disposed:false
2874 http fetch GET 200 https://registry.npmjs.org/pretty-bytes 345ms (cache miss)
2875 silly packumentCache full:https://registry.npmjs.org/pretty-bytes set size:undefined disposed:false
2876 http fetch GET 200 https://registry.npmjs.org/lru-cache 125ms (cache miss)
2877 silly packumentCache full:https://registry.npmjs.org/lru-cache set size:undefined disposed:false
2878 http fetch GET 200 https://registry.npmjs.org/croner 452ms (cache miss)
2879 silly packumentCache full:https://registry.npmjs.org/croner set size:undefined disposed:false
2880 http fetch GET 200 https://registry.npmjs.org/serve-static 337ms (cache miss)
2881 silly packumentCache full:https://registry.npmjs.org/serve-static set size:undefined disposed:false
2882 http fetch GET 200 https://registry.npmjs.org/serve-placeholder 399ms (cache miss)
2883 silly packumentCache full:https://registry.npmjs.org/serve-placeholder set size:undefined disposed:false
2884 http fetch GET 200 https://registry.npmjs.org/etag 493ms (cache miss)
2885 silly packumentCache full:https://registry.npmjs.org/etag set size:undefined disposed:false
2886 silly fetch manifest @babel/core@^7.0.0
2887 silly packumentCache full:https://registry.npmjs.org/@babel%2fcore cache-miss
2888 http cache https://registry.npmjs.org/@babel%2fcore 12ms (cache hit)
2889 silly packumentCache full:https://registry.npmjs.org/@babel%2fcore set size:760113 disposed:false
2890 silly placeDep ROOT @babel/code-frame@7.29.0 OK for: @babel/core@7.29.0 want: ^7.29.0
2891 silly placeDep ROOT @babel/generator@7.29.1 OK for: @babel/core@7.29.0 want: ^7.29.0
2892 silly placeDep ROOT @babel/helper-compilation-targets@7.28.6 OK for: @babel/core@7.29.0 want: ^7.28.6
2893 silly placeDep ROOT @babel/helper-module-transforms@7.28.6 OK for: @babel/core@7.29.0 want: ^7.28.6
2894 silly placeDep ROOT @babel/helpers@7.29.2 OK for: @babel/core@7.29.0 want: ^7.28.6
2895 silly placeDep ROOT @babel/template@7.28.6 OK for: @babel/core@7.29.0 want: ^7.28.6
2896 silly placeDep ROOT @babel/traverse@7.29.0 OK for: @babel/core@7.29.0 want: ^7.29.0
2897 silly placeDep ROOT @jridgewell/remapping@2.3.5 OK for: @babel/core@7.29.0 want: ^2.3.5
2898 silly placeDep ROOT convert-source-map@2.0.0 OK for: @babel/core@7.29.0 want: ^2.0.0
2899 silly placeDep ROOT gensync@1.0.0-beta.2 OK for: @babel/core@7.29.0 want: ^1.0.0-beta.2
2900 silly placeDep ROOT json5@2.2.3 OK for: @babel/core@7.29.0 want: ^2.2.3
2901 silly placeDep node_modules/@babel/core semver@6.3.1 OK for: @babel/core@7.29.0 want: ^6.3.1
2902 silly fetch manifest js-tokens@^4.0.0
2903 silly packumentCache full:https://registry.npmjs.org/js-tokens cache-miss
2904 silly fetch manifest jsesc@^3.0.2
2905 silly packumentCache full:https://registry.npmjs.org/jsesc cache-miss
2906 silly fetch manifest @jridgewell/gen-mapping@^0.3.12
2907 silly packumentCache full:https://registry.npmjs.org/@jridgewell%2fgen-mapping cache-miss
2908 silly fetch manifest @jridgewell/trace-mapping@^0.3.28
2909 silly packumentCache full:https://registry.npmjs.org/@jridgewell%2ftrace-mapping cache-miss
2910 silly fetch manifest lru-cache@^5.1.1
2911 silly packumentCache full:https://registry.npmjs.org/lru-cache cache-miss
2912 silly fetch manifest browserslist@^4.24.0
2913 silly packumentCache full:https://registry.npmjs.org/browserslist cache-miss
2914 silly fetch manifest @babel/compat-data@^7.28.6
2915 silly packumentCache full:https://registry.npmjs.org/@babel%2fcompat-data cache-miss
2916 silly fetch manifest @babel/helper-validator-option@^7.27.1
2917 silly packumentCache full:https://registry.npmjs.org/@babel%2fhelper-validator-option cache-miss
2918 silly fetch manifest @babel/traverse@^7.28.6
2919 silly packumentCache full:https://registry.npmjs.org/@babel%2ftraverse cache-miss
2920 silly fetch manifest @babel/helper-module-imports@^7.28.6
2921 silly packumentCache full:https://registry.npmjs.org/@babel%2fhelper-module-imports cache-miss
2922 silly fetch manifest @babel/helper-globals@^7.28.0
2923 silly packumentCache full:https://registry.npmjs.org/@babel%2fhelper-globals cache-miss
2924 http cache https://registry.npmjs.org/lru-cache 23ms (cache hit)
2925 silly packumentCache full:https://registry.npmjs.org/lru-cache set size:439357 disposed:false
2926 silly fetch manifest @jridgewell/gen-mapping@^0.3.5
2927 silly packumentCache full:https://registry.npmjs.org/@jridgewell%2fgen-mapping cache-miss
2928 http cache https://registry.npmjs.org/@jridgewell%2ftrace-mapping 35ms (cache hit)
2929 silly packumentCache full:https://registry.npmjs.org/@jridgewell%2ftrace-mapping set size:170909 disposed:false
2930 silly fetch manifest @jridgewell/trace-mapping@^0.3.24
2931 silly packumentCache full:https://registry.npmjs.org/@jridgewell%2ftrace-mapping cache-hit
2932 http cache https://registry.npmjs.org/@babel%2ftraverse 38ms (cache hit)
2933 silly packumentCache full:https://registry.npmjs.org/@babel%2ftraverse set size:548722 disposed:false
2934 http fetch GET 200 https://registry.npmjs.org/js-tokens 59ms (cache miss)
2935 silly packumentCache full:https://registry.npmjs.org/js-tokens set size:undefined disposed:false
2936 http fetch GET 200 https://registry.npmjs.org/jsesc 63ms (cache miss)
2937 silly packumentCache full:https://registry.npmjs.org/jsesc set size:undefined disposed:false
2938 http fetch GET 200 https://registry.npmjs.org/@babel%2fhelper-globals 65ms (cache miss)
2939 silly packumentCache full:https://registry.npmjs.org/@babel%2fhelper-globals set size:undefined disposed:false
2940 http fetch GET 200 https://registry.npmjs.org/@jridgewell%2fgen-mapping 467ms (cache miss)
2941 silly packumentCache full:https://registry.npmjs.org/@jridgewell%2fgen-mapping set size:undefined disposed:false
2942 http fetch GET 200 https://registry.npmjs.org/@babel%2fhelper-validator-option 508ms (cache miss)
2943 silly packumentCache full:https://registry.npmjs.org/@babel%2fhelper-validator-option set size:undefined disposed:false
2944 http fetch GET 200 https://registry.npmjs.org/@babel%2fhelper-module-imports 544ms (cache miss)
2945 silly packumentCache full:https://registry.npmjs.org/@babel%2fhelper-module-imports set size:undefined disposed:false
2946 http fetch GET 200 https://registry.npmjs.org/browserslist 552ms (cache miss)
2947 silly packumentCache full:https://registry.npmjs.org/browserslist set size:undefined disposed:false
2948 http fetch GET 200 https://registry.npmjs.org/@jridgewell%2fgen-mapping 573ms (cache miss)
2949 silly packumentCache full:https://registry.npmjs.org/@jridgewell%2fgen-mapping set size:undefined disposed:false
2950 http fetch GET 200 https://registry.npmjs.org/@babel%2fcompat-data 679ms (cache miss)
2951 silly packumentCache full:https://registry.npmjs.org/@babel%2fcompat-data set size:undefined disposed:false
2952 silly placeDep ROOT js-tokens@4.0.0 OK for: @babel/code-frame@7.29.0 want: ^4.0.0
2953 silly placeDep ROOT picocolors@1.1.1 OK for: @babel/code-frame@7.29.0 want: ^1.1.1
2954 silly placeDep ROOT @jridgewell/gen-mapping@0.3.13 OK for: @babel/generator@7.29.1 want: ^0.3.12
2955 silly placeDep ROOT @jridgewell/trace-mapping@0.3.31 OK for: @babel/generator@7.29.1 want: ^0.3.28
2956 silly placeDep ROOT jsesc@3.1.0 OK for: @babel/generator@7.29.1 want: ^3.0.2
2957 silly fetch manifest @jridgewell/sourcemap-codec@^1.5.0
2958 silly packumentCache full:https://registry.npmjs.org/@jridgewell%2fsourcemap-codec cache-miss
2959 silly fetch manifest @jridgewell/resolve-uri@^3.1.0
2960 silly packumentCache full:https://registry.npmjs.org/@jridgewell%2fresolve-uri cache-miss
2961 silly fetch manifest @jridgewell/sourcemap-codec@^1.4.14
2962 silly packumentCache full:https://registry.npmjs.org/@jridgewell%2fsourcemap-codec cache-miss
2963 http cache https://registry.npmjs.org/@jridgewell%2fsourcemap-codec 13ms (cache hit)
2964 silly packumentCache full:https://registry.npmjs.org/@jridgewell%2fsourcemap-codec set size:59275 disposed:false
2965 http cache https://registry.npmjs.org/@jridgewell%2fsourcemap-codec 14ms (cache hit)
2966 silly packumentCache full:https://registry.npmjs.org/@jridgewell%2fsourcemap-codec set size:59275 disposed:false
2967 silly packumentCache full:https://registry.npmjs.org/@jridgewell%2fsourcemap-codec dispose
2968 http fetch GET 200 https://registry.npmjs.org/@jridgewell%2fresolve-uri 61ms (cache miss)
2969 silly packumentCache full:https://registry.npmjs.org/@jridgewell%2fresolve-uri set size:undefined disposed:false
2970 silly placeDep ROOT @babel/compat-data@7.29.0 OK for: @babel/helper-compilation-targets@7.28.6 want: ^7.28.6
2971 silly placeDep ROOT @babel/helper-validator-option@7.27.1 OK for: @babel/helper-compilation-targets@7.28.6 want: ^7.27.1
2972 silly placeDep ROOT browserslist@4.28.2 OK for: @babel/helper-compilation-targets@7.28.6 want: ^4.24.0
2973 silly placeDep ROOT lru-cache@5.1.1 OK for: @babel/helper-compilation-targets@7.28.6 want: ^5.1.1
2974 silly placeDep node_modules/@babel/helper-compilation-targets semver@6.3.1 OK for: @babel/helper-compilation-targets@7.28.6 want: ^6.3.1
2975 silly fetch manifest baseline-browser-mapping@^2.10.12
2976 silly packumentCache full:https://registry.npmjs.org/baseline-browser-mapping cache-miss
2977 silly fetch manifest caniuse-lite@^1.0.30001782
2978 silly packumentCache full:https://registry.npmjs.org/caniuse-lite cache-miss
2979 silly fetch manifest electron-to-chromium@^1.5.328
2980 silly packumentCache full:https://registry.npmjs.org/electron-to-chromium cache-miss
2981 silly fetch manifest node-releases@^2.0.36
2982 silly packumentCache full:https://registry.npmjs.org/node-releases cache-miss
2983 silly fetch manifest update-browserslist-db@^1.2.3
2984 silly packumentCache full:https://registry.npmjs.org/update-browserslist-db cache-miss
2985 silly fetch manifest yallist@^3.0.2
2986 silly packumentCache full:https://registry.npmjs.org/yallist cache-miss
2987 http fetch GET 200 https://registry.npmjs.org/yallist 59ms (cache miss)
2988 silly packumentCache full:https://registry.npmjs.org/yallist set size:undefined disposed:false
2989 http fetch GET 200 https://registry.npmjs.org/update-browserslist-db 67ms (cache miss)
2990 silly packumentCache full:https://registry.npmjs.org/update-browserslist-db set size:undefined disposed:false
2991 http fetch GET 200 https://registry.npmjs.org/baseline-browser-mapping 228ms (cache miss)
2992 silly packumentCache full:https://registry.npmjs.org/baseline-browser-mapping set size:undefined disposed:false
2993 http fetch GET 200 https://registry.npmjs.org/node-releases 254ms (cache miss)
2994 silly packumentCache full:https://registry.npmjs.org/node-releases set size:undefined disposed:false
2995 http fetch GET 200 https://registry.npmjs.org/caniuse-lite 421ms (cache miss)
2996 silly packumentCache full:https://registry.npmjs.org/caniuse-lite set size:undefined disposed:false
2997 http fetch GET 200 https://registry.npmjs.org/electron-to-chromium 891ms (cache miss)
2998 silly packumentCache full:https://registry.npmjs.org/electron-to-chromium set size:undefined disposed:false
2999 silly placeDep ROOT @babel/helper-module-imports@7.28.6 OK for: @babel/helper-module-transforms@7.28.6 want: ^7.28.6
3000 silly placeDep ROOT @babel/helper-plugin-utils@7.28.6 OK for: @babel/plugin-syntax-typescript@7.28.6 want: ^7.28.6
3001 silly placeDep ROOT @babel/helper-globals@7.28.0 OK for: @babel/traverse@7.29.0 want: ^7.28.0
3002 silly placeDep ROOT @jridgewell/sourcemap-codec@1.5.5 OK for: @jridgewell/gen-mapping@0.3.13 want: ^1.5.0
3003 silly placeDep ROOT @jridgewell/resolve-uri@3.1.2 OK for: @jridgewell/trace-mapping@0.3.31 want: ^3.1.0
3004 silly placeDep node_modules/@nuxt/telemetry ofetch@2.0.0-alpha.3 OK for: @nuxt/telemetry@2.8.0 want: ^2.0.0-alpha.3
3005 silly fetch manifest rollup@^1.20.0||^2.0.0||^3.0.0||^4.0.0
3006 silly packumentCache full:https://registry.npmjs.org/rollup cache-miss
3007 http cache https://registry.npmjs.org/rollup 31ms (cache hit)
3008 silly packumentCache full:https://registry.npmjs.org/rollup set size:6169575 disposed:false
3009 silly fetch manifest vue@^3.3.4
3010 silly packumentCache full:https://registry.npmjs.org/vue cache-miss
3011 http cache https://registry.npmjs.org/vue 18ms (cache hit)
3012 silly packumentCache full:https://registry.npmjs.org/vue set size:2029368 disposed:false
3013 silly fetch manifest @biomejs/biome@>=1.7
3014 silly packumentCache full:https://registry.npmjs.org/@biomejs%2fbiome cache-miss
3015 http fetch GET 200 https://registry.npmjs.org/@biomejs%2fbiome 766ms (cache miss)
3016 silly packumentCache full:https://registry.npmjs.org/@biomejs%2fbiome set size:undefined disposed:false
3017 silly fetch manifest eslint@>=9.39.1
3018 silly packumentCache full:https://registry.npmjs.org/eslint cache-miss
3019 http fetch GET 200 https://registry.npmjs.org/eslint 562ms (cache miss)
3020 silly packumentCache full:https://registry.npmjs.org/eslint set size:undefined disposed:false
3021 silly fetch manifest meow@^13.2.0
3022 silly packumentCache full:https://registry.npmjs.org/meow cache-miss
3023 http fetch GET 200 https://registry.npmjs.org/meow 343ms (cache miss)
3024 silly packumentCache full:https://registry.npmjs.org/meow set size:undefined disposed:false
3025 silly fetch manifest optionator@^0.9.4
3026 silly packumentCache full:https://registry.npmjs.org/optionator cache-miss
3027 http fetch GET 200 https://registry.npmjs.org/optionator 54ms (cache miss)
3028 silly packumentCache full:https://registry.npmjs.org/optionator set size:undefined disposed:false
3029 silly fetch manifest oxlint@>=1
3030 silly packumentCache full:https://registry.npmjs.org/oxlint cache-miss
3031 http fetch GET 200 https://registry.npmjs.org/oxlint 87ms (cache miss)
3032 silly packumentCache full:https://registry.npmjs.org/oxlint set size:undefined disposed:false
3033 silly fetch manifest oxlint-tsgolint@>=0.18.0
3034 silly packumentCache full:https://registry.npmjs.org/oxlint-tsgolint cache-miss
3035 http fetch GET 200 https://registry.npmjs.org/oxlint-tsgolint 58ms (cache miss)
3036 silly packumentCache full:https://registry.npmjs.org/oxlint-tsgolint set size:undefined disposed:false
3037 silly fetch manifest stylelint@>=16
3038 silly packumentCache full:https://registry.npmjs.org/stylelint cache-miss
3039 http fetch GET 200 https://registry.npmjs.org/stylelint 153ms (cache miss)
3040 silly packumentCache full:https://registry.npmjs.org/stylelint set size:undefined disposed:false
3041 silly fetch manifest vls@*
3042 silly packumentCache full:https://registry.npmjs.org/vls cache-miss
3043 http fetch GET 200 https://registry.npmjs.org/vls 66ms (cache miss)
3044 silly packumentCache full:https://registry.npmjs.org/vls set size:undefined disposed:false
3045 silly fetch manifest vti@*
3046 silly packumentCache full:https://registry.npmjs.org/vti cache-miss
3047 http fetch GET 200 https://registry.npmjs.org/vti 66ms (cache miss)
3048 silly packumentCache full:https://registry.npmjs.org/vti set size:undefined disposed:false
3049 silly fetch manifest vue-tsc@~2.2.10 || ^3.0.0
3050 silly packumentCache full:https://registry.npmjs.org/vue-tsc cache-miss
3051 http fetch GET 200 https://registry.npmjs.org/vue-tsc 245ms (cache miss)
3052 silly packumentCache full:https://registry.npmjs.org/vue-tsc set size:undefined disposed:false
3053 silly placeDep ROOT @rollup/plugin-replace@6.0.3 OK for: @nuxt/vite-builder@4.4.2 want: ^6.0.3
3054 silly placeDep ROOT @vitejs/plugin-vue@6.0.6 OK for: @nuxt/vite-builder@4.4.2 want: ^6.0.4
3055 silly placeDep ROOT @vitejs/plugin-vue-jsx@5.1.5 OK for: @nuxt/vite-builder@4.4.2 want: ^5.1.4
3056 silly placeDep ROOT autoprefixer@10.5.0 OK for: @nuxt/vite-builder@4.4.2 want: ^10.4.27
3057 silly placeDep ROOT postcss@8.5.10 OK for: autoprefixer@10.5.0 want: ^8.1.0
3058 silly placeDep ROOT cssnano@7.1.7 OK for: @nuxt/vite-builder@4.4.2 want: ^7.1.3
3059 silly placeDep ROOT seroval@1.5.2 OK for: @nuxt/vite-builder@4.4.2 want: ^1.5.1
3060 silly placeDep ROOT unenv@2.0.0-rc.24 OK for: @nuxt/vite-builder@4.4.2 want: ^2.0.0-rc.24
3061 silly placeDep ROOT vite-node@5.3.0 OK for: @nuxt/vite-builder@4.4.2 want: ^5.3.0
3062 silly placeDep ROOT vite-plugin-checker@0.12.0 OK for: @nuxt/vite-builder@4.4.2 want: ^0.12.0
3063 silly fetch manifest @rollup/pluginutils@^5.0.1
3064 silly packumentCache full:https://registry.npmjs.org/@rollup%2fpluginutils cache-miss
3065 silly fetch manifest @rolldown/pluginutils@1.0.0-rc.13
3066 silly packumentCache full:https://registry.npmjs.org/@rolldown%2fpluginutils cache-miss
3067 silly fetch manifest @babel/plugin-transform-typescript@^7.28.6
3068 silly packumentCache full:https://registry.npmjs.org/@babel%2fplugin-transform-typescript cache-miss
3069 silly fetch manifest @rolldown/pluginutils@^1.0.0-rc.2
3070 silly packumentCache full:https://registry.npmjs.org/@rolldown%2fpluginutils cache-miss
3071 silly fetch manifest @vue/babel-plugin-jsx@^2.0.1
3072 silly packumentCache full:https://registry.npmjs.org/@vue%2fbabel-plugin-jsx cache-miss
3073 silly fetch manifest caniuse-lite@^1.0.30001787
3074 silly packumentCache full:https://registry.npmjs.org/caniuse-lite cache-miss
3075 silly fetch manifest fraction.js@^5.3.4
3076 silly packumentCache full:https://registry.npmjs.org/fraction.js cache-miss
3077 silly fetch manifest postcss-value-parser@^4.2.0
3078 silly packumentCache full:https://registry.npmjs.org/postcss-value-parser cache-miss
3079 silly fetch manifest nanoid@^3.3.11
3080 silly packumentCache full:https://registry.npmjs.org/nanoid cache-miss
3081 silly fetch manifest lilconfig@^3.1.3
3082 silly packumentCache full:https://registry.npmjs.org/lilconfig cache-miss
3083 silly fetch manifest cssnano-preset-default@^7.0.15
3084 silly packumentCache full:https://registry.npmjs.org/cssnano-preset-default cache-miss
3085 http cache https://registry.npmjs.org/caniuse-lite 27ms (cache hit)
3086 silly packumentCache full:https://registry.npmjs.org/caniuse-lite set size:2287105 disposed:false
3087 silly fetch manifest obug@^2.1.1
3088 silly packumentCache full:https://registry.npmjs.org/obug cache-miss
3089 http fetch GET 200 https://registry.npmjs.org/obug 53ms (cache miss)
3090 silly packumentCache full:https://registry.npmjs.org/obug set size:undefined disposed:false
3091 silly fetch manifest chokidar@^4.0.3
3092 silly packumentCache full:https://registry.npmjs.org/chokidar cache-miss
3093 http cache https://registry.npmjs.org/chokidar 7ms (cache hit)
3094 silly packumentCache full:https://registry.npmjs.org/chokidar set size:255902 disposed:false
3095 silly fetch manifest vscode-uri@^3.1.0
3096 silly packumentCache full:https://registry.npmjs.org/vscode-uri cache-miss
3097 http fetch GET 200 https://registry.npmjs.org/postcss-value-parser 135ms (cache miss)
3098 silly packumentCache full:https://registry.npmjs.org/postcss-value-parser set size:undefined disposed:false
3099 silly fetch manifest npm-run-path@^6.0.0
3100 silly packumentCache full:https://registry.npmjs.org/npm-run-path cache-miss
3101 http fetch GET 200 https://registry.npmjs.org/lilconfig 139ms (cache miss)
3102 silly packumentCache full:https://registry.npmjs.org/lilconfig set size:undefined disposed:false
3103 silly fetch manifest tiny-invariant@^1.3.3
3104 silly packumentCache full:https://registry.npmjs.org/tiny-invariant cache-miss
3105 http fetch GET 200 https://registry.npmjs.org/@rollup%2fpluginutils 149ms (cache miss)
3106 silly packumentCache full:https://registry.npmjs.org/@rollup%2fpluginutils set size:undefined disposed:false
3107 http fetch GET 200 https://registry.npmjs.org/fraction.js 152ms (cache miss)
3108 silly packumentCache full:https://registry.npmjs.org/fraction.js set size:undefined disposed:false
3109 http cache https://registry.npmjs.org/npm-run-path 21ms (cache hit)
3110 silly packumentCache full:https://registry.npmjs.org/npm-run-path set size:33596 disposed:false
3111 http fetch GET 200 https://registry.npmjs.org/@vue%2fbabel-plugin-jsx 172ms (cache miss)
3112 silly packumentCache full:https://registry.npmjs.org/@vue%2fbabel-plugin-jsx set size:undefined disposed:false
3113 http fetch GET 200 https://registry.npmjs.org/nanoid 194ms (cache miss)
3114 silly packumentCache full:https://registry.npmjs.org/nanoid set size:undefined disposed:false
3115 http fetch GET 200 https://registry.npmjs.org/@rolldown%2fpluginutils 204ms (cache miss)
3116 silly packumentCache full:https://registry.npmjs.org/@rolldown%2fpluginutils set size:undefined disposed:false
3117 http fetch GET 200 https://registry.npmjs.org/cssnano-preset-default 209ms (cache miss)
3118 silly packumentCache full:https://registry.npmjs.org/cssnano-preset-default set size:undefined disposed:false
3119 http fetch GET 200 https://registry.npmjs.org/vscode-uri 114ms (cache miss)
3120 silly packumentCache full:https://registry.npmjs.org/vscode-uri set size:undefined disposed:false
3121 http fetch GET 200 https://registry.npmjs.org/@rolldown%2fpluginutils 234ms (cache miss)
3122 silly packumentCache full:https://registry.npmjs.org/@rolldown%2fpluginutils set size:undefined disposed:false
3123 http fetch GET 200 https://registry.npmjs.org/@babel%2fplugin-transform-typescript 246ms (cache miss)
3124 silly packumentCache full:https://registry.npmjs.org/@babel%2fplugin-transform-typescript set size:undefined disposed:false
3125 http fetch GET 200 https://registry.npmjs.org/tiny-invariant 109ms (cache miss)
3126 silly packumentCache full:https://registry.npmjs.org/tiny-invariant set size:undefined disposed:false
3127 silly placeDep ROOT @rollup/pluginutils@5.3.0 OK for: @rollup/plugin-replace@6.0.3 want: ^5.0.1
3128 silly fetch manifest @types/estree@^1.0.0
3129 silly packumentCache full:https://registry.npmjs.org/@types%2festree cache-miss
3130 silly fetch manifest picomatch@^4.0.2
3131 silly packumentCache full:https://registry.npmjs.org/picomatch cache-hit
3132 http fetch GET 200 https://registry.npmjs.org/@types%2festree 72ms (cache miss)
3133 silly packumentCache full:https://registry.npmjs.org/@types%2festree set size:undefined disposed:false
3134 silly placeDep ROOT @types/estree@1.0.8 OK for: @rollup/pluginutils@5.3.0 want: ^1.0.0
3135 silly placeDep node_modules/@rollup/pluginutils picomatch@4.0.4 OK for: @rollup/pluginutils@5.3.0 want: ^4.0.2
3136 silly placeDep node_modules/@unhead/vue hookable@6.1.1 OK for: @unhead/vue@2.1.13 want: ^6.0.1
3137 silly placeDep ROOT unhead@2.1.13 OK for: @unhead/vue@2.1.13 want: 2.1.13
3138 silly placeDep ROOT @rolldown/pluginutils@1.0.0-rc.13 OK for: @vitejs/plugin-vue@6.0.6 want: 1.0.0-rc.13
3139 silly fetch manifest @babel/core@^7.29.0
3140 silly packumentCache full:https://registry.npmjs.org/@babel%2fcore cache-hit
3141 silly placeDep ROOT @babel/plugin-transform-typescript@7.28.6 OK for: @vitejs/plugin-vue-jsx@5.1.5 want: ^7.28.6
3142 silly placeDep ROOT @vue/babel-plugin-jsx@2.0.1 OK for: @vitejs/plugin-vue-jsx@5.1.5 want: ^2.0.1
3143 silly fetch manifest @babel/helper-annotate-as-pure@^7.27.3
3144 silly packumentCache full:https://registry.npmjs.org/@babel%2fhelper-annotate-as-pure cache-miss
3145 silly fetch manifest @babel/helper-create-class-features-plugin@^7.28.6
3146 silly packumentCache full:https://registry.npmjs.org/@babel%2fhelper-create-class-features-plugin cache-miss
3147 silly fetch manifest @babel/helper-skip-transparent-expression-wrappers@^7.27.1
3148 silly packumentCache full:https://registry.npmjs.org/@babel%2fhelper-skip-transparent-expression-wrappers cache-miss
3149 silly fetch manifest @babel/plugin-syntax-jsx@^7.27.1
3150 silly packumentCache full:https://registry.npmjs.org/@babel%2fplugin-syntax-jsx cache-miss
3151 silly fetch manifest @vue/babel-helper-vue-transform-on@2.0.1
3152 silly packumentCache full:https://registry.npmjs.org/@vue%2fbabel-helper-vue-transform-on cache-miss
3153 silly fetch manifest @vue/babel-plugin-resolve-type@2.0.1
3154 silly packumentCache full:https://registry.npmjs.org/@vue%2fbabel-plugin-resolve-type cache-miss
3155 http cache https://registry.npmjs.org/@babel%2fplugin-syntax-jsx 11ms (cache hit)
3156 silly packumentCache full:https://registry.npmjs.org/@babel%2fplugin-syntax-jsx set size:182973 disposed:false
3157 http fetch GET 200 https://registry.npmjs.org/@vue%2fbabel-plugin-resolve-type 95ms (cache miss)
3158 silly packumentCache full:https://registry.npmjs.org/@vue%2fbabel-plugin-resolve-type set size:undefined disposed:false
3159 http fetch GET 200 https://registry.npmjs.org/@vue%2fbabel-helper-vue-transform-on 136ms (cache miss)
3160 silly packumentCache full:https://registry.npmjs.org/@vue%2fbabel-helper-vue-transform-on set size:undefined disposed:false
3161 http fetch GET 200 https://registry.npmjs.org/@babel%2fhelper-skip-transparent-expression-wrappers 141ms (cache miss)
3162 silly packumentCache full:https://registry.npmjs.org/@babel%2fhelper-skip-transparent-expression-wrappers set size:undefined disposed:false
3163 http fetch GET 200 https://registry.npmjs.org/@babel%2fhelper-annotate-as-pure 144ms (cache miss)
3164 silly packumentCache full:https://registry.npmjs.org/@babel%2fhelper-annotate-as-pure set size:undefined disposed:false
3165 http fetch GET 200 https://registry.npmjs.org/@babel%2fhelper-create-class-features-plugin 496ms (cache miss)
3166 silly packumentCache full:https://registry.npmjs.org/@babel%2fhelper-create-class-features-plugin set size:undefined disposed:false
3167 silly placeDep ROOT @babel/helper-annotate-as-pure@7.27.3 OK for: @babel/plugin-transform-typescript@7.28.6 want: ^7.27.3
3168 silly placeDep ROOT @babel/helper-create-class-features-plugin@7.28.6 OK for: @babel/plugin-transform-typescript@7.28.6 want: ^7.28.6
3169 silly placeDep ROOT @babel/helper-skip-transparent-expression-wrappers@7.27.1 OK for: @babel/plugin-transform-typescript@7.28.6 want: ^7.27.1
3170 silly fetch manifest @babel/helper-replace-supers@^7.28.6
3171 silly packumentCache full:https://registry.npmjs.org/@babel%2fhelper-replace-supers cache-miss
3172 silly fetch manifest @babel/helper-optimise-call-expression@^7.27.1
3173 silly packumentCache full:https://registry.npmjs.org/@babel%2fhelper-optimise-call-expression cache-miss
3174 silly fetch manifest @babel/helper-member-expression-to-functions@^7.28.5
3175 silly packumentCache full:https://registry.npmjs.org/@babel%2fhelper-member-expression-to-functions cache-miss
3176 http fetch GET 200 https://registry.npmjs.org/@babel%2fhelper-replace-supers 82ms (cache miss)
3177 silly packumentCache full:https://registry.npmjs.org/@babel%2fhelper-replace-supers set size:undefined disposed:false
3178 http fetch GET 200 https://registry.npmjs.org/@babel%2fhelper-optimise-call-expression 106ms (cache miss)
3179 silly packumentCache full:https://registry.npmjs.org/@babel%2fhelper-optimise-call-expression set size:undefined disposed:false
3180 http fetch GET 200 https://registry.npmjs.org/@babel%2fhelper-member-expression-to-functions 117ms (cache miss)
3181 silly packumentCache full:https://registry.npmjs.org/@babel%2fhelper-member-expression-to-functions set size:undefined disposed:false
3182 silly placeDep ROOT @babel/helper-member-expression-to-functions@7.28.5 OK for: @babel/helper-create-class-features-plugin@7.28.6 want: ^7.28.5
3183 silly placeDep ROOT @babel/helper-optimise-call-expression@7.27.1 OK for: @babel/helper-create-class-features-plugin@7.28.6 want: ^7.27.1
3184 silly placeDep ROOT @babel/helper-replace-supers@7.28.6 OK for: @babel/helper-create-class-features-plugin@7.28.6 want: ^7.28.6
3185 silly placeDep node_modules/@babel/helper-create-class-features-plugin semver@6.3.1 OK for: @babel/helper-create-class-features-plugin@7.28.6 want: ^6.3.1
3186 silly placeDep ROOT @babel/plugin-syntax-jsx@7.28.6 OK for: @vue/babel-plugin-jsx@2.0.1 want: ^7.27.1
3187 silly placeDep ROOT @vue/babel-helper-vue-transform-on@2.0.1 OK for: @vue/babel-plugin-jsx@2.0.1 want: 2.0.1
3188 silly placeDep ROOT @vue/babel-plugin-resolve-type@2.0.1 OK for: @vue/babel-plugin-jsx@2.0.1 want: 2.0.1
3189 silly fetch manifest @vue/compiler-sfc@^3.5.22
3190 silly packumentCache full:https://registry.npmjs.org/@vue%2fcompiler-sfc cache-hit
3191 silly placeDep ROOT @vue/compiler-sfc@3.5.33 OK for: @vue/babel-plugin-resolve-type@2.0.1 want: ^3.5.22
3192 silly fetch manifest @vue/compiler-ssr@3.5.33
3193 silly packumentCache full:https://registry.npmjs.org/@vue%2fcompiler-ssr cache-miss
3194 http fetch GET 200 https://registry.npmjs.org/@vue%2fcompiler-ssr 227ms (cache miss)
3195 silly packumentCache full:https://registry.npmjs.org/@vue%2fcompiler-ssr set size:undefined disposed:false
3196 silly placeDep ROOT @vue/compiler-dom@3.5.33 OK for: @vue/compiler-sfc@3.5.33 want: 3.5.33
3197 silly placeDep ROOT @vue/compiler-ssr@3.5.33 OK for: @vue/compiler-sfc@3.5.33 want: 3.5.33
3198 silly placeDep ROOT @vue/devtools-shared@8.1.1 OK for: @vue/devtools-core@8.1.1 want: ^8.1.1
3199 silly placeDep node_modules/@vue/devtools-kit birpc@2.9.0 OK for: @vue/devtools-kit@8.1.1 want: ^2.6.1
3200 silly placeDep ROOT caniuse-lite@1.0.30001790 OK for: autoprefixer@10.5.0 want: ^1.0.30001787
3201 silly placeDep ROOT fraction.js@5.3.4 OK for: autoprefixer@10.5.0 want: ^5.3.4
3202 silly placeDep ROOT postcss-value-parser@4.2.0 OK for: autoprefixer@10.5.0 want: ^4.2.0
3203 silly fetch manifest browserslist@>= 4.21.0
3204 silly packumentCache full:https://registry.npmjs.org/browserslist cache-miss
3205 http cache https://registry.npmjs.org/browserslist 9ms (cache hit)
3206 silly packumentCache full:https://registry.npmjs.org/browserslist set size:504681 disposed:false
3207 silly placeDep ROOT baseline-browser-mapping@2.10.21 OK for: browserslist@4.28.2 want: ^2.10.12
3208 silly placeDep ROOT electron-to-chromium@1.5.343 OK for: browserslist@4.28.2 want: ^1.5.328
3209 silly placeDep ROOT node-releases@2.0.38 OK for: browserslist@4.28.2 want: ^2.0.36
3210 silly placeDep ROOT update-browserslist-db@1.2.3 OK for: browserslist@4.28.2 want: ^1.2.3
3211 silly fetch manifest escalade@^3.2.0
3212 silly packumentCache full:https://registry.npmjs.org/escalade cache-miss
3213 http fetch GET 200 https://registry.npmjs.org/escalade 45ms (cache miss)
3214 silly packumentCache full:https://registry.npmjs.org/escalade set size:undefined disposed:false
3215 silly placeDep ROOT cssnano-preset-default@7.0.15 OK for: cssnano@7.1.7 want: ^7.0.15
3216 silly placeDep ROOT lilconfig@3.1.3 OK for: cssnano@7.1.7 want: ^3.1.3
3217 silly fetch manifest css-declaration-sorter@^7.2.0
3218 silly packumentCache full:https://registry.npmjs.org/css-declaration-sorter cache-miss
3219 silly fetch manifest postcss-calc@^10.1.1
3220 silly packumentCache full:https://registry.npmjs.org/postcss-calc cache-miss
3221 silly fetch manifest cssnano-utils@^5.0.2
3222 silly packumentCache full:https://registry.npmjs.org/cssnano-utils cache-miss
3223 silly fetch manifest postcss-colormin@^7.0.9
3224 silly packumentCache full:https://registry.npmjs.org/postcss-colormin cache-miss
3225 silly fetch manifest postcss-convert-values@^7.0.11
3226 silly packumentCache full:https://registry.npmjs.org/postcss-convert-values cache-miss
3227 silly fetch manifest postcss-discard-comments@^7.0.7
3228 silly packumentCache full:https://registry.npmjs.org/postcss-discard-comments cache-miss
3229 silly fetch manifest postcss-discard-duplicates@^7.0.3
3230 silly packumentCache full:https://registry.npmjs.org/postcss-discard-duplicates cache-miss
3231 silly fetch manifest postcss-discard-empty@^7.0.2
3232 silly packumentCache full:https://registry.npmjs.org/postcss-discard-empty cache-miss
3233 silly fetch manifest postcss-discard-overridden@^7.0.2
3234 silly packumentCache full:https://registry.npmjs.org/postcss-discard-overridden cache-miss
3235 silly fetch manifest postcss-merge-longhand@^7.0.6
3236 silly packumentCache full:https://registry.npmjs.org/postcss-merge-longhand cache-miss
3237 silly fetch manifest postcss-merge-rules@^7.0.10
3238 silly packumentCache full:https://registry.npmjs.org/postcss-merge-rules cache-miss
3239 http fetch GET 200 https://registry.npmjs.org/postcss-discard-duplicates 101ms (cache miss)
3240 silly packumentCache full:https://registry.npmjs.org/postcss-discard-duplicates set size:undefined disposed:false
3241 silly fetch manifest postcss-minify-font-values@^7.0.2
3242 silly packumentCache full:https://registry.npmjs.org/postcss-minify-font-values cache-miss
3243 http fetch GET 200 https://registry.npmjs.org/cssnano-utils 129ms (cache miss)
3244 silly packumentCache full:https://registry.npmjs.org/cssnano-utils set size:undefined disposed:false
3245 silly fetch manifest postcss-minify-gradients@^7.0.4
3246 silly packumentCache full:https://registry.npmjs.org/postcss-minify-gradients cache-miss
3247 http fetch GET 200 https://registry.npmjs.org/css-declaration-sorter 148ms (cache miss)
3248 silly packumentCache full:https://registry.npmjs.org/css-declaration-sorter set size:undefined disposed:false
3249 silly fetch manifest postcss-minify-params@^7.0.8
3250 silly packumentCache full:https://registry.npmjs.org/postcss-minify-params cache-miss
3251 http fetch GET 200 https://registry.npmjs.org/postcss-discard-empty 148ms (cache miss)
3252 silly packumentCache full:https://registry.npmjs.org/postcss-discard-empty set size:undefined disposed:false
3253 silly fetch manifest postcss-minify-selectors@^7.1.0
3254 silly packumentCache full:https://registry.npmjs.org/postcss-minify-selectors cache-miss
3255 http fetch GET 200 https://registry.npmjs.org/postcss-calc 154ms (cache miss)
3256 silly packumentCache full:https://registry.npmjs.org/postcss-calc set size:undefined disposed:false
3257 silly fetch manifest postcss-normalize-charset@^7.0.2
3258 silly packumentCache full:https://registry.npmjs.org/postcss-normalize-charset cache-miss
3259 http fetch GET 200 https://registry.npmjs.org/postcss-convert-values 159ms (cache miss)
3260 silly packumentCache full:https://registry.npmjs.org/postcss-convert-values set size:undefined disposed:false
3261 silly fetch manifest postcss-normalize-display-values@^7.0.2
3262 silly packumentCache full:https://registry.npmjs.org/postcss-normalize-display-values cache-miss
3263 http fetch GET 200 https://registry.npmjs.org/postcss-merge-rules 172ms (cache miss)
3264 silly packumentCache full:https://registry.npmjs.org/postcss-merge-rules set size:undefined disposed:false
3265 silly fetch manifest postcss-normalize-positions@^7.0.3
3266 silly packumentCache full:https://registry.npmjs.org/postcss-normalize-positions cache-miss
3267 http fetch GET 200 https://registry.npmjs.org/postcss-discard-comments 176ms (cache miss)
3268 silly packumentCache full:https://registry.npmjs.org/postcss-discard-comments set size:undefined disposed:false
3269 silly fetch manifest postcss-normalize-repeat-style@^7.0.3
3270 silly packumentCache full:https://registry.npmjs.org/postcss-normalize-repeat-style cache-miss
3271 http fetch GET 200 https://registry.npmjs.org/postcss-merge-longhand 180ms (cache miss)
3272 silly packumentCache full:https://registry.npmjs.org/postcss-merge-longhand set size:undefined disposed:false
3273 silly fetch manifest postcss-normalize-string@^7.0.2
3274 silly packumentCache full:https://registry.npmjs.org/postcss-normalize-string cache-miss
3275 http fetch GET 200 https://registry.npmjs.org/postcss-discard-overridden 186ms (cache miss)
3276 silly packumentCache full:https://registry.npmjs.org/postcss-discard-overridden set size:undefined disposed:false
3277 silly fetch manifest postcss-normalize-timing-functions@^7.0.2
3278 silly packumentCache full:https://registry.npmjs.org/postcss-normalize-timing-functions cache-miss
3279 http fetch GET 200 https://registry.npmjs.org/postcss-minify-font-values 88ms (cache miss)
3280 silly packumentCache full:https://registry.npmjs.org/postcss-minify-font-values set size:undefined disposed:false
3281 silly fetch manifest postcss-normalize-unicode@^7.0.8
3282 silly packumentCache full:https://registry.npmjs.org/postcss-normalize-unicode cache-miss
3283 http fetch GET 200 https://registry.npmjs.org/postcss-minify-gradients 249ms (cache miss)
3284 silly packumentCache full:https://registry.npmjs.org/postcss-minify-gradients set size:undefined disposed:false
3285 silly fetch manifest postcss-normalize-url@^7.0.2
3286 silly packumentCache full:https://registry.npmjs.org/postcss-normalize-url cache-miss
3287 http fetch GET 200 https://registry.npmjs.org/postcss-normalize-charset 233ms (cache miss)
3288 silly packumentCache full:https://registry.npmjs.org/postcss-normalize-charset set size:undefined disposed:false
3289 silly fetch manifest postcss-normalize-whitespace@^7.0.2
3290 silly packumentCache full:https://registry.npmjs.org/postcss-normalize-whitespace cache-miss
3291 http fetch GET 200 https://registry.npmjs.org/postcss-minify-selectors 249ms (cache miss)
3292 silly packumentCache full:https://registry.npmjs.org/postcss-minify-selectors set size:undefined disposed:false
3293 silly fetch manifest postcss-ordered-values@^7.0.3
3294 silly packumentCache full:https://registry.npmjs.org/postcss-ordered-values cache-miss
3295 http fetch GET 200 https://registry.npmjs.org/postcss-normalize-url 64ms (cache miss)
3296 silly packumentCache full:https://registry.npmjs.org/postcss-normalize-url set size:undefined disposed:false
3297 silly fetch manifest postcss-reduce-initial@^7.0.8
3298 silly packumentCache full:https://registry.npmjs.org/postcss-reduce-initial cache-miss
3299 http fetch GET 200 https://registry.npmjs.org/postcss-normalize-whitespace 65ms (cache miss)
3300 silly packumentCache full:https://registry.npmjs.org/postcss-normalize-whitespace set size:undefined disposed:false
3301 silly fetch manifest postcss-reduce-transforms@^7.0.2
3302 silly packumentCache full:https://registry.npmjs.org/postcss-reduce-transforms cache-miss
3303 http fetch GET 200 https://registry.npmjs.org/postcss-ordered-values 75ms (cache miss)
3304 silly packumentCache full:https://registry.npmjs.org/postcss-ordered-values set size:undefined disposed:false
3305 silly fetch manifest postcss-svgo@^7.1.2
3306 silly packumentCache full:https://registry.npmjs.org/postcss-svgo cache-miss
3307 http fetch GET 200 https://registry.npmjs.org/postcss-normalize-display-values 381ms (cache miss)
3308 silly packumentCache full:https://registry.npmjs.org/postcss-normalize-display-values set size:undefined disposed:false
3309 silly fetch manifest postcss-unique-selectors@^7.0.6
3310 silly packumentCache full:https://registry.npmjs.org/postcss-unique-selectors cache-miss
3311 http fetch GET 200 https://registry.npmjs.org/postcss-reduce-transforms 98ms (cache miss)
3312 silly packumentCache full:https://registry.npmjs.org/postcss-reduce-transforms set size:undefined disposed:false
3313 http fetch GET 200 https://registry.npmjs.org/postcss-reduce-initial 109ms (cache miss)
3314 silly packumentCache full:https://registry.npmjs.org/postcss-reduce-initial set size:undefined disposed:false
3315 http fetch GET 200 https://registry.npmjs.org/postcss-normalize-string 377ms (cache miss)
3316 silly packumentCache full:https://registry.npmjs.org/postcss-normalize-string set size:undefined disposed:false
3317 http fetch GET 200 https://registry.npmjs.org/postcss-normalize-timing-functions 375ms (cache miss)
3318 silly packumentCache full:https://registry.npmjs.org/postcss-normalize-timing-functions set size:undefined disposed:false
3319 http fetch GET 200 https://registry.npmjs.org/postcss-normalize-repeat-style 393ms (cache miss)
3320 silly packumentCache full:https://registry.npmjs.org/postcss-normalize-repeat-style set size:undefined disposed:false
3321 http fetch GET 200 https://registry.npmjs.org/postcss-svgo 97ms (cache miss)
3322 silly packumentCache full:https://registry.npmjs.org/postcss-svgo set size:undefined disposed:false
3323 http fetch GET 200 https://registry.npmjs.org/postcss-normalize-positions 411ms (cache miss)
3324 silly packumentCache full:https://registry.npmjs.org/postcss-normalize-positions set size:undefined disposed:false
3325 http fetch GET 200 https://registry.npmjs.org/postcss-normalize-unicode 396ms (cache miss)
3326 silly packumentCache full:https://registry.npmjs.org/postcss-normalize-unicode set size:undefined disposed:false
3327 http fetch GET 200 https://registry.npmjs.org/postcss-unique-selectors 91ms (cache miss)
3328 silly packumentCache full:https://registry.npmjs.org/postcss-unique-selectors set size:undefined disposed:false
3329 http fetch GET 200 https://registry.npmjs.org/postcss-minify-params 493ms (cache miss)
3330 silly packumentCache full:https://registry.npmjs.org/postcss-minify-params set size:undefined disposed:false
3331 http fetch GET 200 https://registry.npmjs.org/postcss-colormin 1214ms (cache miss)
3332 silly packumentCache full:https://registry.npmjs.org/postcss-colormin set size:undefined disposed:false
3333 silly placeDep ROOT css-declaration-sorter@7.4.0 OK for: cssnano-preset-default@7.0.15 want: ^7.2.0
3334 silly placeDep ROOT cssnano-utils@5.0.2 OK for: cssnano-preset-default@7.0.15 want: ^5.0.2
3335 silly placeDep ROOT postcss-calc@10.1.1 OK for: cssnano-preset-default@7.0.15 want: ^10.1.1
3336 silly placeDep ROOT postcss-colormin@7.0.9 OK for: cssnano-preset-default@7.0.15 want: ^7.0.9
3337 silly placeDep ROOT postcss-convert-values@7.0.11 OK for: cssnano-preset-default@7.0.15 want: ^7.0.11
3338 silly placeDep ROOT postcss-discard-comments@7.0.7 OK for: cssnano-preset-default@7.0.15 want: ^7.0.7
3339 silly placeDep ROOT postcss-discard-duplicates@7.0.3 OK for: cssnano-preset-default@7.0.15 want: ^7.0.3
3340 silly placeDep ROOT postcss-discard-empty@7.0.2 OK for: cssnano-preset-default@7.0.15 want: ^7.0.2
3341 silly placeDep ROOT postcss-discard-overridden@7.0.2 OK for: cssnano-preset-default@7.0.15 want: ^7.0.2
3342 silly placeDep ROOT postcss-merge-longhand@7.0.6 OK for: cssnano-preset-default@7.0.15 want: ^7.0.6
3343 silly placeDep ROOT postcss-merge-rules@7.0.10 OK for: cssnano-preset-default@7.0.15 want: ^7.0.10
3344 silly placeDep ROOT postcss-minify-font-values@7.0.2 OK for: cssnano-preset-default@7.0.15 want: ^7.0.2
3345 silly placeDep ROOT postcss-minify-gradients@7.0.4 OK for: cssnano-preset-default@7.0.15 want: ^7.0.4
3346 silly placeDep ROOT postcss-minify-params@7.0.8 OK for: cssnano-preset-default@7.0.15 want: ^7.0.8
3347 silly placeDep ROOT postcss-minify-selectors@7.1.0 OK for: cssnano-preset-default@7.0.15 want: ^7.1.0
3348 silly placeDep ROOT postcss-normalize-charset@7.0.2 OK for: cssnano-preset-default@7.0.15 want: ^7.0.2
3349 silly placeDep ROOT postcss-normalize-display-values@7.0.2 OK for: cssnano-preset-default@7.0.15 want: ^7.0.2
3350 silly placeDep ROOT postcss-normalize-positions@7.0.3 OK for: cssnano-preset-default@7.0.15 want: ^7.0.3
3351 silly placeDep ROOT postcss-normalize-repeat-style@7.0.3 OK for: cssnano-preset-default@7.0.15 want: ^7.0.3
3352 silly placeDep ROOT postcss-normalize-string@7.0.2 OK for: cssnano-preset-default@7.0.15 want: ^7.0.2
3353 silly placeDep ROOT postcss-normalize-timing-functions@7.0.2 OK for: cssnano-preset-default@7.0.15 want: ^7.0.2
3354 silly placeDep ROOT postcss-normalize-unicode@7.0.8 OK for: cssnano-preset-default@7.0.15 want: ^7.0.8
3355 silly placeDep ROOT postcss-normalize-url@7.0.2 OK for: cssnano-preset-default@7.0.15 want: ^7.0.2
3356 silly placeDep ROOT postcss-normalize-whitespace@7.0.2 OK for: cssnano-preset-default@7.0.15 want: ^7.0.2
3357 silly placeDep ROOT postcss-ordered-values@7.0.3 OK for: cssnano-preset-default@7.0.15 want: ^7.0.3
3358 silly placeDep ROOT postcss-reduce-initial@7.0.8 OK for: cssnano-preset-default@7.0.15 want: ^7.0.8
3359 silly placeDep ROOT postcss-reduce-transforms@7.0.2 OK for: cssnano-preset-default@7.0.15 want: ^7.0.2
3360 silly placeDep ROOT postcss-svgo@7.1.2 OK for: cssnano-preset-default@7.0.15 want: ^7.1.2
3361 silly placeDep ROOT postcss-unique-selectors@7.0.6 OK for: cssnano-preset-default@7.0.15 want: ^7.0.6
3362 silly fetch manifest postcss-selector-parser@^7.0.0
3363 silly packumentCache full:https://registry.npmjs.org/postcss-selector-parser cache-miss
3364 silly fetch manifest @colordx/core@^5.2.0
3365 silly packumentCache full:https://registry.npmjs.org/@colordx%2fcore cache-miss
3366 silly fetch manifest caniuse-api@^3.0.0
3367 silly packumentCache full:https://registry.npmjs.org/caniuse-api cache-miss
3368 silly fetch manifest postcss-selector-parser@^7.1.1
3369 silly packumentCache full:https://registry.npmjs.org/postcss-selector-parser cache-miss
3370 silly fetch manifest stylehacks@^7.0.10
3371 silly packumentCache full:https://registry.npmjs.org/stylehacks cache-miss
3372 silly fetch manifest caniuse-api@^3.0.0
3373 silly packumentCache full:https://registry.npmjs.org/caniuse-api cache-miss
3374 silly fetch manifest postcss-selector-parser@^7.1.1
3375 silly packumentCache full:https://registry.npmjs.org/postcss-selector-parser cache-miss
3376 silly fetch manifest @colordx/core@^5.2.0
3377 silly packumentCache full:https://registry.npmjs.org/@colordx%2fcore cache-miss
3378 silly fetch manifest caniuse-api@^3.0.0
3379 silly packumentCache full:https://registry.npmjs.org/caniuse-api cache-miss
3380 silly fetch manifest cssesc@^3.0.0
3381 silly packumentCache full:https://registry.npmjs.org/cssesc cache-miss
3382 silly fetch manifest postcss-selector-parser@^7.1.1
3383 silly packumentCache full:https://registry.npmjs.org/postcss-selector-parser cache-miss
3384 http fetch GET 200 https://registry.npmjs.org/cssesc 60ms (cache miss)
3385 silly packumentCache full:https://registry.npmjs.org/cssesc set size:undefined disposed:false
3386 silly fetch manifest caniuse-api@^3.0.0
3387 silly packumentCache full:https://registry.npmjs.org/caniuse-api cache-miss
3388 http fetch GET 200 https://registry.npmjs.org/caniuse-api 65ms (cache miss)
3389 silly packumentCache full:https://registry.npmjs.org/caniuse-api set size:undefined disposed:false
3390 silly fetch manifest svgo@^4.0.1
3391 silly packumentCache full:https://registry.npmjs.org/svgo cache-miss
3392 http fetch GET 200 https://registry.npmjs.org/postcss-selector-parser 68ms (cache miss)
3393 silly packumentCache full:https://registry.npmjs.org/postcss-selector-parser set size:undefined disposed:false
3394 http fetch GET 200 https://registry.npmjs.org/caniuse-api 72ms (cache miss)
3395 silly packumentCache full:https://registry.npmjs.org/caniuse-api set size:undefined disposed:false
3396 http cache https://registry.npmjs.org/caniuse-api 21ms (cache hit)
3397 silly packumentCache full:https://registry.npmjs.org/caniuse-api set size:37772 disposed:false
3398 http fetch GET 200 https://registry.npmjs.org/caniuse-api 98ms (cache miss)
3399 silly packumentCache full:https://registry.npmjs.org/caniuse-api set size:undefined disposed:false
3400 silly packumentCache full:https://registry.npmjs.org/caniuse-api dispose
3401 http fetch GET 200 https://registry.npmjs.org/stylehacks 100ms (cache miss)
3402 silly packumentCache full:https://registry.npmjs.org/stylehacks set size:undefined disposed:false
3403 http fetch GET 200 https://registry.npmjs.org/postcss-selector-parser 105ms (cache miss)
3404 silly packumentCache full:https://registry.npmjs.org/postcss-selector-parser set size:undefined disposed:false
3405 http fetch GET 200 https://registry.npmjs.org/postcss-selector-parser 106ms (cache miss)
3406 silly packumentCache full:https://registry.npmjs.org/postcss-selector-parser set size:undefined disposed:false
3407 http fetch GET 200 https://registry.npmjs.org/@colordx%2fcore 115ms (cache miss)
3408 silly packumentCache full:https://registry.npmjs.org/@colordx%2fcore set size:undefined disposed:false
3409 http fetch GET 200 https://registry.npmjs.org/svgo 81ms (cache miss)
3410 silly packumentCache full:https://registry.npmjs.org/svgo set size:undefined disposed:false
3411 http fetch GET 200 https://registry.npmjs.org/postcss-selector-parser 359ms (cache miss)
3412 silly packumentCache full:https://registry.npmjs.org/postcss-selector-parser set size:undefined disposed:false
3413 http fetch GET 200 https://registry.npmjs.org/@colordx%2fcore 405ms (cache miss)
3414 silly packumentCache full:https://registry.npmjs.org/@colordx%2fcore set size:undefined disposed:false
3415 silly placeDep ROOT cross-spawn@7.0.6 OK for: execa@8.0.1 want: ^7.0.3
3416 silly placeDep ROOT get-stream@8.0.1 OK for: execa@8.0.1 want: ^8.0.1
3417 silly placeDep ROOT human-signals@5.0.0 OK for: execa@8.0.1 want: ^5.0.0
3418 silly placeDep ROOT is-stream@3.0.0 OK for: execa@8.0.1 want: ^3.0.0
3419 silly placeDep ROOT merge-stream@2.0.0 OK for: execa@8.0.1 want: ^2.0.0
3420 silly placeDep ROOT npm-run-path@5.3.0 OK for: execa@8.0.1 want: ^5.1.0
3421 silly placeDep ROOT onetime@6.0.0 OK for: execa@8.0.1 want: ^6.0.0
3422 silly placeDep ROOT signal-exit@4.1.0 OK for: execa@8.0.1 want: ^4.1.0
3423 silly placeDep ROOT strip-final-newline@3.0.0 OK for: execa@8.0.1 want: ^3.0.0
3424 silly fetch manifest which@^2.0.1
3425 silly packumentCache full:https://registry.npmjs.org/which cache-miss
3426 silly fetch manifest path-key@^3.1.0
3427 silly packumentCache full:https://registry.npmjs.org/path-key cache-miss
3428 silly fetch manifest shebang-command@^2.0.0
3429 silly packumentCache full:https://registry.npmjs.org/shebang-command cache-miss
3430 silly fetch manifest path-key@^4.0.0
3431 silly packumentCache full:https://registry.npmjs.org/path-key cache-miss
3432 silly fetch manifest mimic-fn@^4.0.0
3433 silly packumentCache full:https://registry.npmjs.org/mimic-fn cache-miss
3434 http cache https://registry.npmjs.org/which 17ms (cache hit)
3435 silly packumentCache full:https://registry.npmjs.org/which set size:67747 disposed:false
3436 http fetch GET 200 https://registry.npmjs.org/shebang-command 146ms (cache miss)
3437 silly packumentCache full:https://registry.npmjs.org/shebang-command set size:undefined disposed:false
3438 http fetch GET 200 https://registry.npmjs.org/mimic-fn 146ms (cache miss)
3439 silly packumentCache full:https://registry.npmjs.org/mimic-fn set size:undefined disposed:false
3440 http fetch GET 200 https://registry.npmjs.org/path-key 150ms (cache miss)
3441 silly packumentCache full:https://registry.npmjs.org/path-key set size:undefined disposed:false
3442 http fetch GET 200 https://registry.npmjs.org/path-key 153ms (cache miss)
3443 silly packumentCache full:https://registry.npmjs.org/path-key set size:undefined disposed:false
3444 silly placeDep ROOT path-key@3.1.1 OK for: cross-spawn@7.0.6 want: ^3.1.0
3445 silly placeDep ROOT shebang-command@2.0.0 OK for: cross-spawn@7.0.6 want: ^2.0.0
3446 silly placeDep node_modules/cross-spawn which@2.0.2 OK for: cross-spawn@7.0.6 want: ^2.0.1
3447 silly fetch manifest shebang-regex@^3.0.0
3448 silly packumentCache full:https://registry.npmjs.org/shebang-regex cache-miss
3449 silly fetch manifest isexe@^2.0.0
3450 silly packumentCache full:https://registry.npmjs.org/isexe cache-miss
3451 http cache https://registry.npmjs.org/isexe 11ms (cache hit)
3452 silly packumentCache full:https://registry.npmjs.org/isexe set size:31756 disposed:false
3453 http fetch GET 200 https://registry.npmjs.org/shebang-regex 62ms (cache miss)
3454 silly packumentCache full:https://registry.npmjs.org/shebang-regex set size:undefined disposed:false
3455 silly placeDep ROOT fast-string-truncated-width@1.2.1 OK for: fast-string-width@1.1.0 want: ^1.2.0
3456 silly placeDep node_modules/h3 cookie-es@1.2.3 OK for: h3@1.15.11 want: ^1.2.3
3457 silly placeDep ROOT crossws@0.3.5 OK for: h3@1.15.11 want: ^0.3.5
3458 silly placeDep ROOT iron-webcrypto@1.2.1 OK for: h3@1.15.11 want: ^1.2.1
3459 silly placeDep ROOT node-mock-http@1.0.4 OK for: h3@1.15.11 want: ^1.0.4
3460 silly placeDep ROOT radix3@1.1.2 OK for: h3@1.15.11 want: ^1.1.2
3461 silly placeDep ROOT es-module-lexer@2.0.0 OK for: impound@1.1.5 want: ^2.0.0
3462 silly placeDep ROOT unplugin-utils@0.3.1 OK for: impound@1.1.5 want: ^0.3.1
3463 silly placeDep ROOT global-directory@4.0.1 OK for: is-installed-globally@1.0.0 want: ^4.0.1
3464 silly placeDep ROOT is-path-inside@4.0.0 OK for: is-installed-globally@1.0.0 want: ^4.0.0
3465 silly fetch manifest ini@4.1.1
3466 silly packumentCache full:https://registry.npmjs.org/ini cache-miss
3467 http fetch GET 200 https://registry.npmjs.org/ini 173ms (cache miss)
3468 silly packumentCache full:https://registry.npmjs.org/ini set size:undefined disposed:false
3469 silly placeDep ROOT ini@4.1.1 OK for: global-directory@4.0.1 want: 4.1.1
3470 silly placeDep ROOT shell-quote@1.8.3 OK for: launch-editor@2.13.2 want: ^1.8.3
3471 silly placeDep ROOT @parcel/watcher@2.5.6 OK for: listhen@1.9.1 want: ^2.5.6
3472 silly placeDep ROOT @parcel/watcher-wasm@2.5.6 OK for: listhen@1.9.1 want: ^2.5.6
3473 silly placeDep ROOT http-shutdown@1.2.2 OK for: listhen@1.9.1 want: ^1.2.2
3474 silly placeDep ROOT node-forge@1.4.0 OK for: listhen@1.9.1 want: ^1.4.0
3475 silly placeDep ROOT untun@0.1.3 OK for: listhen@1.9.1 want: ^0.1.3
3476 silly placeDep ROOT uqr@0.1.3 OK for: listhen@1.9.1 want: ^0.1.2
3477 silly fetch manifest detect-libc@^2.0.3
3478 silly packumentCache full:https://registry.npmjs.org/detect-libc cache-miss
3479 silly fetch manifest is-glob@^4.0.3
3480 silly packumentCache full:https://registry.npmjs.org/is-glob cache-miss
3481 silly fetch manifest node-addon-api@^7.0.0
3482 silly packumentCache full:https://registry.npmjs.org/node-addon-api cache-miss
3483 silly fetch manifest @parcel/watcher-darwin-x64@2.5.6
3484 silly packumentCache full:https://registry.npmjs.org/@parcel%2fwatcher-darwin-x64 cache-miss
3485 silly fetch manifest @parcel/watcher-darwin-arm64@2.5.6
3486 silly packumentCache full:https://registry.npmjs.org/@parcel%2fwatcher-darwin-arm64 cache-miss
3487 silly fetch manifest @parcel/watcher-win32-x64@2.5.6
3488 silly packumentCache full:https://registry.npmjs.org/@parcel%2fwatcher-win32-x64 cache-miss
3489 silly fetch manifest @parcel/watcher-win32-arm64@2.5.6
3490 silly packumentCache full:https://registry.npmjs.org/@parcel%2fwatcher-win32-arm64 cache-miss
3491 silly fetch manifest @parcel/watcher-win32-ia32@2.5.6
3492 silly packumentCache full:https://registry.npmjs.org/@parcel%2fwatcher-win32-ia32 cache-miss
3493 silly fetch manifest @parcel/watcher-linux-x64-glibc@2.5.6
3494 silly packumentCache full:https://registry.npmjs.org/@parcel%2fwatcher-linux-x64-glibc cache-miss
3495 silly fetch manifest @parcel/watcher-linux-x64-musl@2.5.6
3496 silly packumentCache full:https://registry.npmjs.org/@parcel%2fwatcher-linux-x64-musl cache-miss
3497 silly fetch manifest @parcel/watcher-linux-arm64-glibc@2.5.6
3498 silly packumentCache full:https://registry.npmjs.org/@parcel%2fwatcher-linux-arm64-glibc cache-miss
3499 http fetch GET 200 https://registry.npmjs.org/@parcel%2fwatcher-linux-x64-musl 104ms (cache miss)
3500 silly packumentCache full:https://registry.npmjs.org/@parcel%2fwatcher-linux-x64-musl set size:undefined disposed:false
3501 silly fetch manifest @parcel/watcher-linux-arm64-musl@2.5.6
3502 silly packumentCache full:https://registry.npmjs.org/@parcel%2fwatcher-linux-arm64-musl cache-miss
3503 http fetch GET 200 https://registry.npmjs.org/detect-libc 110ms (cache miss)
3504 silly packumentCache full:https://registry.npmjs.org/detect-libc set size:undefined disposed:false
3505 silly fetch manifest @parcel/watcher-linux-arm-glibc@2.5.6
3506 silly packumentCache full:https://registry.npmjs.org/@parcel%2fwatcher-linux-arm-glibc cache-miss
3507 http fetch GET 200 https://registry.npmjs.org/@parcel%2fwatcher-win32-arm64 119ms (cache miss)
3508 silly packumentCache full:https://registry.npmjs.org/@parcel%2fwatcher-win32-arm64 set size:undefined disposed:false
3509 silly fetch manifest @parcel/watcher-linux-arm-musl@2.5.6
3510 silly packumentCache full:https://registry.npmjs.org/@parcel%2fwatcher-linux-arm-musl cache-miss
3511 http fetch GET 200 https://registry.npmjs.org/is-glob 124ms (cache miss)
3512 silly packumentCache full:https://registry.npmjs.org/is-glob set size:undefined disposed:false
3513 silly fetch manifest @parcel/watcher-android-arm64@2.5.6
3514 silly packumentCache full:https://registry.npmjs.org/@parcel%2fwatcher-android-arm64 cache-miss
3515 http fetch GET 200 https://registry.npmjs.org/node-addon-api 162ms (cache miss)
3516 silly packumentCache full:https://registry.npmjs.org/node-addon-api set size:undefined disposed:false
3517 silly fetch manifest @parcel/watcher-freebsd-x64@2.5.6
3518 silly packumentCache full:https://registry.npmjs.org/@parcel%2fwatcher-freebsd-x64 cache-miss
3519 http fetch GET 200 https://registry.npmjs.org/@parcel%2fwatcher-linux-x64-glibc 173ms (cache miss)
3520 silly packumentCache full:https://registry.npmjs.org/@parcel%2fwatcher-linux-x64-glibc set size:undefined disposed:false
3521 silly fetch manifest citty@^0.1.5
3522 silly packumentCache full:https://registry.npmjs.org/citty cache-hit
3523 silly fetch manifest pathe@^1.1.1
3524 silly packumentCache full:https://registry.npmjs.org/pathe cache-miss
3525 http fetch GET 200 https://registry.npmjs.org/@parcel%2fwatcher-win32-ia32 176ms (cache miss)
3526 silly packumentCache full:https://registry.npmjs.org/@parcel%2fwatcher-win32-ia32 set size:undefined disposed:false
3527 http fetch GET 200 https://registry.npmjs.org/@parcel%2fwatcher-darwin-x64 180ms (cache miss)
3528 silly packumentCache full:https://registry.npmjs.org/@parcel%2fwatcher-darwin-x64 set size:undefined disposed:false
3529 http fetch GET 200 https://registry.npmjs.org/@parcel%2fwatcher-win32-x64 180ms (cache miss)
3530 silly packumentCache full:https://registry.npmjs.org/@parcel%2fwatcher-win32-x64 set size:undefined disposed:false
3531 http fetch GET 200 https://registry.npmjs.org/@parcel%2fwatcher-linux-arm64-glibc 179ms (cache miss)
3532 silly packumentCache full:https://registry.npmjs.org/@parcel%2fwatcher-linux-arm64-glibc set size:undefined disposed:false
3533 http cache https://registry.npmjs.org/pathe 15ms (cache hit)
3534 silly packumentCache full:https://registry.npmjs.org/pathe set size:68788 disposed:false
3535 http fetch GET 200 https://registry.npmjs.org/@parcel%2fwatcher-linux-arm64-musl 346ms (cache miss)
3536 silly packumentCache full:https://registry.npmjs.org/@parcel%2fwatcher-linux-arm64-musl set size:undefined disposed:false
3537 http fetch GET 200 https://registry.npmjs.org/@parcel%2fwatcher-linux-arm-glibc 353ms (cache miss)
3538 silly packumentCache full:https://registry.npmjs.org/@parcel%2fwatcher-linux-arm-glibc set size:undefined disposed:false
3539 http fetch GET 200 https://registry.npmjs.org/@parcel%2fwatcher-android-arm64 362ms (cache miss)
3540 silly packumentCache full:https://registry.npmjs.org/@parcel%2fwatcher-android-arm64 set size:undefined disposed:false
3541 http fetch GET 200 https://registry.npmjs.org/@parcel%2fwatcher-linux-arm-musl 366ms (cache miss)
3542 silly packumentCache full:https://registry.npmjs.org/@parcel%2fwatcher-linux-arm-musl set size:undefined disposed:false
3543 http fetch GET 200 https://registry.npmjs.org/@parcel%2fwatcher-freebsd-x64 342ms (cache miss)
3544 silly packumentCache full:https://registry.npmjs.org/@parcel%2fwatcher-freebsd-x64 set size:undefined disposed:false
3545 http fetch GET 200 https://registry.npmjs.org/@parcel%2fwatcher-darwin-arm64 614ms (cache miss)
3546 silly packumentCache full:https://registry.npmjs.org/@parcel%2fwatcher-darwin-arm64 set size:undefined disposed:false
3547 silly placeDep ROOT @parcel/watcher-android-arm64@2.5.6 OK for: @parcel/watcher@2.5.6 want: 2.5.6
3548 silly placeDep ROOT @parcel/watcher-darwin-arm64@2.5.6 OK for: @parcel/watcher@2.5.6 want: 2.5.6
3549 silly placeDep ROOT @parcel/watcher-darwin-x64@2.5.6 OK for: @parcel/watcher@2.5.6 want: 2.5.6
3550 silly placeDep ROOT @parcel/watcher-freebsd-x64@2.5.6 OK for: @parcel/watcher@2.5.6 want: 2.5.6
3551 silly placeDep ROOT @parcel/watcher-linux-arm-glibc@2.5.6 OK for: @parcel/watcher@2.5.6 want: 2.5.6
3552 silly placeDep ROOT @parcel/watcher-linux-arm-musl@2.5.6 OK for: @parcel/watcher@2.5.6 want: 2.5.6
3553 silly placeDep ROOT @parcel/watcher-linux-arm64-glibc@2.5.6 OK for: @parcel/watcher@2.5.6 want: 2.5.6
3554 silly placeDep ROOT @parcel/watcher-linux-arm64-musl@2.5.6 OK for: @parcel/watcher@2.5.6 want: 2.5.6
3555 silly placeDep ROOT @parcel/watcher-linux-x64-glibc@2.5.6 OK for: @parcel/watcher@2.5.6 want: 2.5.6
3556 silly placeDep ROOT @parcel/watcher-linux-x64-musl@2.5.6 OK for: @parcel/watcher@2.5.6 want: 2.5.6
3557 silly placeDep ROOT @parcel/watcher-win32-arm64@2.5.6 OK for: @parcel/watcher@2.5.6 want: 2.5.6
3558 silly placeDep ROOT @parcel/watcher-win32-ia32@2.5.6 OK for: @parcel/watcher@2.5.6 want: 2.5.6
3559 silly placeDep ROOT @parcel/watcher-win32-x64@2.5.6 OK for: @parcel/watcher@2.5.6 want: 2.5.6
3560 silly placeDep ROOT detect-libc@2.1.2 OK for: @parcel/watcher@2.5.6 want: ^2.0.3
3561 silly placeDep ROOT is-glob@4.0.3 OK for: @parcel/watcher@2.5.6 want: ^4.0.3
3562 silly placeDep ROOT node-addon-api@7.1.1 OK for: @parcel/watcher@2.5.6 want: ^7.0.0
3563 silly placeDep node_modules/@parcel/watcher picomatch@4.0.4 OK for: @parcel/watcher@2.5.6 want: ^4.0.3
3564 silly fetch manifest is-extglob@^2.1.1
3565 silly packumentCache full:https://registry.npmjs.org/is-extglob cache-miss
3566 http fetch GET 200 https://registry.npmjs.org/is-extglob 41ms (cache miss)
3567 silly packumentCache full:https://registry.npmjs.org/is-extglob set size:undefined disposed:false
3568 silly placeDep node_modules/@parcel/watcher-wasm picomatch@4.0.4 OK for: @parcel/watcher-wasm@2.5.6 want: ^4.0.3
3569 silly placeDep ROOT is-extglob@2.1.1 OK for: is-glob@4.0.3 want: ^2.1.1
3570 silly placeDep ROOT quansync@0.2.11 OK for: local-pkg@1.1.2 want: ^0.2.11
3571 silly placeDep ROOT yallist@3.1.1 OK for: lru-cache@5.1.1 want: ^3.0.2
3572 silly fetch manifest rolldown@1.x || ^1.0.0-beta || ^1.0.0-rc
3573 silly packumentCache full:https://registry.npmjs.org/rolldown cache-miss
3574 http cache https://registry.npmjs.org/rolldown 16ms (cache hit)
3575 silly packumentCache full:https://registry.npmjs.org/rolldown set size:3688592 disposed:false
3576 silly placeDep ROOT @cloudflare/kv-asset-handler@0.4.2 OK for: nitropack@2.13.3 want: ^0.4.2
3577 silly placeDep ROOT @rollup/plugin-alias@6.0.0 OK for: nitropack@2.13.3 want: ^6.0.0
3578 silly placeDep ROOT @rollup/plugin-commonjs@29.0.2 OK for: nitropack@2.13.3 want: ^29.0.2
3579 silly placeDep ROOT @rollup/plugin-inject@5.0.5 OK for: nitropack@2.13.3 want: ^5.0.5
3580 silly placeDep ROOT @rollup/plugin-json@6.1.0 OK for: nitropack@2.13.3 want: ^6.1.0
3581 silly placeDep ROOT @rollup/plugin-node-resolve@16.0.3 OK for: nitropack@2.13.3 want: ^16.0.3
3582 silly placeDep ROOT @rollup/plugin-terser@1.0.0 OK for: nitropack@2.13.3 want: ^1.0.0
3583 silly placeDep ROOT @vercel/nft@1.5.0 OK for: nitropack@2.13.3 want: ^1.5.0
3584 silly placeDep ROOT archiver@7.0.1 OK for: nitropack@2.13.3 want: ^7.0.1
3585 silly placeDep ROOT croner@10.0.1 OK for: nitropack@2.13.3 want: ^10.0.1
3586 silly placeDep ROOT dot-prop@10.1.0 OK for: nitropack@2.13.3 want: ^10.1.0
3587 silly placeDep ROOT esbuild@0.27.7 OK for: nitropack@2.13.3 want: ^0.27.5
3588 silly placeDep ROOT etag@1.8.1 OK for: nitropack@2.13.3 want: ^1.8.1
3589 silly placeDep ROOT globby@16.2.0 OK for: nitropack@2.13.3 want: ^16.2.0
3590 silly placeDep ROOT gzip-size@7.0.0 OK for: nitropack@2.13.3 want: ^7.0.0
3591 silly placeDep ROOT httpxy@0.5.1 OK for: nitropack@2.13.3 want: ^0.5.0
3592 silly placeDep ROOT ioredis@5.10.1 OK for: nitropack@2.13.3 want: ^5.10.1
3593 silly placeDep ROOT mime@4.1.0 OK for: nitropack@2.13.3 want: ^4.1.0
3594 silly placeDep ROOT node-fetch-native@1.6.7 OK for: nitropack@2.13.3 want: ^1.6.7
3595 silly placeDep ROOT pretty-bytes@7.1.0 OK for: nitropack@2.13.3 want: ^7.1.0
3596 silly placeDep ROOT rollup@4.60.2 OK for: nitropack@2.13.3 want: ^4.60.1
3597 silly placeDep ROOT rollup-plugin-visualizer@7.0.1 OK for: nitropack@2.13.3 want: ^7.0.1
3598 silly placeDep ROOT serve-placeholder@2.0.2 OK for: nitropack@2.13.3 want: ^2.0.2
3599 silly placeDep ROOT serve-static@2.2.1 OK for: nitropack@2.13.3 want: ^2.2.1
3600 silly placeDep ROOT source-map@0.7.6 OK for: nitropack@2.13.3 want: ^0.7.6
3601 silly placeDep ROOT youch-core@0.3.3 OK for: nitropack@2.13.3 want: ^0.3.3
3602 silly fetch manifest commondir@^1.0.1
3603 silly packumentCache full:https://registry.npmjs.org/commondir cache-miss
3604 silly fetch manifest fdir@^6.2.0
3605 silly packumentCache full:https://registry.npmjs.org/fdir cache-miss
3606 silly fetch manifest is-reference@1.2.1
3607 silly packumentCache full:https://registry.npmjs.org/is-reference cache-miss
3608 silly fetch manifest @types/resolve@1.20.2
3609 silly packumentCache full:https://registry.npmjs.org/@types%2fresolve cache-miss
3610 silly fetch manifest deepmerge@^4.2.2
3611 silly packumentCache full:https://registry.npmjs.org/deepmerge cache-miss
3612 silly fetch manifest is-module@^1.0.0
3613 silly packumentCache full:https://registry.npmjs.org/is-module cache-miss
3614 silly fetch manifest resolve@^1.22.1
3615 silly packumentCache full:https://registry.npmjs.org/resolve cache-miss
3616 silly fetch manifest serialize-javascript@^7.0.3
3617 silly packumentCache full:https://registry.npmjs.org/serialize-javascript cache-miss
3618 silly fetch manifest smob@^1.0.0
3619 silly packumentCache full:https://registry.npmjs.org/smob cache-miss
3620 silly fetch manifest terser@^5.17.4
3621 silly packumentCache full:https://registry.npmjs.org/terser cache-miss
3622 silly fetch manifest glob@^13.0.0
3623 silly packumentCache full:https://registry.npmjs.org/glob cache-miss
3624 http cache https://registry.npmjs.org/fdir 14ms (cache hit)
3625 silly packumentCache full:https://registry.npmjs.org/fdir set size:136182 disposed:false
3626 silly fetch manifest bindings@^1.4.0
3627 silly packumentCache full:https://registry.npmjs.org/bindings cache-miss
3628 http cache https://registry.npmjs.org/terser 19ms (cache hit)
3629 silly packumentCache full:https://registry.npmjs.org/terser set size:789927 disposed:false
3630 silly fetch manifest async-sema@^3.1.1
3631 silly packumentCache full:https://registry.npmjs.org/async-sema cache-miss
3632 http fetch GET 200 https://registry.npmjs.org/is-module 61ms (cache miss)
3633 silly packumentCache full:https://registry.npmjs.org/is-module set size:undefined disposed:false
3634 silly fetch manifest graceful-fs@^4.2.9
3635 silly packumentCache full:https://registry.npmjs.org/graceful-fs cache-miss
3636 http fetch GET 200 https://registry.npmjs.org/commondir 116ms (cache miss)
3637 silly packumentCache full:https://registry.npmjs.org/commondir set size:undefined disposed:false
3638 silly fetch manifest resolve-from@^5.0.0
3639 silly packumentCache full:https://registry.npmjs.org/resolve-from cache-miss
3640 http fetch GET 200 https://registry.npmjs.org/@types%2fresolve 117ms (cache miss)
3641 silly packumentCache full:https://registry.npmjs.org/@types%2fresolve set size:undefined disposed:false
3642 silly fetch manifest node-gyp-build@^4.2.2
3643 silly packumentCache full:https://registry.npmjs.org/node-gyp-build cache-miss
3644 http fetch GET 200 https://registry.npmjs.org/smob 117ms (cache miss)
3645 silly packumentCache full:https://registry.npmjs.org/smob set size:undefined disposed:false
3646 silly fetch manifest @mapbox/node-pre-gyp@^2.0.0
3647 silly packumentCache full:https://registry.npmjs.org/@mapbox%2fnode-pre-gyp cache-miss
3648 http fetch GET 200 https://registry.npmjs.org/serialize-javascript 122ms (cache miss)
3649 silly packumentCache full:https://registry.npmjs.org/serialize-javascript set size:undefined disposed:false
3650 silly fetch manifest acorn-import-attributes@^1.9.5
3651 silly packumentCache full:https://registry.npmjs.org/acorn-import-attributes cache-miss
3652 http fetch GET 200 https://registry.npmjs.org/deepmerge 141ms (cache miss)
3653 silly packumentCache full:https://registry.npmjs.org/deepmerge set size:undefined disposed:false
3654 silly fetch manifest archiver-utils@^5.0.2
3655 silly packumentCache full:https://registry.npmjs.org/archiver-utils cache-miss
3656 http fetch GET 200 https://registry.npmjs.org/async-sema 163ms (cache miss)
3657 silly packumentCache full:https://registry.npmjs.org/async-sema set size:undefined disposed:false
3658 silly fetch manifest async@^3.2.4
3659 silly packumentCache full:https://registry.npmjs.org/async cache-miss
3660 http fetch GET 200 https://registry.npmjs.org/graceful-fs 133ms (cache miss)
3661 silly packumentCache full:https://registry.npmjs.org/graceful-fs set size:undefined disposed:false
3662 silly fetch manifest buffer-crc32@^1.0.0
3663 silly packumentCache full:https://registry.npmjs.org/buffer-crc32 cache-miss
3664 http fetch GET 200 https://registry.npmjs.org/resolve 242ms (cache miss)
3665 silly packumentCache full:https://registry.npmjs.org/resolve set size:undefined disposed:false
3666 silly fetch manifest readdir-glob@^1.1.2
3667 silly packumentCache full:https://registry.npmjs.org/readdir-glob cache-miss
3668 http fetch GET 200 https://registry.npmjs.org/glob 246ms (cache miss)
3669 silly packumentCache full:https://registry.npmjs.org/glob set size:undefined disposed:false
3670 silly fetch manifest tar-stream@^3.0.0
3671 silly packumentCache full:https://registry.npmjs.org/tar-stream cache-miss
3672 http fetch GET 200 https://registry.npmjs.org/resolve-from 140ms (cache miss)
3673 silly packumentCache full:https://registry.npmjs.org/resolve-from set size:undefined disposed:false
3674 silly fetch manifest zip-stream@^6.0.1
3675 silly packumentCache full:https://registry.npmjs.org/zip-stream cache-miss
3676 http fetch GET 200 https://registry.npmjs.org/acorn-import-attributes 137ms (cache miss)
3677 silly packumentCache full:https://registry.npmjs.org/acorn-import-attributes set size:undefined disposed:false
3678 silly fetch manifest type-fest@^5.0.0
3679 silly packumentCache full:https://registry.npmjs.org/type-fest cache-miss
3680 http fetch GET 200 https://registry.npmjs.org/bindings 250ms (cache miss)
3681 silly packumentCache full:https://registry.npmjs.org/bindings set size:undefined disposed:false
3682 silly fetch manifest @esbuild/aix-ppc64@0.27.7
3683 silly packumentCache full:https://registry.npmjs.org/@esbuild%2faix-ppc64 cache-miss
3684 http fetch GET 200 https://registry.npmjs.org/is-reference 269ms (cache miss)
3685 silly packumentCache full:https://registry.npmjs.org/is-reference set size:undefined disposed:false
3686 silly fetch manifest @esbuild/linux-arm@0.27.7
3687 silly packumentCache full:https://registry.npmjs.org/@esbuild%2flinux-arm cache-miss
3688 http fetch GET 200 https://registry.npmjs.org/@mapbox%2fnode-pre-gyp 155ms (cache miss)
3689 silly packumentCache full:https://registry.npmjs.org/@mapbox%2fnode-pre-gyp set size:undefined disposed:false
3690 silly fetch manifest @esbuild/linux-x64@0.27.7
3691 silly packumentCache full:https://registry.npmjs.org/@esbuild%2flinux-x64 cache-miss
3692 http fetch GET 200 https://registry.npmjs.org/node-gyp-build 161ms (cache miss)
3693 silly packumentCache full:https://registry.npmjs.org/node-gyp-build set size:undefined disposed:false
3694 silly fetch manifest @esbuild/sunos-x64@0.27.7
3695 silly packumentCache full:https://registry.npmjs.org/@esbuild%2fsunos-x64 cache-miss
3696 http fetch GET 200 https://registry.npmjs.org/archiver-utils 140ms (cache miss)
3697 silly packumentCache full:https://registry.npmjs.org/archiver-utils set size:undefined disposed:false
3698 silly fetch manifest @esbuild/win32-x64@0.27.7
3699 silly packumentCache full:https://registry.npmjs.org/@esbuild%2fwin32-x64 cache-miss
3700 http fetch GET 200 https://registry.npmjs.org/buffer-crc32 91ms (cache miss)
3701 silly packumentCache full:https://registry.npmjs.org/buffer-crc32 set size:undefined disposed:false
3702 silly fetch manifest @esbuild/darwin-x64@0.27.7
3703 silly packumentCache full:https://registry.npmjs.org/@esbuild%2fdarwin-x64 cache-miss
3704 http fetch GET 200 https://registry.npmjs.org/async 223ms (cache miss)
3705 silly packumentCache full:https://registry.npmjs.org/async set size:undefined disposed:false
3706 silly fetch manifest @esbuild/linux-ia32@0.27.7
3707 silly packumentCache full:https://registry.npmjs.org/@esbuild%2flinux-ia32 cache-miss
3708 http fetch GET 200 https://registry.npmjs.org/readdir-glob 205ms (cache miss)
3709 silly packumentCache full:https://registry.npmjs.org/readdir-glob set size:undefined disposed:false
3710 silly fetch manifest @esbuild/netbsd-x64@0.27.7
3711 silly packumentCache full:https://registry.npmjs.org/@esbuild%2fnetbsd-x64 cache-miss
3712 http fetch GET 200 https://registry.npmjs.org/@esbuild%2faix-ppc64 235ms (cache miss)
3713 silly packumentCache full:https://registry.npmjs.org/@esbuild%2faix-ppc64 set size:undefined disposed:false
3714 silly fetch manifest @esbuild/win32-ia32@0.27.7
3715 silly packumentCache full:https://registry.npmjs.org/@esbuild%2fwin32-ia32 cache-miss
3716 http fetch GET 200 https://registry.npmjs.org/tar-stream 253ms (cache miss)
3717 silly packumentCache full:https://registry.npmjs.org/tar-stream set size:undefined disposed:false
3718 silly fetch manifest @esbuild/android-arm@0.27.7
3719 silly packumentCache full:https://registry.npmjs.org/@esbuild%2fandroid-arm cache-miss
3720 http fetch GET 200 https://registry.npmjs.org/@esbuild%2fdarwin-x64 256ms (cache miss)
3721 silly packumentCache full:https://registry.npmjs.org/@esbuild%2fdarwin-x64 set size:undefined disposed:false
3722 silly fetch manifest @esbuild/android-x64@0.27.7
3723 silly packumentCache full:https://registry.npmjs.org/@esbuild%2fandroid-x64 cache-miss
3724 http fetch GET 200 https://registry.npmjs.org/@esbuild%2fwin32-x64 320ms (cache miss)
3725 silly packumentCache full:https://registry.npmjs.org/@esbuild%2fwin32-x64 set size:undefined disposed:false
3726 silly fetch manifest @esbuild/freebsd-x64@0.27.7
3727 silly packumentCache full:https://registry.npmjs.org/@esbuild%2ffreebsd-x64 cache-miss
3728 http fetch GET 200 https://registry.npmjs.org/@esbuild%2flinux-ia32 237ms (cache miss)
3729 silly packumentCache full:https://registry.npmjs.org/@esbuild%2flinux-ia32 set size:undefined disposed:false
3730 silly fetch manifest @esbuild/linux-arm64@0.27.7
3731 silly packumentCache full:https://registry.npmjs.org/@esbuild%2flinux-arm64 cache-miss
3732 http fetch GET 200 https://registry.npmjs.org/@esbuild%2fsunos-x64 399ms (cache miss)
3733 silly packumentCache full:https://registry.npmjs.org/@esbuild%2fsunos-x64 set size:undefined disposed:false
3734 silly fetch manifest @esbuild/linux-ppc64@0.27.7
3735 silly packumentCache full:https://registry.npmjs.org/@esbuild%2flinux-ppc64 cache-miss
3736 http fetch GET 200 https://registry.npmjs.org/@esbuild%2flinux-x64 403ms (cache miss)
3737 silly packumentCache full:https://registry.npmjs.org/@esbuild%2flinux-x64 set size:undefined disposed:false
3738 silly fetch manifest @esbuild/linux-s390x@0.27.7
3739 silly packumentCache full:https://registry.npmjs.org/@esbuild%2flinux-s390x cache-miss
3740 http fetch GET 200 https://registry.npmjs.org/@esbuild%2fandroid-x64 208ms (cache miss)
3741 silly packumentCache full:https://registry.npmjs.org/@esbuild%2fandroid-x64 set size:undefined disposed:false
3742 silly fetch manifest @esbuild/openbsd-x64@0.27.7
3743 silly packumentCache full:https://registry.npmjs.org/@esbuild%2fopenbsd-x64 cache-miss
3744 http fetch GET 200 https://registry.npmjs.org/zip-stream 542ms (cache miss)
3745 silly packumentCache full:https://registry.npmjs.org/zip-stream set size:undefined disposed:false
3746 silly fetch manifest @esbuild/win32-arm64@0.27.7
3747 silly packumentCache full:https://registry.npmjs.org/@esbuild%2fwin32-arm64 cache-miss
3748 http fetch GET 200 https://registry.npmjs.org/@esbuild%2fnetbsd-x64 355ms (cache miss)
3749 silly packumentCache full:https://registry.npmjs.org/@esbuild%2fnetbsd-x64 set size:undefined disposed:false
3750 silly fetch manifest @esbuild/darwin-arm64@0.27.7
3751 silly packumentCache full:https://registry.npmjs.org/@esbuild%2fdarwin-arm64 cache-miss
3752 http fetch GET 200 https://registry.npmjs.org/@esbuild%2fwin32-ia32 369ms (cache miss)
3753 silly packumentCache full:https://registry.npmjs.org/@esbuild%2fwin32-ia32 set size:undefined disposed:false
3754 silly fetch manifest @esbuild/netbsd-arm64@0.27.7
3755 silly packumentCache full:https://registry.npmjs.org/@esbuild%2fnetbsd-arm64 cache-miss
3756 http fetch GET 200 https://registry.npmjs.org/@esbuild%2ffreebsd-x64 336ms (cache miss)
3757 silly packumentCache full:https://registry.npmjs.org/@esbuild%2ffreebsd-x64 set size:undefined disposed:false
3758 silly fetch manifest @esbuild/android-arm64@0.27.7
3759 silly packumentCache full:https://registry.npmjs.org/@esbuild%2fandroid-arm64 cache-miss
3760 http fetch GET 200 https://registry.npmjs.org/@esbuild%2fandroid-arm 451ms (cache miss)
3761 silly packumentCache full:https://registry.npmjs.org/@esbuild%2fandroid-arm set size:undefined disposed:false
3762 silly fetch manifest @esbuild/freebsd-arm64@0.27.7
3763 silly packumentCache full:https://registry.npmjs.org/@esbuild%2ffreebsd-arm64 cache-miss
3764 http fetch GET 200 https://registry.npmjs.org/@esbuild%2fnetbsd-arm64 91ms (cache miss)
3765 silly packumentCache full:https://registry.npmjs.org/@esbuild%2fnetbsd-arm64 set size:undefined disposed:false
3766 silly fetch manifest @esbuild/linux-loong64@0.27.7
3767 silly packumentCache full:https://registry.npmjs.org/@esbuild%2flinux-loong64 cache-miss
3768 http fetch GET 200 https://registry.npmjs.org/type-fest 803ms (cache miss)
3769 silly packumentCache full:https://registry.npmjs.org/type-fest set size:undefined disposed:false
3770 silly fetch manifest @esbuild/linux-riscv64@0.27.7
3771 silly packumentCache full:https://registry.npmjs.org/@esbuild%2flinux-riscv64 cache-miss
3772 http fetch GET 200 https://registry.npmjs.org/@esbuild%2ffreebsd-arm64 139ms (cache miss)
3773 silly packumentCache full:https://registry.npmjs.org/@esbuild%2ffreebsd-arm64 set size:undefined disposed:false
3774 silly fetch manifest @esbuild/openbsd-arm64@0.27.7
3775 silly packumentCache full:https://registry.npmjs.org/@esbuild%2fopenbsd-arm64 cache-miss
3776 http fetch GET 200 https://registry.npmjs.org/@esbuild%2flinux-arm 849ms (cache miss)
3777 silly packumentCache full:https://registry.npmjs.org/@esbuild%2flinux-arm set size:undefined disposed:false
3778 silly fetch manifest @esbuild/linux-mips64el@0.27.7
3779 silly packumentCache full:https://registry.npmjs.org/@esbuild%2flinux-mips64el cache-miss
3780 http fetch GET 200 https://registry.npmjs.org/@esbuild%2fandroid-arm64 177ms (cache miss)
3781 silly packumentCache full:https://registry.npmjs.org/@esbuild%2fandroid-arm64 set size:undefined disposed:false
3782 silly fetch manifest @esbuild/openharmony-arm64@0.27.7
3783 silly packumentCache full:https://registry.npmjs.org/@esbuild%2fopenharmony-arm64 cache-miss
3784 http fetch GET 200 https://registry.npmjs.org/@esbuild%2flinux-loong64 205ms (cache miss)
3785 silly packumentCache full:https://registry.npmjs.org/@esbuild%2flinux-loong64 set size:undefined disposed:false
3786 silly fetch manifest @sindresorhus/merge-streams@^4.0.0
3787 silly packumentCache full:https://registry.npmjs.org/@sindresorhus%2fmerge-streams cache-miss
3788 http fetch GET 200 https://registry.npmjs.org/@esbuild%2fopenbsd-x64 460ms (cache miss)
3789 silly packumentCache full:https://registry.npmjs.org/@esbuild%2fopenbsd-x64 set size:undefined disposed:false
3790 silly fetch manifest fast-glob@^3.3.3
3791 silly packumentCache full:https://registry.npmjs.org/fast-glob cache-miss
3792 http fetch GET 200 https://registry.npmjs.org/@esbuild%2fopenbsd-arm64 118ms (cache miss)
3793 silly packumentCache full:https://registry.npmjs.org/@esbuild%2fopenbsd-arm64 set size:undefined disposed:false
3794 silly fetch manifest slash@^5.1.0
3795 silly packumentCache full:https://registry.npmjs.org/slash cache-miss
3796 http fetch GET 200 https://registry.npmjs.org/@esbuild%2fopenharmony-arm64 133ms (cache miss)
3797 silly packumentCache full:https://registry.npmjs.org/@esbuild%2fopenharmony-arm64 set size:undefined disposed:false
3798 silly fetch manifest unicorn-magic@^0.4.0
3799 silly packumentCache full:https://registry.npmjs.org/unicorn-magic cache-miss
3800 http fetch GET 200 https://registry.npmjs.org/@sindresorhus%2fmerge-streams 122ms (cache miss)
3801 silly packumentCache full:https://registry.npmjs.org/@sindresorhus%2fmerge-streams set size:undefined disposed:false
3802 silly fetch manifest duplexer@^0.1.2
3803 silly packumentCache full:https://registry.npmjs.org/duplexer cache-miss
3804 http fetch GET 200 https://registry.npmjs.org/@esbuild%2fdarwin-arm64 508ms (cache miss)
3805 silly packumentCache full:https://registry.npmjs.org/@esbuild%2fdarwin-arm64 set size:undefined disposed:false
3806 silly fetch manifest @ioredis/commands@1.5.1
3807 silly packumentCache full:https://registry.npmjs.org/@ioredis%2fcommands cache-miss
3808 http fetch GET 200 https://registry.npmjs.org/@esbuild%2flinux-riscv64 253ms (cache miss)
3809 silly packumentCache full:https://registry.npmjs.org/@esbuild%2flinux-riscv64 set size:undefined disposed:false
3810 silly fetch manifest cluster-key-slot@^1.1.0
3811 silly packumentCache full:https://registry.npmjs.org/cluster-key-slot cache-miss
3812 http fetch GET 200 https://registry.npmjs.org/slash 101ms (cache miss)
3813 silly packumentCache full:https://registry.npmjs.org/slash set size:undefined disposed:false
3814 silly fetch manifest denque@^2.1.0
3815 silly packumentCache full:https://registry.npmjs.org/denque cache-miss
3816 http fetch GET 200 https://registry.npmjs.org/@esbuild%2flinux-mips64el 225ms (cache miss)
3817 silly packumentCache full:https://registry.npmjs.org/@esbuild%2flinux-mips64el set size:undefined disposed:false
3818 silly fetch manifest lodash.defaults@^4.2.0
3819 silly packumentCache full:https://registry.npmjs.org/lodash.defaults cache-miss
3820 http fetch GET 200 https://registry.npmjs.org/unicorn-magic 87ms (cache miss)
3821 silly packumentCache full:https://registry.npmjs.org/unicorn-magic set size:undefined disposed:false
3822 silly fetch manifest lodash.isarguments@^3.1.0
3823 silly packumentCache full:https://registry.npmjs.org/lodash.isarguments cache-miss
3824 http fetch GET 200 https://registry.npmjs.org/fast-glob 126ms (cache miss)
3825 silly packumentCache full:https://registry.npmjs.org/fast-glob set size:undefined disposed:false
3826 silly fetch manifest redis-errors@^1.2.0
3827 silly packumentCache full:https://registry.npmjs.org/redis-errors cache-miss
3828 http fetch GET 200 https://registry.npmjs.org/@esbuild%2flinux-arm64 691ms (cache miss)
3829 silly packumentCache full:https://registry.npmjs.org/@esbuild%2flinux-arm64 set size:undefined disposed:false
3830 silly fetch manifest redis-parser@^3.0.0
3831 silly packumentCache full:https://registry.npmjs.org/redis-parser cache-miss
3832 http fetch GET 200 https://registry.npmjs.org/duplexer 83ms (cache miss)
3833 silly packumentCache full:https://registry.npmjs.org/duplexer set size:undefined disposed:false
3834 silly fetch manifest standard-as-callback@^2.1.0
3835 silly packumentCache full:https://registry.npmjs.org/standard-as-callback cache-miss
3836 http fetch GET 200 https://registry.npmjs.org/@ioredis%2fcommands 257ms (cache miss)
3837 silly packumentCache full:https://registry.npmjs.org/@ioredis%2fcommands set size:undefined disposed:false
3838 silly fetch manifest fsevents@~2.3.2
3839 silly packumentCache full:https://registry.npmjs.org/fsevents cache-miss
3840 http cache https://registry.npmjs.org/fsevents 10ms (cache hit)
3841 silly packumentCache full:https://registry.npmjs.org/fsevents set size:182472 disposed:false
3842 silly fetch manifest @rollup/rollup-darwin-arm64@4.60.2
3843 silly packumentCache full:https://registry.npmjs.org/@rollup%2frollup-darwin-arm64 cache-miss
3844 http fetch GET 200 https://registry.npmjs.org/cluster-key-slot 307ms (cache miss)
3845 silly packumentCache full:https://registry.npmjs.org/cluster-key-slot set size:undefined disposed:false
3846 silly fetch manifest @rollup/rollup-android-arm64@4.60.2
3847 silly packumentCache full:https://registry.npmjs.org/@rollup%2frollup-android-arm64 cache-miss
3848 http fetch GET 200 https://registry.npmjs.org/denque 308ms (cache miss)
3849 silly packumentCache full:https://registry.npmjs.org/denque set size:undefined disposed:false
3850 silly fetch manifest @rollup/rollup-win32-arm64-msvc@4.60.2
3851 silly packumentCache full:https://registry.npmjs.org/@rollup%2frollup-win32-arm64-msvc cache-miss
3852 http fetch GET 200 https://registry.npmjs.org/@rollup%2frollup-darwin-arm64 265ms (cache miss)
3853 silly packumentCache full:https://registry.npmjs.org/@rollup%2frollup-darwin-arm64 set size:undefined disposed:false
3854 silly fetch manifest @rollup/rollup-freebsd-arm64@4.60.2
3855 silly packumentCache full:https://registry.npmjs.org/@rollup%2frollup-freebsd-arm64 cache-miss
3856 http fetch GET 200 https://registry.npmjs.org/@rollup%2frollup-freebsd-arm64 66ms (cache miss)
3857 silly packumentCache full:https://registry.npmjs.org/@rollup%2frollup-freebsd-arm64 set size:undefined disposed:false
3858 silly fetch manifest @rollup/rollup-linux-arm64-gnu@4.60.2
3859 silly packumentCache full:https://registry.npmjs.org/@rollup%2frollup-linux-arm64-gnu cache-miss
3860 http fetch GET 200 https://registry.npmjs.org/@rollup%2frollup-linux-arm64-gnu 79ms (cache miss)
3861 silly packumentCache full:https://registry.npmjs.org/@rollup%2frollup-linux-arm64-gnu set size:undefined disposed:false
3862 silly fetch manifest @rollup/rollup-linux-arm64-musl@4.60.2
3863 silly packumentCache full:https://registry.npmjs.org/@rollup%2frollup-linux-arm64-musl cache-miss
3864 http fetch GET 200 https://registry.npmjs.org/redis-parser 693ms (cache miss)
3865 silly packumentCache full:https://registry.npmjs.org/redis-parser set size:undefined disposed:false
3866 silly fetch manifest @rollup/rollup-android-arm-eabi@4.60.2
3867 silly packumentCache full:https://registry.npmjs.org/@rollup%2frollup-android-arm-eabi cache-miss
3868 http fetch GET 200 https://registry.npmjs.org/redis-errors 707ms (cache miss)
3869 silly packumentCache full:https://registry.npmjs.org/redis-errors set size:undefined disposed:false
3870 silly fetch manifest @rollup/rollup-linux-arm-gnueabihf@4.60.2
3871 silly packumentCache full:https://registry.npmjs.org/@rollup%2frollup-linux-arm-gnueabihf cache-miss
3872 http fetch GET 200 https://registry.npmjs.org/lodash.isarguments 746ms (cache miss)
3873 silly packumentCache full:https://registry.npmjs.org/lodash.isarguments set size:undefined disposed:false
3874 silly fetch manifest @rollup/rollup-linux-arm-musleabihf@4.60.2
3875 silly packumentCache full:https://registry.npmjs.org/@rollup%2frollup-linux-arm-musleabihf cache-miss
3876 http fetch GET 200 https://registry.npmjs.org/@rollup%2frollup-linux-arm64-musl 89ms (cache miss)
3877 silly packumentCache full:https://registry.npmjs.org/@rollup%2frollup-linux-arm64-musl set size:undefined disposed:false
3878 silly fetch manifest @rollup/rollup-win32-ia32-msvc@4.60.2
3879 silly packumentCache full:https://registry.npmjs.org/@rollup%2frollup-win32-ia32-msvc cache-miss
3880 http fetch GET 200 https://registry.npmjs.org/@rollup%2frollup-android-arm64 472ms (cache miss)
3881 silly packumentCache full:https://registry.npmjs.org/@rollup%2frollup-android-arm64 set size:undefined disposed:false
3882 silly fetch manifest @rollup/rollup-linux-loong64-gnu@4.60.2
3883 silly packumentCache full:https://registry.npmjs.org/@rollup%2frollup-linux-loong64-gnu cache-miss
3884 http fetch GET 200 https://registry.npmjs.org/standard-as-callback 902ms (cache miss)
3885 silly packumentCache full:https://registry.npmjs.org/standard-as-callback set size:undefined disposed:false
3886 silly fetch manifest @rollup/rollup-linux-loong64-musl@4.60.2
3887 silly packumentCache full:https://registry.npmjs.org/@rollup%2frollup-linux-loong64-musl cache-miss
3888 http fetch GET 200 https://registry.npmjs.org/@rollup%2frollup-linux-arm-musleabihf 422ms (cache miss)
3889 silly packumentCache full:https://registry.npmjs.org/@rollup%2frollup-linux-arm-musleabihf set size:undefined disposed:false
3890 silly fetch manifest @rollup/rollup-linux-riscv64-gnu@4.60.2
3891 silly packumentCache full:https://registry.npmjs.org/@rollup%2frollup-linux-riscv64-gnu cache-miss
3892 http fetch GET 200 https://registry.npmjs.org/@rollup%2frollup-win32-ia32-msvc 551ms (cache miss)
3893 silly packumentCache full:https://registry.npmjs.org/@rollup%2frollup-win32-ia32-msvc set size:undefined disposed:false
3894 silly fetch manifest @rollup/rollup-linux-riscv64-musl@4.60.2
3895 silly packumentCache full:https://registry.npmjs.org/@rollup%2frollup-linux-riscv64-musl cache-miss
3896 http fetch GET 200 https://registry.npmjs.org/@rollup%2frollup-linux-riscv64-gnu 141ms (cache miss)
3897 silly packumentCache full:https://registry.npmjs.org/@rollup%2frollup-linux-riscv64-gnu set size:undefined disposed:false
3898 silly fetch manifest @rollup/rollup-linux-ppc64-gnu@4.60.2
3899 silly packumentCache full:https://registry.npmjs.org/@rollup%2frollup-linux-ppc64-gnu cache-miss
3900 http fetch GET 200 https://registry.npmjs.org/@rollup%2frollup-linux-loong64-musl 424ms (cache miss)
3901 silly packumentCache full:https://registry.npmjs.org/@rollup%2frollup-linux-loong64-musl set size:undefined disposed:false
3902 silly fetch manifest @rollup/rollup-linux-ppc64-musl@4.60.2
3903 silly packumentCache full:https://registry.npmjs.org/@rollup%2frollup-linux-ppc64-musl cache-miss
3904 http fetch GET 200 https://registry.npmjs.org/@esbuild%2flinux-ppc64 2062ms (cache miss)
3905 silly packumentCache full:https://registry.npmjs.org/@esbuild%2flinux-ppc64 set size:undefined disposed:false
3906 silly fetch manifest @rollup/rollup-linux-s390x-gnu@4.60.2
3907 silly packumentCache full:https://registry.npmjs.org/@rollup%2frollup-linux-s390x-gnu cache-miss
3908 http fetch GET 200 https://registry.npmjs.org/@rollup%2frollup-linux-ppc64-gnu 84ms (cache miss)
3909 silly packumentCache full:https://registry.npmjs.org/@rollup%2frollup-linux-ppc64-gnu set size:undefined disposed:false
3910 silly fetch manifest @rollup/rollup-darwin-x64@4.60.2
3911 silly packumentCache full:https://registry.npmjs.org/@rollup%2frollup-darwin-x64 cache-miss
3912 http fetch GET 200 https://registry.npmjs.org/@rollup%2frollup-android-arm-eabi 720ms (cache miss)
3913 silly packumentCache full:https://registry.npmjs.org/@rollup%2frollup-android-arm-eabi set size:undefined disposed:false
3914 silly fetch manifest @rollup/rollup-win32-x64-gnu@4.60.2
3915 silly packumentCache full:https://registry.npmjs.org/@rollup%2frollup-win32-x64-gnu cache-miss
3916 http fetch GET 200 https://registry.npmjs.org/@rollup%2frollup-win32-arm64-msvc 1132ms (cache miss)
3917 silly packumentCache full:https://registry.npmjs.org/@rollup%2frollup-win32-arm64-msvc set size:undefined disposed:false
3918 silly fetch manifest @rollup/rollup-win32-x64-msvc@4.60.2
3919 silly packumentCache full:https://registry.npmjs.org/@rollup%2frollup-win32-x64-msvc cache-miss
3920 http fetch GET 200 https://registry.npmjs.org/@rollup%2frollup-linux-riscv64-musl 122ms (cache miss)
3921 silly packumentCache full:https://registry.npmjs.org/@rollup%2frollup-linux-riscv64-musl set size:undefined disposed:false
3922 silly fetch manifest @rollup/rollup-freebsd-x64@4.60.2
3923 silly packumentCache full:https://registry.npmjs.org/@rollup%2frollup-freebsd-x64 cache-miss
3924 http fetch GET 200 https://registry.npmjs.org/@esbuild%2flinux-s390x 2135ms (cache miss)
3925 silly packumentCache full:https://registry.npmjs.org/@esbuild%2flinux-s390x set size:undefined disposed:false
3926 silly fetch manifest @rollup/rollup-linux-x64-gnu@4.60.2
3927 silly packumentCache full:https://registry.npmjs.org/@rollup%2frollup-linux-x64-gnu cache-miss
3928 http fetch GET 200 https://registry.npmjs.org/@rollup%2frollup-darwin-x64 114ms (cache miss)
3929 silly packumentCache full:https://registry.npmjs.org/@rollup%2frollup-darwin-x64 set size:undefined disposed:false
3930 silly fetch manifest @rollup/rollup-linux-x64-musl@4.60.2
3931 silly packumentCache full:https://registry.npmjs.org/@rollup%2frollup-linux-x64-musl cache-miss
3932 http fetch GET 200 https://registry.npmjs.org/@rollup%2frollup-win32-x64-gnu 102ms (cache miss)
3933 silly packumentCache full:https://registry.npmjs.org/@rollup%2frollup-win32-x64-gnu set size:undefined disposed:false
3934 silly fetch manifest @rollup/rollup-openbsd-x64@4.60.2
3935 silly packumentCache full:https://registry.npmjs.org/@rollup%2frollup-openbsd-x64 cache-miss
3936 http fetch GET 200 https://registry.npmjs.org/@rollup%2frollup-freebsd-x64 128ms (cache miss)
3937 silly packumentCache full:https://registry.npmjs.org/@rollup%2frollup-freebsd-x64 set size:undefined disposed:false
3938 silly fetch manifest @rollup/rollup-openharmony-arm64@4.60.2
3939 silly packumentCache full:https://registry.npmjs.org/@rollup%2frollup-openharmony-arm64 cache-miss
3940 http fetch GET 200 https://registry.npmjs.org/@rollup%2frollup-linux-ppc64-musl 280ms (cache miss)
3941 silly packumentCache full:https://registry.npmjs.org/@rollup%2frollup-linux-ppc64-musl set size:undefined disposed:false
3942 silly fetch manifest open@^11.0.0
3943 silly packumentCache full:https://registry.npmjs.org/open cache-miss
3944 http fetch GET 200 https://registry.npmjs.org/@rollup%2frollup-win32-x64-msvc 221ms (cache miss)
3945 silly packumentCache full:https://registry.npmjs.org/@rollup%2frollup-win32-x64-msvc set size:undefined disposed:false
3946 silly fetch manifest yargs@^18.0.0
3947 silly packumentCache full:https://registry.npmjs.org/yargs cache-miss
3948 http fetch GET 200 https://registry.npmjs.org/@rollup%2frollup-linux-s390x-gnu 256ms (cache miss)
3949 silly packumentCache full:https://registry.npmjs.org/@rollup%2frollup-linux-s390x-gnu set size:undefined disposed:false
3950 silly fetch manifest source-map@^0.7.4
3951 silly packumentCache full:https://registry.npmjs.org/source-map cache-miss
3952 http fetch GET 200 https://registry.npmjs.org/@rollup%2frollup-openbsd-x64 129ms (cache miss)
3953 silly packumentCache full:https://registry.npmjs.org/@rollup%2frollup-openbsd-x64 set size:undefined disposed:false
3954 silly fetch manifest encodeurl@^2.0.0
3955 silly packumentCache full:https://registry.npmjs.org/encodeurl cache-miss
3956 http fetch GET 200 https://registry.npmjs.org/@rollup%2frollup-linux-loong64-gnu 902ms (cache miss)
3957 silly packumentCache full:https://registry.npmjs.org/@rollup%2frollup-linux-loong64-gnu set size:undefined disposed:false
3958 silly fetch manifest escape-html@^1.0.3
3959 silly packumentCache full:https://registry.npmjs.org/escape-html cache-miss
3960 http fetch GET 200 https://registry.npmjs.org/lodash.defaults 1665ms (cache miss)
3961 silly packumentCache full:https://registry.npmjs.org/lodash.defaults set size:undefined disposed:false
3962 silly fetch manifest parseurl@^1.3.3
3963 silly packumentCache full:https://registry.npmjs.org/parseurl cache-miss
3964 http fetch GET 200 https://registry.npmjs.org/@rollup%2frollup-linux-x64-musl 144ms (cache miss)
3965 silly packumentCache full:https://registry.npmjs.org/@rollup%2frollup-linux-x64-musl set size:undefined disposed:false
3966 silly fetch manifest send@^1.2.0
3967 silly packumentCache full:https://registry.npmjs.org/send cache-miss
3968 http cache https://registry.npmjs.org/open 31ms (cache hit)
3969 silly packumentCache full:https://registry.npmjs.org/open set size:136392 disposed:false
3970 silly fetch manifest @poppinss/exception@^1.2.2
3971 silly packumentCache full:https://registry.npmjs.org/@poppinss%2fexception cache-miss
3972 http fetch GET 200 https://registry.npmjs.org/@rollup%2frollup-openharmony-arm64 120ms (cache miss)
3973 silly packumentCache full:https://registry.npmjs.org/@rollup%2frollup-openharmony-arm64 set size:undefined disposed:false
3974 http cache https://registry.npmjs.org/source-map 30ms (cache hit)
3975 silly packumentCache full:https://registry.npmjs.org/source-map set size:226141 disposed:false
3976 http fetch GET 200 https://registry.npmjs.org/@rollup%2frollup-linux-x64-gnu 310ms (cache miss)
3977 silly packumentCache full:https://registry.npmjs.org/@rollup%2frollup-linux-x64-gnu set size:undefined disposed:false
3978 http fetch GET 200 https://registry.npmjs.org/escape-html 122ms (cache miss)
3979 silly packumentCache full:https://registry.npmjs.org/escape-html set size:undefined disposed:false
3980 http fetch GET 200 https://registry.npmjs.org/yargs 136ms (cache miss)
3981 silly packumentCache full:https://registry.npmjs.org/yargs set size:undefined disposed:false
3982 http fetch GET 200 https://registry.npmjs.org/encodeurl 142ms (cache miss)
3983 silly packumentCache full:https://registry.npmjs.org/encodeurl set size:undefined disposed:false
3984 http fetch GET 200 https://registry.npmjs.org/parseurl 181ms (cache miss)
3985 silly packumentCache full:https://registry.npmjs.org/parseurl set size:undefined disposed:false
3986 http fetch GET 200 https://registry.npmjs.org/send 178ms (cache miss)
3987 silly packumentCache full:https://registry.npmjs.org/send set size:undefined disposed:false
3988 http fetch GET 200 https://registry.npmjs.org/@rollup%2frollup-linux-arm-gnueabihf 1171ms (cache miss)
3989 silly packumentCache full:https://registry.npmjs.org/@rollup%2frollup-linux-arm-gnueabihf set size:undefined disposed:false
3990 http fetch GET 200 https://registry.npmjs.org/@poppinss%2fexception 312ms (cache miss)
3991 silly packumentCache full:https://registry.npmjs.org/@poppinss%2fexception set size:undefined disposed:false
3992 http fetch GET 200 https://registry.npmjs.org/@esbuild%2fwin32-arm64 2667ms (cache miss)
3993 silly packumentCache full:https://registry.npmjs.org/@esbuild%2fwin32-arm64 set size:undefined disposed:false
3994 silly placeDep ROOT commondir@1.0.1 OK for: @rollup/plugin-commonjs@29.0.2 want: ^1.0.1
3995 silly placeDep node_modules/@rollup/plugin-commonjs fdir@6.5.0 OK for: @rollup/plugin-commonjs@29.0.2 want: ^6.2.0
3996 silly placeDep node_modules/@rollup/plugin-commonjs picomatch@4.0.4 OK for: fdir@6.5.0 want: ^3 || ^4
3997 silly placeDep ROOT is-reference@1.2.1 OK for: @rollup/plugin-commonjs@29.0.2 want: 1.2.1
3998 silly placeDep ROOT @types/resolve@1.20.2 OK for: @rollup/plugin-node-resolve@16.0.3 want: 1.20.2
3999 silly placeDep ROOT deepmerge@4.3.1 OK for: @rollup/plugin-node-resolve@16.0.3 want: ^4.2.2
4000 silly placeDep ROOT is-module@1.0.0 OK for: @rollup/plugin-node-resolve@16.0.3 want: ^1.0.0
4001 silly placeDep ROOT resolve@1.22.12 OK for: @rollup/plugin-node-resolve@16.0.3 want: ^1.22.1
4002 silly fetch manifest es-errors@^1.3.0
4003 silly packumentCache full:https://registry.npmjs.org/es-errors cache-miss
4004 silly fetch manifest is-core-module@^2.16.1
4005 silly packumentCache full:https://registry.npmjs.org/is-core-module cache-miss
4006 silly fetch manifest path-parse@^1.0.7
4007 silly packumentCache full:https://registry.npmjs.org/path-parse cache-miss
4008 silly fetch manifest supports-preserve-symlinks-flag@^1.0.0
4009 silly packumentCache full:https://registry.npmjs.org/supports-preserve-symlinks-flag cache-miss
4010 http fetch GET 200 https://registry.npmjs.org/path-parse 260ms (cache miss)
4011 silly packumentCache full:https://registry.npmjs.org/path-parse set size:undefined disposed:false
4012 http fetch GET 200 https://registry.npmjs.org/is-core-module 374ms (cache miss)
4013 silly packumentCache full:https://registry.npmjs.org/is-core-module set size:undefined disposed:false
4014 http fetch GET 200 https://registry.npmjs.org/supports-preserve-symlinks-flag 378ms (cache miss)
4015 silly packumentCache full:https://registry.npmjs.org/supports-preserve-symlinks-flag set size:undefined disposed:false
4016 http fetch GET 200 https://registry.npmjs.org/es-errors 728ms (cache miss)
4017 silly packumentCache full:https://registry.npmjs.org/es-errors set size:undefined disposed:false
4018 silly placeDep ROOT serialize-javascript@7.0.5 OK for: @rollup/plugin-terser@1.0.0 want: ^7.0.3
4019 silly placeDep ROOT smob@1.6.1 OK for: @rollup/plugin-terser@1.0.0 want: ^1.0.0
4020 silly placeDep ROOT terser@5.46.1 OK for: @rollup/plugin-terser@1.0.0 want: ^5.17.4
4021 silly fetch manifest @jridgewell/source-map@^0.3.3
4022 silly packumentCache full:https://registry.npmjs.org/@jridgewell%2fsource-map cache-miss
4023 silly fetch manifest commander@^2.20.0
4024 silly packumentCache full:https://registry.npmjs.org/commander cache-miss
4025 silly fetch manifest source-map-support@~0.5.20
4026 silly packumentCache full:https://registry.npmjs.org/source-map-support cache-miss
4027 http cache https://registry.npmjs.org/commander 10ms (cache hit)
4028 silly packumentCache full:https://registry.npmjs.org/commander set size:306325 disposed:false
4029 http fetch GET 200 https://registry.npmjs.org/@jridgewell%2fsource-map 94ms (cache miss)
4030 silly packumentCache full:https://registry.npmjs.org/@jridgewell%2fsource-map set size:undefined disposed:false
4031 http fetch GET 200 https://registry.npmjs.org/source-map-support 135ms (cache miss)
4032 silly packumentCache full:https://registry.npmjs.org/source-map-support set size:undefined disposed:false
4033 silly fetch manifest acorn@^8.6.0
4034 silly packumentCache full:https://registry.npmjs.org/acorn cache-hit
4035 silly placeDep ROOT @mapbox/node-pre-gyp@2.0.3 OK for: @vercel/nft@1.5.0 want: ^2.0.0
4036 silly placeDep ROOT acorn-import-attributes@1.9.5 OK for: @vercel/nft@1.5.0 want: ^1.9.5
4037 silly placeDep ROOT async-sema@3.1.1 OK for: @vercel/nft@1.5.0 want: ^3.1.1
4038 silly placeDep ROOT bindings@1.5.0 OK for: @vercel/nft@1.5.0 want: ^1.4.0
4039 silly placeDep ROOT glob@13.0.6 OK for: @vercel/nft@1.5.0 want: ^13.0.0
4040 silly placeDep ROOT graceful-fs@4.2.11 OK for: @vercel/nft@1.5.0 want: ^4.2.9
4041 silly placeDep ROOT node-gyp-build@4.8.4 OK for: @vercel/nft@1.5.0 want: ^4.2.2
4042 silly placeDep node_modules/@vercel/nft picomatch@4.0.4 OK for: @vercel/nft@1.5.0 want: ^4.0.2
4043 silly placeDep ROOT resolve-from@5.0.0 OK for: @vercel/nft@1.5.0 want: ^5.0.0
4044 silly fetch manifest tar@^7.4.0
4045 silly packumentCache full:https://registry.npmjs.org/tar cache-miss
4046 silly fetch manifest nopt@^8.0.0
4047 silly packumentCache full:https://registry.npmjs.org/nopt cache-miss
4048 silly fetch manifest node-fetch@^2.6.7
4049 silly packumentCache full:https://registry.npmjs.org/node-fetch cache-miss
4050 silly fetch manifest https-proxy-agent@^7.0.5
4051 silly packumentCache full:https://registry.npmjs.org/https-proxy-agent cache-miss
4052 silly fetch manifest file-uri-to-path@1.0.0
4053 silly packumentCache full:https://registry.npmjs.org/file-uri-to-path cache-miss
4054 silly fetch manifest minipass@^7.1.3
4055 silly packumentCache full:https://registry.npmjs.org/minipass cache-miss
4056 silly fetch manifest path-scurry@^2.0.2
4057 silly packumentCache full:https://registry.npmjs.org/path-scurry cache-miss
4058 http fetch GET 200 https://registry.npmjs.org/minipass 245ms (cache miss)
4059 silly packumentCache full:https://registry.npmjs.org/minipass set size:undefined disposed:false
4060 http fetch GET 200 https://registry.npmjs.org/file-uri-to-path 254ms (cache miss)
4061 silly packumentCache full:https://registry.npmjs.org/file-uri-to-path set size:undefined disposed:false
4062 http fetch GET 200 https://registry.npmjs.org/path-scurry 261ms (cache miss)
4063 silly packumentCache full:https://registry.npmjs.org/path-scurry set size:undefined disposed:false
4064 http fetch GET 200 https://registry.npmjs.org/nopt 266ms (cache miss)
4065 silly packumentCache full:https://registry.npmjs.org/nopt set size:undefined disposed:false
4066 http fetch GET 200 https://registry.npmjs.org/https-proxy-agent 269ms (cache miss)
4067 silly packumentCache full:https://registry.npmjs.org/https-proxy-agent set size:undefined disposed:false
4068 http fetch GET 200 https://registry.npmjs.org/tar 1610ms (cache miss)
4069 silly packumentCache full:https://registry.npmjs.org/tar set size:undefined disposed:false
4070 http fetch GET 200 https://registry.npmjs.org/node-fetch 2175ms (cache miss)
4071 silly packumentCache full:https://registry.npmjs.org/node-fetch set size:undefined disposed:false
4072 silly fetch manifest encoding@^0.1.0
4073 silly packumentCache full:https://registry.npmjs.org/encoding cache-miss
4074 http fetch GET 200 https://registry.npmjs.org/encoding 83ms (cache miss)
4075 silly packumentCache full:https://registry.npmjs.org/encoding set size:undefined disposed:false
4076 silly placeDep ROOT https-proxy-agent@7.0.6 OK for: @mapbox/node-pre-gyp@2.0.3 want: ^7.0.5
4077 silly placeDep ROOT node-fetch@2.7.0 OK for: @mapbox/node-pre-gyp@2.0.3 want: ^2.6.7
4078 silly placeDep ROOT nopt@8.1.0 OK for: @mapbox/node-pre-gyp@2.0.3 want: ^8.0.0
4079 silly placeDep ROOT tar@7.5.13 OK for: @mapbox/node-pre-gyp@2.0.3 want: ^7.4.0
4080 silly fetch manifest agent-base@^7.1.2
4081 silly packumentCache full:https://registry.npmjs.org/agent-base cache-miss
4082 silly fetch manifest whatwg-url@^5.0.0
4083 silly packumentCache full:https://registry.npmjs.org/whatwg-url cache-miss
4084 silly fetch manifest abbrev@^3.0.0
4085 silly packumentCache full:https://registry.npmjs.org/abbrev cache-miss
4086 silly fetch manifest @isaacs/fs-minipass@^4.0.0
4087 silly packumentCache full:https://registry.npmjs.org/@isaacs%2ffs-minipass cache-miss
4088 silly fetch manifest chownr@^3.0.0
4089 silly packumentCache full:https://registry.npmjs.org/chownr cache-miss
4090 silly fetch manifest minipass@^7.1.2
4091 silly packumentCache full:https://registry.npmjs.org/minipass cache-miss
4092 silly fetch manifest minizlib@^3.1.0
4093 silly packumentCache full:https://registry.npmjs.org/minizlib cache-miss
4094 silly fetch manifest yallist@^5.0.0
4095 silly packumentCache full:https://registry.npmjs.org/yallist cache-miss
4096 http cache https://registry.npmjs.org/yallist 14ms (cache hit)
4097 silly packumentCache full:https://registry.npmjs.org/yallist set size:34610 disposed:false
4098 http cache https://registry.npmjs.org/minipass 17ms (cache hit)
4099 silly packumentCache full:https://registry.npmjs.org/minipass set size:276925 disposed:false
4100 http fetch GET 200 https://registry.npmjs.org/abbrev 68ms (cache miss)
4101 silly packumentCache full:https://registry.npmjs.org/abbrev set size:undefined disposed:false
4102 http fetch GET 200 https://registry.npmjs.org/@isaacs%2ffs-minipass 70ms (cache miss)
4103 silly packumentCache full:https://registry.npmjs.org/@isaacs%2ffs-minipass set size:undefined disposed:false
4104 http fetch GET 200 https://registry.npmjs.org/agent-base 76ms (cache miss)
4105 silly packumentCache full:https://registry.npmjs.org/agent-base set size:undefined disposed:false
4106 http fetch GET 200 https://registry.npmjs.org/minizlib 78ms (cache miss)
4107 silly packumentCache full:https://registry.npmjs.org/minizlib set size:undefined disposed:false
4108 http fetch GET 200 https://registry.npmjs.org/chownr 117ms (cache miss)
4109 silly packumentCache full:https://registry.npmjs.org/chownr set size:undefined disposed:false
4110 http fetch GET 200 https://registry.npmjs.org/whatwg-url 169ms (cache miss)
4111 silly packumentCache full:https://registry.npmjs.org/whatwg-url set size:undefined disposed:false
4112 silly placeDep ROOT archiver-utils@5.0.2 OK for: archiver@7.0.1 want: ^5.0.2
4113 silly placeDep ROOT async@3.2.6 OK for: archiver@7.0.1 want: ^3.2.4
4114 silly placeDep ROOT buffer-crc32@1.0.0 OK for: archiver@7.0.1 want: ^1.0.0
4115 silly placeDep ROOT readdir-glob@1.1.3 OK for: archiver@7.0.1 want: ^1.1.2
4116 silly placeDep ROOT tar-stream@3.1.8 OK for: archiver@7.0.1 want: ^3.0.0
4117 silly placeDep ROOT zip-stream@6.0.1 OK for: archiver@7.0.1 want: ^6.0.1
4118 silly fetch manifest glob@^10.0.0
4119 silly packumentCache full:https://registry.npmjs.org/glob cache-miss
4120 silly fetch manifest is-stream@^2.0.1
4121 silly packumentCache full:https://registry.npmjs.org/is-stream cache-miss
4122 silly fetch manifest lazystream@^1.0.0
4123 silly packumentCache full:https://registry.npmjs.org/lazystream cache-miss
4124 silly fetch manifest lodash@^4.17.15
4125 silly packumentCache full:https://registry.npmjs.org/lodash cache-miss
4126 silly fetch manifest normalize-path@^3.0.0
4127 silly packumentCache full:https://registry.npmjs.org/normalize-path cache-miss
4128 silly fetch manifest minimatch@^5.1.0
4129 silly packumentCache full:https://registry.npmjs.org/minimatch cache-miss
4130 silly fetch manifest b4a@^1.6.4
4131 silly packumentCache full:https://registry.npmjs.org/b4a cache-miss
4132 silly fetch manifest bare-fs@^4.5.5
4133 silly packumentCache full:https://registry.npmjs.org/bare-fs cache-miss
4134 silly fetch manifest fast-fifo@^1.2.0
4135 silly packumentCache full:https://registry.npmjs.org/fast-fifo cache-miss
4136 silly fetch manifest streamx@^2.15.0
4137 silly packumentCache full:https://registry.npmjs.org/streamx cache-miss
4138 silly fetch manifest compress-commons@^6.0.2
4139 silly packumentCache full:https://registry.npmjs.org/compress-commons cache-miss
4140 http cache https://registry.npmjs.org/glob 22ms (cache hit)
4141 silly packumentCache full:https://registry.npmjs.org/glob set size:469465 disposed:false
4142 http cache https://registry.npmjs.org/minimatch 27ms (cache hit)
4143 silly packumentCache full:https://registry.npmjs.org/minimatch set size:375282 disposed:false
4144 http cache https://registry.npmjs.org/is-stream 34ms (cache hit)
4145 silly packumentCache full:https://registry.npmjs.org/is-stream set size:18582 disposed:false
4146 http fetch GET 200 https://registry.npmjs.org/normalize-path 269ms (cache miss)
4147 silly packumentCache full:https://registry.npmjs.org/normalize-path set size:undefined disposed:false
4148 http fetch GET 200 https://registry.npmjs.org/streamx 269ms (cache miss)
4149 silly packumentCache full:https://registry.npmjs.org/streamx set size:undefined disposed:false
4150 http fetch GET 200 https://registry.npmjs.org/fast-fifo 273ms (cache miss)
4151 silly packumentCache full:https://registry.npmjs.org/fast-fifo set size:undefined disposed:false
4152 http fetch GET 200 https://registry.npmjs.org/lazystream 276ms (cache miss)
4153 silly packumentCache full:https://registry.npmjs.org/lazystream set size:undefined disposed:false
4154 http fetch GET 200 https://registry.npmjs.org/b4a 294ms (cache miss)
4155 silly packumentCache full:https://registry.npmjs.org/b4a set size:undefined disposed:false
4156 http fetch GET 200 https://registry.npmjs.org/compress-commons 293ms (cache miss)
4157 silly packumentCache full:https://registry.npmjs.org/compress-commons set size:undefined disposed:false
4158 http fetch GET 200 https://registry.npmjs.org/lodash 300ms (cache miss)
4159 silly packumentCache full:https://registry.npmjs.org/lodash set size:undefined disposed:false
4160 http fetch GET 200 https://registry.npmjs.org/bare-fs 302ms (cache miss)
4161 silly packumentCache full:https://registry.npmjs.org/bare-fs set size:undefined disposed:false
4162 silly placeDep node_modules/archiver-utils glob@10.5.0 OK for: archiver-utils@5.0.2 want: ^10.0.0
4163 silly placeDep node_modules/archiver-utils is-stream@2.0.1 OK for: archiver-utils@5.0.2 want: ^2.0.1
4164 silly placeDep ROOT lazystream@1.0.1 OK for: archiver-utils@5.0.2 want: ^1.0.0
4165 silly placeDep ROOT lodash@4.18.1 OK for: archiver-utils@5.0.2 want: ^4.17.15
4166 silly placeDep ROOT normalize-path@3.0.0 OK for: archiver-utils@5.0.2 want: ^3.0.0
4167 silly fetch manifest jackspeak@^3.1.2
4168 silly packumentCache full:https://registry.npmjs.org/jackspeak cache-miss
4169 silly fetch manifest minimatch@^9.0.4
4170 silly packumentCache full:https://registry.npmjs.org/minimatch cache-hit
4171 silly fetch manifest path-scurry@^1.11.1
4172 silly packumentCache full:https://registry.npmjs.org/path-scurry cache-miss
4173 silly fetch manifest foreground-child@^3.1.0
4174 silly packumentCache full:https://registry.npmjs.org/foreground-child cache-miss
4175 silly fetch manifest package-json-from-dist@^1.0.0
4176 silly packumentCache full:https://registry.npmjs.org/package-json-from-dist cache-miss
4177 silly fetch manifest readable-stream@^2.0.5
4178 silly packumentCache full:https://registry.npmjs.org/readable-stream cache-miss
4179 http cache https://registry.npmjs.org/readable-stream 15ms (cache hit)
4180 silly packumentCache full:https://registry.npmjs.org/readable-stream set size:261096 disposed:false
4181 http cache https://registry.npmjs.org/path-scurry 22ms (cache hit)
4182 silly packumentCache full:https://registry.npmjs.org/path-scurry set size:117612 disposed:false
4183 http fetch GET 200 https://registry.npmjs.org/package-json-from-dist 104ms (cache miss)
4184 silly packumentCache full:https://registry.npmjs.org/package-json-from-dist set size:undefined disposed:false
4185 http fetch GET 200 https://registry.npmjs.org/foreground-child 296ms (cache miss)
4186 silly packumentCache full:https://registry.npmjs.org/foreground-child set size:undefined disposed:false
4187 http fetch GET 200 https://registry.npmjs.org/jackspeak 303ms (cache miss)
4188 silly packumentCache full:https://registry.npmjs.org/jackspeak set size:undefined disposed:false
4189 silly placeDep ROOT file-uri-to-path@1.0.0 OK for: bindings@1.5.0 want: 1.0.0
4190 silly placeDep ROOT type-fest@5.6.0 OK for: dot-prop@10.1.0 want: ^5.0.0
4191 silly fetch manifest tagged-tag@^1.0.0
4192 silly packumentCache full:https://registry.npmjs.org/tagged-tag cache-miss
4193 http fetch GET 200 https://registry.npmjs.org/tagged-tag 413ms (cache miss)
4194 silly packumentCache full:https://registry.npmjs.org/tagged-tag set size:undefined disposed:false
4195 silly placeDep ROOT @esbuild/aix-ppc64@0.27.7 OK for: esbuild@0.27.7 want: 0.27.7
4196 silly placeDep ROOT @esbuild/android-arm@0.27.7 OK for: esbuild@0.27.7 want: 0.27.7
4197 silly placeDep ROOT @esbuild/android-arm64@0.27.7 OK for: esbuild@0.27.7 want: 0.27.7
4198 silly placeDep ROOT @esbuild/android-x64@0.27.7 OK for: esbuild@0.27.7 want: 0.27.7
4199 silly placeDep ROOT @esbuild/darwin-arm64@0.27.7 OK for: esbuild@0.27.7 want: 0.27.7
4200 silly placeDep ROOT @esbuild/darwin-x64@0.27.7 OK for: esbuild@0.27.7 want: 0.27.7
4201 silly placeDep ROOT @esbuild/freebsd-arm64@0.27.7 OK for: esbuild@0.27.7 want: 0.27.7
4202 silly placeDep ROOT @esbuild/freebsd-x64@0.27.7 OK for: esbuild@0.27.7 want: 0.27.7
4203 silly placeDep ROOT @esbuild/linux-arm@0.27.7 OK for: esbuild@0.27.7 want: 0.27.7
4204 silly placeDep ROOT @esbuild/linux-arm64@0.27.7 OK for: esbuild@0.27.7 want: 0.27.7
4205 silly placeDep ROOT @esbuild/linux-ia32@0.27.7 OK for: esbuild@0.27.7 want: 0.27.7
4206 silly placeDep ROOT @esbuild/linux-loong64@0.27.7 OK for: esbuild@0.27.7 want: 0.27.7
4207 silly placeDep ROOT @esbuild/linux-mips64el@0.27.7 OK for: esbuild@0.27.7 want: 0.27.7
4208 silly placeDep ROOT @esbuild/linux-ppc64@0.27.7 OK for: esbuild@0.27.7 want: 0.27.7
4209 silly placeDep ROOT @esbuild/linux-riscv64@0.27.7 OK for: esbuild@0.27.7 want: 0.27.7
4210 silly placeDep ROOT @esbuild/linux-s390x@0.27.7 OK for: esbuild@0.27.7 want: 0.27.7
4211 silly placeDep ROOT @esbuild/linux-x64@0.27.7 OK for: esbuild@0.27.7 want: 0.27.7
4212 silly placeDep ROOT @esbuild/netbsd-arm64@0.27.7 OK for: esbuild@0.27.7 want: 0.27.7
4213 silly placeDep ROOT @esbuild/netbsd-x64@0.27.7 OK for: esbuild@0.27.7 want: 0.27.7
4214 silly placeDep ROOT @esbuild/openbsd-arm64@0.27.7 OK for: esbuild@0.27.7 want: 0.27.7
4215 silly placeDep ROOT @esbuild/openbsd-x64@0.27.7 OK for: esbuild@0.27.7 want: 0.27.7
4216 silly placeDep ROOT @esbuild/openharmony-arm64@0.27.7 OK for: esbuild@0.27.7 want: 0.27.7
4217 silly placeDep ROOT @esbuild/sunos-x64@0.27.7 OK for: esbuild@0.27.7 want: 0.27.7
4218 silly placeDep ROOT @esbuild/win32-arm64@0.27.7 OK for: esbuild@0.27.7 want: 0.27.7
4219 silly placeDep ROOT @esbuild/win32-ia32@0.27.7 OK for: esbuild@0.27.7 want: 0.27.7
4220 silly placeDep ROOT @esbuild/win32-x64@0.27.7 OK for: esbuild@0.27.7 want: 0.27.7
4221 silly placeDep ROOT minipass@7.1.3 OK for: glob@13.0.6 want: ^7.1.3
4222 silly placeDep ROOT path-scurry@2.0.2 OK for: glob@13.0.6 want: ^2.0.2
4223 silly fetch manifest lru-cache@^11.0.0
4224 silly packumentCache full:https://registry.npmjs.org/lru-cache cache-hit
4225 silly placeDep ROOT @sindresorhus/merge-streams@4.0.0 OK for: globby@16.2.0 want: ^4.0.0
4226 silly placeDep ROOT fast-glob@3.3.3 OK for: globby@16.2.0 want: ^3.3.3
4227 silly placeDep ROOT slash@5.1.0 OK for: globby@16.2.0 want: ^5.1.0
4228 silly placeDep ROOT unicorn-magic@0.4.0 OK for: globby@16.2.0 want: ^0.4.0
4229 silly fetch manifest @nodelib/fs.stat@^2.0.2
4230 silly packumentCache full:https://registry.npmjs.org/@nodelib%2ffs.stat cache-miss
4231 silly fetch manifest @nodelib/fs.walk@^1.2.3
4232 silly packumentCache full:https://registry.npmjs.org/@nodelib%2ffs.walk cache-miss
4233 silly fetch manifest glob-parent@^5.1.2
4234 silly packumentCache full:https://registry.npmjs.org/glob-parent cache-miss
4235 silly fetch manifest merge2@^1.3.0
4236 silly packumentCache full:https://registry.npmjs.org/merge2 cache-miss
4237 http fetch GET 200 https://registry.npmjs.org/glob-parent 396ms (cache miss)
4238 silly packumentCache full:https://registry.npmjs.org/glob-parent set size:undefined disposed:false
4239 http fetch GET 200 https://registry.npmjs.org/@nodelib%2ffs.walk 408ms (cache miss)
4240 silly packumentCache full:https://registry.npmjs.org/@nodelib%2ffs.walk set size:undefined disposed:false
4241 http fetch GET 200 https://registry.npmjs.org/@nodelib%2ffs.stat 476ms (cache miss)
4242 silly packumentCache full:https://registry.npmjs.org/@nodelib%2ffs.stat set size:undefined disposed:false
4243 http fetch GET 200 https://registry.npmjs.org/merge2 644ms (cache miss)
4244 silly packumentCache full:https://registry.npmjs.org/merge2 set size:undefined disposed:false
4245 silly placeDep ROOT @nodelib/fs.stat@2.0.5 OK for: fast-glob@3.3.3 want: ^2.0.2
4246 silly placeDep ROOT @nodelib/fs.walk@1.2.8 OK for: fast-glob@3.3.3 want: ^1.2.3
4247 silly placeDep ROOT glob-parent@5.1.2 OK for: fast-glob@3.3.3 want: ^5.1.2
4248 silly placeDep ROOT merge2@1.4.1 OK for: fast-glob@3.3.3 want: ^1.3.0
4249 silly fetch manifest fastq@^1.6.0
4250 silly packumentCache full:https://registry.npmjs.org/fastq cache-miss
4251 silly fetch manifest @nodelib/fs.scandir@2.1.5
4252 silly packumentCache full:https://registry.npmjs.org/@nodelib%2ffs.scandir cache-miss
4253 http fetch GET 200 https://registry.npmjs.org/fastq 71ms (cache miss)
4254 silly packumentCache full:https://registry.npmjs.org/fastq set size:undefined disposed:false
4255 http fetch GET 200 https://registry.npmjs.org/@nodelib%2ffs.scandir 75ms (cache miss)
4256 silly packumentCache full:https://registry.npmjs.org/@nodelib%2ffs.scandir set size:undefined disposed:false
4257 silly placeDep ROOT @nodelib/fs.scandir@2.1.5 OK for: @nodelib/fs.walk@1.2.8 want: 2.1.5
4258 silly placeDep ROOT fastq@1.20.1 OK for: @nodelib/fs.walk@1.2.8 want: ^1.6.0
4259 silly fetch manifest run-parallel@^1.1.9
4260 silly packumentCache full:https://registry.npmjs.org/run-parallel cache-miss
4261 silly fetch manifest reusify@^1.0.4
4262 silly packumentCache full:https://registry.npmjs.org/reusify cache-miss
4263 http fetch GET 200 https://registry.npmjs.org/reusify 46ms (cache miss)
4264 silly packumentCache full:https://registry.npmjs.org/reusify set size:undefined disposed:false
4265 http fetch GET 200 https://registry.npmjs.org/run-parallel 55ms (cache miss)
4266 silly packumentCache full:https://registry.npmjs.org/run-parallel set size:undefined disposed:false
4267 silly placeDep ROOT run-parallel@1.2.0 OK for: @nodelib/fs.scandir@2.1.5 want: ^1.1.9
4268 silly fetch manifest queue-microtask@^1.2.2
4269 silly packumentCache full:https://registry.npmjs.org/queue-microtask cache-miss
4270 http fetch GET 200 https://registry.npmjs.org/queue-microtask 82ms (cache miss)
4271 silly packumentCache full:https://registry.npmjs.org/queue-microtask set size:undefined disposed:false
4272 silly placeDep ROOT reusify@1.1.0 OK for: fastq@1.20.1 want: ^1.0.4
4273 silly placeDep ROOT duplexer@0.1.2 OK for: gzip-size@7.0.0 want: ^0.1.2
4274 silly placeDep ROOT agent-base@7.1.4 OK for: https-proxy-agent@7.0.6 want: ^7.1.2
4275 silly placeDep ROOT @ioredis/commands@1.5.1 OK for: ioredis@5.10.1 want: 1.5.1
4276 silly placeDep ROOT cluster-key-slot@1.1.2 OK for: ioredis@5.10.1 want: ^1.1.0
4277 silly placeDep ROOT denque@2.1.0 OK for: ioredis@5.10.1 want: ^2.1.0
4278 silly placeDep ROOT lodash.defaults@4.2.0 OK for: ioredis@5.10.1 want: ^4.2.0
4279 silly placeDep ROOT lodash.isarguments@3.1.0 OK for: ioredis@5.10.1 want: ^3.1.0
4280 silly placeDep ROOT redis-errors@1.2.0 OK for: ioredis@5.10.1 want: ^1.2.0
4281 silly placeDep ROOT redis-parser@3.0.0 OK for: ioredis@5.10.1 want: ^3.0.0
4282 silly placeDep ROOT standard-as-callback@2.1.0 OK for: ioredis@5.10.1 want: ^2.1.0
4283 silly placeDep node_modules/lazystream readable-stream@2.3.8 OK for: lazystream@1.0.1 want: ^2.0.5
4284 silly fetch manifest isarray@~1.0.0
4285 silly packumentCache full:https://registry.npmjs.org/isarray cache-miss
4286 silly fetch manifest inherits@~2.0.3
4287 silly packumentCache full:https://registry.npmjs.org/inherits cache-miss
4288 silly fetch manifest safe-buffer@~5.1.1
4289 silly packumentCache full:https://registry.npmjs.org/safe-buffer cache-miss
4290 silly fetch manifest core-util-is@~1.0.0
4291 silly packumentCache full:https://registry.npmjs.org/core-util-is cache-miss
4292 silly fetch manifest string_decoder@~1.1.1
4293 silly packumentCache full:https://registry.npmjs.org/string_decoder cache-miss
4294 silly fetch manifest util-deprecate@~1.0.1
4295 silly packumentCache full:https://registry.npmjs.org/util-deprecate cache-miss
4296 silly fetch manifest process-nextick-args@~2.0.0
4297 silly packumentCache full:https://registry.npmjs.org/process-nextick-args cache-miss
4298 http cache https://registry.npmjs.org/inherits 14ms (cache hit)
4299 silly packumentCache full:https://registry.npmjs.org/inherits set size:12925 disposed:false
4300 http cache https://registry.npmjs.org/string_decoder 15ms (cache hit)
4301 silly packumentCache full:https://registry.npmjs.org/string_decoder set size:28441 disposed:false
4302 http cache https://registry.npmjs.org/safe-buffer 18ms (cache hit)
4303 silly packumentCache full:https://registry.npmjs.org/safe-buffer set size:41183 disposed:false
4304 http fetch GET 200 https://registry.npmjs.org/process-nextick-args 83ms (cache miss)
4305 silly packumentCache full:https://registry.npmjs.org/process-nextick-args set size:undefined disposed:false
4306 http fetch GET 200 https://registry.npmjs.org/core-util-is 86ms (cache miss)
4307 silly packumentCache full:https://registry.npmjs.org/core-util-is set size:undefined disposed:false
4308 http fetch GET 200 https://registry.npmjs.org/util-deprecate 87ms (cache miss)
4309 silly packumentCache full:https://registry.npmjs.org/util-deprecate set size:undefined disposed:false
4310 http fetch GET 200 https://registry.npmjs.org/isarray 89ms (cache miss)
4311 silly packumentCache full:https://registry.npmjs.org/isarray set size:undefined disposed:false
4312 silly placeDep ROOT whatwg-url@5.0.0 OK for: node-fetch@2.7.0 want: ^5.0.0
4313 silly fetch manifest tr46@~0.0.3
4314 silly packumentCache full:https://registry.npmjs.org/tr46 cache-miss
4315 silly fetch manifest webidl-conversions@^3.0.0
4316 silly packumentCache full:https://registry.npmjs.org/webidl-conversions cache-miss
4317 http fetch GET 200 https://registry.npmjs.org/webidl-conversions 52ms (cache miss)
4318 silly packumentCache full:https://registry.npmjs.org/webidl-conversions set size:undefined disposed:false
4319 http fetch GET 200 https://registry.npmjs.org/tr46 101ms (cache miss)
4320 silly packumentCache full:https://registry.npmjs.org/tr46 set size:undefined disposed:false
4321 silly placeDep ROOT abbrev@3.0.1 OK for: nopt@8.1.0 want: ^3.0.0
4322 silly placeDep node_modules/npm-run-path path-key@4.0.0 OK for: npm-run-path@5.3.0 want: ^4.0.0
4323 silly placeDep node_modules/nuxt-component-meta citty@0.1.6 OK for: nuxt-component-meta@0.17.2 want: ^0.1.6
4324 silly placeDep ROOT typescript@5.9.3 OK for: nuxt-component-meta@0.17.2 want: ^5.9.3
4325 silly placeDep ROOT vue-component-meta@3.2.7 OK for: nuxt-component-meta@0.17.2 want: ^3.2.2
4326 silly fetch manifest @volar/typescript@2.4.28
4327 silly packumentCache full:https://registry.npmjs.org/@volar%2ftypescript cache-miss
4328 silly fetch manifest @vue/language-core@3.2.7
4329 silly packumentCache full:https://registry.npmjs.org/@vue%2flanguage-core cache-miss
4330 silly fetch manifest path-browserify@^1.0.1
4331 silly packumentCache full:https://registry.npmjs.org/path-browserify cache-miss
4332 http fetch GET 200 https://registry.npmjs.org/@vue%2flanguage-core 337ms (cache miss)
4333 silly packumentCache full:https://registry.npmjs.org/@vue%2flanguage-core set size:undefined disposed:false
4334 http fetch GET 200 https://registry.npmjs.org/@volar%2ftypescript 374ms (cache miss)
4335 silly packumentCache full:https://registry.npmjs.org/@volar%2ftypescript set size:undefined disposed:false
4336 http fetch GET 200 https://registry.npmjs.org/path-browserify 499ms (cache miss)
4337 silly packumentCache full:https://registry.npmjs.org/path-browserify set size:undefined disposed:false
4338 silly placeDep ROOT mimic-fn@4.0.0 OK for: onetime@6.0.0 want: ^4.0.0
4339 silly placeDep ROOT oniguruma-parser@0.12.2 OK for: oniguruma-to-es@4.3.6 want: ^0.12.2
4340 silly placeDep ROOT regex@6.1.0 OK for: oniguruma-to-es@4.3.6 want: ^6.1.0
4341 silly placeDep ROOT regex-recursion@6.0.2 OK for: oniguruma-to-es@4.3.6 want: ^6.0.2
4342 silly fetch manifest regex-utilities@^2.3.0
4343 silly packumentCache full:https://registry.npmjs.org/regex-utilities cache-miss
4344 silly fetch manifest regex-utilities@^2.3.0
4345 silly packumentCache full:https://registry.npmjs.org/regex-utilities cache-miss
4346 http fetch GET 200 https://registry.npmjs.org/regex-utilities 43ms (cache miss)
4347 silly packumentCache full:https://registry.npmjs.org/regex-utilities set size:undefined disposed:false
4348 http fetch GET 200 https://registry.npmjs.org/regex-utilities 46ms (cache miss)
4349 silly packumentCache full:https://registry.npmjs.org/regex-utilities set size:undefined disposed:false
4350 silly placeDep ROOT @oxc-minify/binding-android-arm-eabi@0.117.0 OK for: oxc-minify@0.117.0 want: 0.117.0
4351 silly placeDep ROOT @oxc-minify/binding-android-arm64@0.117.0 OK for: oxc-minify@0.117.0 want: 0.117.0
4352 silly placeDep ROOT @oxc-minify/binding-darwin-arm64@0.117.0 OK for: oxc-minify@0.117.0 want: 0.117.0
4353 silly placeDep ROOT @oxc-minify/binding-darwin-x64@0.117.0 OK for: oxc-minify@0.117.0 want: 0.117.0
4354 silly placeDep ROOT @oxc-minify/binding-freebsd-x64@0.117.0 OK for: oxc-minify@0.117.0 want: 0.117.0
4355 silly placeDep ROOT @oxc-minify/binding-linux-arm-gnueabihf@0.117.0 OK for: oxc-minify@0.117.0 want: 0.117.0
4356 silly placeDep ROOT @oxc-minify/binding-linux-arm-musleabihf@0.117.0 OK for: oxc-minify@0.117.0 want: 0.117.0
4357 silly placeDep ROOT @oxc-minify/binding-linux-arm64-gnu@0.117.0 OK for: oxc-minify@0.117.0 want: 0.117.0
4358 silly placeDep ROOT @oxc-minify/binding-linux-arm64-musl@0.117.0 OK for: oxc-minify@0.117.0 want: 0.117.0
4359 silly placeDep ROOT @oxc-minify/binding-linux-ppc64-gnu@0.117.0 OK for: oxc-minify@0.117.0 want: 0.117.0
4360 silly placeDep ROOT @oxc-minify/binding-linux-riscv64-gnu@0.117.0 OK for: oxc-minify@0.117.0 want: 0.117.0
4361 silly placeDep ROOT @oxc-minify/binding-linux-riscv64-musl@0.117.0 OK for: oxc-minify@0.117.0 want: 0.117.0
4362 silly placeDep ROOT @oxc-minify/binding-linux-s390x-gnu@0.117.0 OK for: oxc-minify@0.117.0 want: 0.117.0
4363 silly placeDep ROOT @oxc-minify/binding-linux-x64-gnu@0.117.0 OK for: oxc-minify@0.117.0 want: 0.117.0
4364 silly placeDep ROOT @oxc-minify/binding-linux-x64-musl@0.117.0 OK for: oxc-minify@0.117.0 want: 0.117.0
4365 silly placeDep ROOT @oxc-minify/binding-openharmony-arm64@0.117.0 OK for: oxc-minify@0.117.0 want: 0.117.0
4366 silly placeDep ROOT @oxc-minify/binding-wasm32-wasi@0.117.0 OK for: oxc-minify@0.117.0 want: 0.117.0
4367 silly placeDep ROOT @oxc-minify/binding-win32-arm64-msvc@0.117.0 OK for: oxc-minify@0.117.0 want: 0.117.0
4368 silly placeDep ROOT @oxc-minify/binding-win32-ia32-msvc@0.117.0 OK for: oxc-minify@0.117.0 want: 0.117.0
4369 silly placeDep ROOT @oxc-minify/binding-win32-x64-msvc@0.117.0 OK for: oxc-minify@0.117.0 want: 0.117.0
4370 silly fetch manifest @napi-rs/wasm-runtime@^1.1.1
4371 silly packumentCache full:https://registry.npmjs.org/@napi-rs%2fwasm-runtime cache-miss
4372 http fetch GET 200 https://registry.npmjs.org/@napi-rs%2fwasm-runtime 51ms (cache miss)
4373 silly packumentCache full:https://registry.npmjs.org/@napi-rs%2fwasm-runtime set size:undefined disposed:false
4374 silly fetch manifest @emnapi/core@^1.7.1
4375 silly packumentCache full:https://registry.npmjs.org/@emnapi%2fcore cache-miss
4376 http fetch GET 200 https://registry.npmjs.org/@emnapi%2fcore 97ms (cache miss)
4377 silly packumentCache full:https://registry.npmjs.org/@emnapi%2fcore set size:undefined disposed:false
4378 silly fetch manifest @emnapi/runtime@^1.7.1
4379 silly packumentCache full:https://registry.npmjs.org/@emnapi%2fruntime cache-miss
4380 http fetch GET 200 https://registry.npmjs.org/@emnapi%2fruntime 225ms (cache miss)
4381 silly packumentCache full:https://registry.npmjs.org/@emnapi%2fruntime set size:undefined disposed:false
4382 silly placeDep ROOT @napi-rs/wasm-runtime@1.1.4 OK for: @oxc-minify/binding-wasm32-wasi@0.117.0 want: ^1.1.1
4383 silly placeDep ROOT @emnapi/core@1.10.0 OK for: @napi-rs/wasm-runtime@1.1.4 want: ^1.7.1
4384 silly placeDep ROOT @emnapi/runtime@1.10.0 OK for: @napi-rs/wasm-runtime@1.1.4 want: ^1.7.1
4385 silly fetch manifest @tybys/wasm-util@^0.10.1
4386 silly packumentCache full:https://registry.npmjs.org/@tybys%2fwasm-util cache-miss
4387 silly fetch manifest tslib@^2.4.0
4388 silly packumentCache full:https://registry.npmjs.org/tslib cache-miss
4389 silly fetch manifest @emnapi/wasi-threads@1.2.1
4390 silly packumentCache full:https://registry.npmjs.org/@emnapi%2fwasi-threads cache-miss
4391 silly fetch manifest tslib@^2.4.0
4392 silly packumentCache full:https://registry.npmjs.org/tslib cache-miss
4393 http fetch GET 200 https://registry.npmjs.org/tslib 119ms (cache miss)
4394 silly packumentCache full:https://registry.npmjs.org/tslib set size:undefined disposed:false
4395 http fetch GET 200 https://registry.npmjs.org/@emnapi%2fwasi-threads 121ms (cache miss)
4396 silly packumentCache full:https://registry.npmjs.org/@emnapi%2fwasi-threads set size:undefined disposed:false
4397 http fetch GET 200 https://registry.npmjs.org/tslib 123ms (cache miss)
4398 silly packumentCache full:https://registry.npmjs.org/tslib set size:undefined disposed:false
4399 http fetch GET 200 https://registry.npmjs.org/@tybys%2fwasm-util 169ms (cache miss)
4400 silly packumentCache full:https://registry.npmjs.org/@tybys%2fwasm-util set size:undefined disposed:false
4401 silly placeDep ROOT @emnapi/wasi-threads@1.2.1 OK for: @emnapi/core@1.10.0 want: 1.2.1
4402 silly placeDep ROOT tslib@2.8.1 OK for: @emnapi/core@1.10.0 want: ^2.4.0
4403 silly placeDep ROOT @tybys/wasm-util@0.10.1 OK for: @napi-rs/wasm-runtime@1.1.4 want: ^0.10.1
4404 silly placeDep ROOT @oxc-parser/binding-android-arm-eabi@0.117.0 OK for: oxc-parser@0.117.0 want: 0.117.0
4405 silly placeDep ROOT @oxc-parser/binding-android-arm64@0.117.0 OK for: oxc-parser@0.117.0 want: 0.117.0
4406 silly placeDep ROOT @oxc-parser/binding-darwin-arm64@0.117.0 OK for: oxc-parser@0.117.0 want: 0.117.0
4407 silly placeDep ROOT @oxc-parser/binding-darwin-x64@0.117.0 OK for: oxc-parser@0.117.0 want: 0.117.0
4408 silly placeDep ROOT @oxc-parser/binding-freebsd-x64@0.117.0 OK for: oxc-parser@0.117.0 want: 0.117.0
4409 silly placeDep ROOT @oxc-parser/binding-linux-arm-gnueabihf@0.117.0 OK for: oxc-parser@0.117.0 want: 0.117.0
4410 silly placeDep ROOT @oxc-parser/binding-linux-arm-musleabihf@0.117.0 OK for: oxc-parser@0.117.0 want: 0.117.0
4411 silly placeDep ROOT @oxc-parser/binding-linux-arm64-gnu@0.117.0 OK for: oxc-parser@0.117.0 want: 0.117.0
4412 silly placeDep ROOT @oxc-parser/binding-linux-arm64-musl@0.117.0 OK for: oxc-parser@0.117.0 want: 0.117.0
4413 silly placeDep ROOT @oxc-parser/binding-linux-ppc64-gnu@0.117.0 OK for: oxc-parser@0.117.0 want: 0.117.0
4414 silly placeDep ROOT @oxc-parser/binding-linux-riscv64-gnu@0.117.0 OK for: oxc-parser@0.117.0 want: 0.117.0
4415 silly placeDep ROOT @oxc-parser/binding-linux-riscv64-musl@0.117.0 OK for: oxc-parser@0.117.0 want: 0.117.0
4416 silly placeDep ROOT @oxc-parser/binding-linux-s390x-gnu@0.117.0 OK for: oxc-parser@0.117.0 want: 0.117.0
4417 silly placeDep ROOT @oxc-parser/binding-linux-x64-gnu@0.117.0 OK for: oxc-parser@0.117.0 want: 0.117.0
4418 silly placeDep ROOT @oxc-parser/binding-linux-x64-musl@0.117.0 OK for: oxc-parser@0.117.0 want: 0.117.0
4419 silly placeDep ROOT @oxc-parser/binding-openharmony-arm64@0.117.0 OK for: oxc-parser@0.117.0 want: 0.117.0
4420 silly placeDep ROOT @oxc-parser/binding-wasm32-wasi@0.117.0 OK for: oxc-parser@0.117.0 want: 0.117.0
4421 silly placeDep ROOT @oxc-parser/binding-win32-arm64-msvc@0.117.0 OK for: oxc-parser@0.117.0 want: 0.117.0
4422 silly placeDep ROOT @oxc-parser/binding-win32-ia32-msvc@0.117.0 OK for: oxc-parser@0.117.0 want: 0.117.0
4423 silly placeDep ROOT @oxc-parser/binding-win32-x64-msvc@0.117.0 OK for: oxc-parser@0.117.0 want: 0.117.0
4424 silly placeDep ROOT @oxc-project/types@0.117.0 OK for: oxc-parser@0.117.0 want: ^0.117.0
4425 silly placeDep ROOT @oxc-transform/binding-android-arm-eabi@0.117.0 OK for: oxc-transform@0.117.0 want: 0.117.0
4426 silly placeDep ROOT @oxc-transform/binding-android-arm64@0.117.0 OK for: oxc-transform@0.117.0 want: 0.117.0
4427 silly placeDep ROOT @oxc-transform/binding-darwin-arm64@0.117.0 OK for: oxc-transform@0.117.0 want: 0.117.0
4428 silly placeDep ROOT @oxc-transform/binding-darwin-x64@0.117.0 OK for: oxc-transform@0.117.0 want: 0.117.0
4429 silly placeDep ROOT @oxc-transform/binding-freebsd-x64@0.117.0 OK for: oxc-transform@0.117.0 want: 0.117.0
4430 silly placeDep ROOT @oxc-transform/binding-linux-arm-gnueabihf@0.117.0 OK for: oxc-transform@0.117.0 want: 0.117.0
4431 silly placeDep ROOT @oxc-transform/binding-linux-arm-musleabihf@0.117.0 OK for: oxc-transform@0.117.0 want: 0.117.0
4432 silly placeDep ROOT @oxc-transform/binding-linux-arm64-gnu@0.117.0 OK for: oxc-transform@0.117.0 want: 0.117.0
4433 silly placeDep ROOT @oxc-transform/binding-linux-arm64-musl@0.117.0 OK for: oxc-transform@0.117.0 want: 0.117.0
4434 silly placeDep ROOT @oxc-transform/binding-linux-ppc64-gnu@0.117.0 OK for: oxc-transform@0.117.0 want: 0.117.0
4435 silly placeDep ROOT @oxc-transform/binding-linux-riscv64-gnu@0.117.0 OK for: oxc-transform@0.117.0 want: 0.117.0
4436 silly placeDep ROOT @oxc-transform/binding-linux-riscv64-musl@0.117.0 OK for: oxc-transform@0.117.0 want: 0.117.0
4437 silly placeDep ROOT @oxc-transform/binding-linux-s390x-gnu@0.117.0 OK for: oxc-transform@0.117.0 want: 0.117.0
4438 silly placeDep ROOT @oxc-transform/binding-linux-x64-gnu@0.117.0 OK for: oxc-transform@0.117.0 want: 0.117.0
4439 silly placeDep ROOT @oxc-transform/binding-linux-x64-musl@0.117.0 OK for: oxc-transform@0.117.0 want: 0.117.0
4440 silly placeDep ROOT @oxc-transform/binding-openharmony-arm64@0.117.0 OK for: oxc-transform@0.117.0 want: 0.117.0
4441 silly placeDep ROOT @oxc-transform/binding-wasm32-wasi@0.117.0 OK for: oxc-transform@0.117.0 want: 0.117.0
4442 silly placeDep ROOT @oxc-transform/binding-win32-arm64-msvc@0.117.0 OK for: oxc-transform@0.117.0 want: 0.117.0
4443 silly placeDep ROOT @oxc-transform/binding-win32-ia32-msvc@0.117.0 OK for: oxc-transform@0.117.0 want: 0.117.0
4444 silly placeDep ROOT @oxc-transform/binding-win32-x64-msvc@0.117.0 OK for: oxc-transform@0.117.0 want: 0.117.0
4445 silly placeDep ROOT magic-regexp@0.10.0 OK for: oxc-walker@0.7.0 want: ^0.10.0
4446 silly fetch manifest unplugin@^2.0.0
4447 silly packumentCache full:https://registry.npmjs.org/unplugin cache-hit
4448 silly fetch manifest regexp-tree@^0.1.27
4449 silly packumentCache full:https://registry.npmjs.org/regexp-tree cache-miss
4450 silly fetch manifest type-level-regexp@~0.1.17
4451 silly packumentCache full:https://registry.npmjs.org/type-level-regexp cache-miss
4452 http fetch GET 200 https://registry.npmjs.org/regexp-tree 157ms (cache miss)
4453 silly packumentCache full:https://registry.npmjs.org/regexp-tree set size:undefined disposed:false
4454 http fetch GET 200 https://registry.npmjs.org/type-level-regexp 434ms (cache miss)
4455 silly packumentCache full:https://registry.npmjs.org/type-level-regexp set size:undefined disposed:false
4456 silly placeDep node_modules/magic-regexp estree-walker@3.0.3 OK for: magic-regexp@0.10.0 want: ^3.0.3
4457 silly placeDep ROOT regexp-tree@0.1.27 OK for: magic-regexp@0.10.0 want: ^0.1.27
4458 silly placeDep ROOT type-level-regexp@0.1.17 OK for: magic-regexp@0.10.0 want: ~0.1.17
4459 silly placeDep node_modules/magic-regexp unplugin@2.3.11 OK for: magic-regexp@0.10.0 want: ^2.0.0
4460 silly placeDep ROOT @types/parse-path@7.0.3 OK for: parse-url@9.2.0 want: ^7.0.0
4461 silly placeDep ROOT parse-path@7.1.0 OK for: parse-url@9.2.0 want: ^7.0.0
4462 silly placeDep node_modules/parse5 entities@8.0.0 OK for: parse5@8.0.1 want: ^8.0.0
4463 silly placeDep node_modules/path-scurry lru-cache@11.3.5 OK for: path-scurry@2.0.2 want: ^11.0.0
4464 silly placeDep ROOT nanoid@3.3.11 OK for: postcss@8.5.10 want: ^3.3.11
4465 silly placeDep ROOT postcss-selector-parser@7.1.1 OK for: postcss-calc@10.1.1 want: ^7.0.0
4466 silly fetch manifest util-deprecate@^1.0.2
4467 silly packumentCache full:https://registry.npmjs.org/util-deprecate cache-miss
4468 http cache https://registry.npmjs.org/util-deprecate 14ms (cache hit)
4469 silly packumentCache full:https://registry.npmjs.org/util-deprecate set size:6674 disposed:false
4470 silly placeDep ROOT @colordx/core@5.3.1 OK for: postcss-colormin@7.0.9 want: ^5.2.0
4471 silly placeDep ROOT caniuse-api@3.0.0 OK for: postcss-colormin@7.0.9 want: ^3.0.0
4472 silly fetch manifest lodash.uniq@^4.5.0
4473 silly packumentCache full:https://registry.npmjs.org/lodash.uniq cache-miss
4474 silly fetch manifest lodash.memoize@^4.1.2
4475 silly packumentCache full:https://registry.npmjs.org/lodash.memoize cache-miss
4476 http fetch GET 200 https://registry.npmjs.org/lodash.memoize 59ms (cache miss)
4477 silly packumentCache full:https://registry.npmjs.org/lodash.memoize set size:undefined disposed:false
4478 http fetch GET 200 https://registry.npmjs.org/lodash.uniq 1373ms (cache miss)
4479 silly packumentCache full:https://registry.npmjs.org/lodash.uniq set size:undefined disposed:false
4480 silly placeDep ROOT lodash.memoize@4.1.2 OK for: caniuse-api@3.0.0 want: ^4.1.2
4481 silly placeDep ROOT lodash.uniq@4.5.0 OK for: caniuse-api@3.0.0 want: ^4.5.0
4482 silly placeDep ROOT stylehacks@7.0.10 OK for: postcss-merge-longhand@7.0.6 want: ^7.0.10
4483 silly placeDep ROOT cssesc@3.0.0 OK for: postcss-minify-selectors@7.1.0 want: ^3.0.0
4484 silly placeDep ROOT util-deprecate@1.0.2 OK for: postcss-selector-parser@7.1.1 want: ^1.0.2
4485 silly placeDep ROOT svgo@4.0.1 OK for: postcss-svgo@7.1.2 want: ^4.0.1
4486 silly fetch manifest sax@^1.5.0
4487 silly packumentCache full:https://registry.npmjs.org/sax cache-miss
4488 silly fetch manifest csso@^5.0.5
4489 silly packumentCache full:https://registry.npmjs.org/csso cache-miss
4490 silly fetch manifest css-tree@^3.0.1
4491 silly packumentCache full:https://registry.npmjs.org/css-tree cache-miss
4492 silly fetch manifest css-what@^6.1.0
4493 silly packumentCache full:https://registry.npmjs.org/css-what cache-miss
4494 silly fetch manifest commander@^11.1.0
4495 silly packumentCache full:https://registry.npmjs.org/commander cache-hit
4496 silly fetch manifest css-select@^5.1.0
4497 silly packumentCache full:https://registry.npmjs.org/css-select cache-miss
4498 http fetch GET 200 https://registry.npmjs.org/sax 46ms (cache miss)
4499 silly packumentCache full:https://registry.npmjs.org/sax set size:undefined disposed:false
4500 http fetch GET 200 https://registry.npmjs.org/css-what 234ms (cache miss)
4501 silly packumentCache full:https://registry.npmjs.org/css-what set size:undefined disposed:false
4502 http fetch GET 200 https://registry.npmjs.org/css-select 266ms (cache miss)
4503 silly packumentCache full:https://registry.npmjs.org/css-select set size:undefined disposed:false
4504 http fetch GET 200 https://registry.npmjs.org/csso 270ms (cache miss)
4505 silly packumentCache full:https://registry.npmjs.org/csso set size:undefined disposed:false
4506 http fetch GET 200 https://registry.npmjs.org/css-tree 534ms (cache miss)
4507 silly packumentCache full:https://registry.npmjs.org/css-tree set size:undefined disposed:false
4508 silly placeDep ROOT abort-controller@3.0.0 OK for: readable-stream@4.7.0 want: ^3.0.0
4509 silly placeDep ROOT buffer@6.0.3 OK for: readable-stream@4.7.0 want: ^6.0.3
4510 silly placeDep ROOT events@3.3.0 OK for: readable-stream@4.7.0 want: ^3.3.0
4511 silly placeDep ROOT process@0.11.10 OK for: readable-stream@4.7.0 want: ^0.11.10
4512 silly placeDep ROOT string_decoder@1.3.0 OK for: readable-stream@4.7.0 want: ^1.3.0
4513 silly fetch manifest event-target-shim@^5.0.0
4514 silly packumentCache full:https://registry.npmjs.org/event-target-shim cache-miss
4515 silly fetch manifest base64-js@^1.3.1
4516 silly packumentCache full:https://registry.npmjs.org/base64-js cache-miss
4517 silly fetch manifest ieee754@^1.2.1
4518 silly packumentCache full:https://registry.npmjs.org/ieee754 cache-miss
4519 silly fetch manifest safe-buffer@~5.2.0
4520 silly packumentCache full:https://registry.npmjs.org/safe-buffer cache-hit
4521 http fetch GET 200 https://registry.npmjs.org/ieee754 56ms (cache miss)
4522 silly packumentCache full:https://registry.npmjs.org/ieee754 set size:undefined disposed:false
4523 http fetch GET 200 https://registry.npmjs.org/base64-js 280ms (cache miss)
4524 silly packumentCache full:https://registry.npmjs.org/base64-js set size:undefined disposed:false
4525 http fetch GET 200 https://registry.npmjs.org/event-target-shim 903ms (cache miss)
4526 silly packumentCache full:https://registry.npmjs.org/event-target-shim set size:undefined disposed:false
4527 silly placeDep ROOT event-target-shim@5.0.1 OK for: abort-controller@3.0.0 want: ^5.0.0
4528 silly placeDep ROOT base64-js@1.5.1 OK for: buffer@6.0.3 want: ^1.3.1
4529 silly placeDep ROOT ieee754@1.2.1 OK for: buffer@6.0.3 want: ^1.2.1
4530 silly placeDep node_modules/readdir-glob minimatch@5.1.9 OK for: readdir-glob@1.1.3 want: ^5.1.0
4531 silly fetch manifest brace-expansion@^2.0.1
4532 silly packumentCache full:https://registry.npmjs.org/brace-expansion cache-miss
4533 http cache https://registry.npmjs.org/brace-expansion 10ms (cache hit)
4534 silly packumentCache full:https://registry.npmjs.org/brace-expansion set size:65768 disposed:false
4535 silly placeDep ROOT regex-utilities@2.3.0 OK for: regex@6.1.0 want: ^2.3.0
4536 silly placeDep ROOT is-absolute-url@4.0.1 OK for: rehype-external-links@3.0.0 want: ^4.0.0
4537 silly placeDep ROOT hast-util-raw@9.1.0 OK for: rehype-raw@7.0.0 want: ^9.0.0
4538 silly fetch manifest hast-util-from-parse5@^8.0.0
4539 silly packumentCache full:https://registry.npmjs.org/hast-util-from-parse5 cache-miss
4540 silly fetch manifest hast-util-to-parse5@^8.0.0
4541 silly packumentCache full:https://registry.npmjs.org/hast-util-to-parse5 cache-miss
4542 silly fetch manifest parse5@^7.0.0
4543 silly packumentCache full:https://registry.npmjs.org/parse5 cache-miss
4544 silly fetch manifest web-namespaces@^2.0.0
4545 silly packumentCache full:https://registry.npmjs.org/web-namespaces cache-miss
4546 http cache https://registry.npmjs.org/parse5 15ms (cache hit)
4547 silly packumentCache full:https://registry.npmjs.org/parse5 set size:123116 disposed:false
4548 http fetch GET 200 https://registry.npmjs.org/web-namespaces 329ms (cache miss)
4549 silly packumentCache full:https://registry.npmjs.org/web-namespaces set size:undefined disposed:false
4550 http fetch GET 200 https://registry.npmjs.org/hast-util-from-parse5 395ms (cache miss)
4551 silly packumentCache full:https://registry.npmjs.org/hast-util-from-parse5 set size:undefined disposed:false
4552 http fetch GET 200 https://registry.npmjs.org/hast-util-to-parse5 395ms (cache miss)
4553 silly packumentCache full:https://registry.npmjs.org/hast-util-to-parse5 set size:undefined disposed:false
4554 silly placeDep ROOT hast-util-from-parse5@8.0.3 OK for: hast-util-raw@9.1.0 want: ^8.0.0
4555 silly placeDep ROOT hast-util-to-parse5@8.0.1 OK for: hast-util-raw@9.1.0 want: ^8.0.0
4556 silly placeDep node_modules/hast-util-raw parse5@7.3.0 OK for: hast-util-raw@9.1.0 want: ^7.0.0
4557 silly placeDep ROOT web-namespaces@2.0.1 OK for: hast-util-raw@9.1.0 want: ^2.0.0
4558 silly fetch manifest hastscript@^9.0.0
4559 silly packumentCache full:https://registry.npmjs.org/hastscript cache-miss
4560 silly fetch manifest vfile-location@^5.0.0
4561 silly packumentCache full:https://registry.npmjs.org/vfile-location cache-miss
4562 silly fetch manifest entities@^6.0.0
4563 silly packumentCache full:https://registry.npmjs.org/entities cache-miss
4564 http cache https://registry.npmjs.org/entities 15ms (cache hit)
4565 silly packumentCache full:https://registry.npmjs.org/entities set size:101550 disposed:false
4566 http fetch GET 200 https://registry.npmjs.org/hastscript 58ms (cache miss)
4567 silly packumentCache full:https://registry.npmjs.org/hastscript set size:undefined disposed:false
4568 http fetch GET 200 https://registry.npmjs.org/vfile-location 62ms (cache miss)
4569 silly packumentCache full:https://registry.npmjs.org/vfile-location set size:undefined disposed:false
4570 silly placeDep ROOT hastscript@9.0.1 OK for: hast-util-from-parse5@8.0.3 want: ^9.0.0
4571 silly placeDep ROOT vfile-location@5.0.3 OK for: hast-util-from-parse5@8.0.3 want: ^5.0.0
4572 silly fetch manifest hast-util-parse-selector@^4.0.0
4573 silly packumentCache full:https://registry.npmjs.org/hast-util-parse-selector cache-miss
4574 http fetch GET 200 https://registry.npmjs.org/hast-util-parse-selector 84ms (cache miss)
4575 silly packumentCache full:https://registry.npmjs.org/hast-util-parse-selector set size:undefined disposed:false
4576 silly placeDep ROOT hast-util-parse-selector@4.0.0 OK for: hastscript@9.0.1 want: ^4.0.0
4577 silly placeDep ROOT hast-util-heading-rank@3.0.0 OK for: rehype-slug@6.0.0 want: ^3.0.0
4578 silly placeDep ROOT emoticon@4.1.0 OK for: remark-emoji@5.0.2 want: ^4.0.1
4579 silly placeDep ROOT mdast-util-find-and-replace@3.0.2 OK for: remark-emoji@5.0.2 want: ^3.0.1
4580 silly placeDep ROOT node-emoji@2.2.0 OK for: remark-emoji@5.0.2 want: ^2.1.3
4581 silly fetch manifest @sindresorhus/is@^4.6.0
4582 silly packumentCache full:https://registry.npmjs.org/@sindresorhus%2fis cache-miss
4583 silly fetch manifest char-regex@^1.0.2
4584 silly packumentCache full:https://registry.npmjs.org/char-regex cache-miss
4585 silly fetch manifest emojilib@^2.4.0
4586 silly packumentCache full:https://registry.npmjs.org/emojilib cache-miss
4587 silly fetch manifest skin-tone@^2.0.0
4588 silly packumentCache full:https://registry.npmjs.org/skin-tone cache-miss
4589 http fetch GET 200 https://registry.npmjs.org/emojilib 84ms (cache miss)
4590 silly packumentCache full:https://registry.npmjs.org/emojilib set size:undefined disposed:false
4591 http fetch GET 200 https://registry.npmjs.org/skin-tone 96ms (cache miss)
4592 silly packumentCache full:https://registry.npmjs.org/skin-tone set size:undefined disposed:false
4593 http fetch GET 200 https://registry.npmjs.org/char-regex 99ms (cache miss)
4594 silly packumentCache full:https://registry.npmjs.org/char-regex set size:undefined disposed:false
4595 http fetch GET 200 https://registry.npmjs.org/@sindresorhus%2fis 211ms (cache miss)
4596 silly packumentCache full:https://registry.npmjs.org/@sindresorhus%2fis set size:undefined disposed:false
4597 silly placeDep ROOT @sindresorhus/is@4.6.0 OK for: node-emoji@2.2.0 want: ^4.6.0
4598 silly placeDep ROOT char-regex@1.0.2 OK for: node-emoji@2.2.0 want: ^1.0.2
4599 silly placeDep ROOT emojilib@2.4.0 OK for: node-emoji@2.2.0 want: ^2.4.0
4600 silly placeDep ROOT skin-tone@2.0.0 OK for: node-emoji@2.2.0 want: ^2.0.0
4601 silly fetch manifest unicode-emoji-modifier-base@^1.0.0
4602 silly packumentCache full:https://registry.npmjs.org/unicode-emoji-modifier-base cache-miss
4603 http fetch GET 200 https://registry.npmjs.org/unicode-emoji-modifier-base 45ms (cache miss)
4604 silly packumentCache full:https://registry.npmjs.org/unicode-emoji-modifier-base set size:undefined disposed:false
4605 silly placeDep ROOT mdast-util-gfm@3.1.0 OK for: remark-gfm@4.0.1 want: ^3.0.0
4606 silly placeDep ROOT micromark-extension-gfm@3.0.0 OK for: remark-gfm@4.0.1 want: ^3.0.0
4607 silly fetch manifest mdast-util-gfm-autolink-literal@^2.0.0
4608 silly packumentCache full:https://registry.npmjs.org/mdast-util-gfm-autolink-literal cache-miss
4609 silly fetch manifest mdast-util-gfm-footnote@^2.0.0
4610 silly packumentCache full:https://registry.npmjs.org/mdast-util-gfm-footnote cache-miss
4611 silly fetch manifest mdast-util-gfm-strikethrough@^2.0.0
4612 silly packumentCache full:https://registry.npmjs.org/mdast-util-gfm-strikethrough cache-miss
4613 silly fetch manifest mdast-util-gfm-table@^2.0.0
4614 silly packumentCache full:https://registry.npmjs.org/mdast-util-gfm-table cache-miss
4615 silly fetch manifest mdast-util-gfm-task-list-item@^2.0.0
4616 silly packumentCache full:https://registry.npmjs.org/mdast-util-gfm-task-list-item cache-miss
4617 silly fetch manifest micromark-extension-gfm-autolink-literal@^2.0.0
4618 silly packumentCache full:https://registry.npmjs.org/micromark-extension-gfm-autolink-literal cache-miss
4619 silly fetch manifest micromark-extension-gfm-footnote@^2.0.0
4620 silly packumentCache full:https://registry.npmjs.org/micromark-extension-gfm-footnote cache-miss
4621 silly fetch manifest micromark-extension-gfm-strikethrough@^2.0.0
4622 silly packumentCache full:https://registry.npmjs.org/micromark-extension-gfm-strikethrough cache-miss
4623 silly fetch manifest micromark-extension-gfm-table@^2.0.0
4624 silly packumentCache full:https://registry.npmjs.org/micromark-extension-gfm-table cache-miss
4625 silly fetch manifest micromark-extension-gfm-tagfilter@^2.0.0
4626 silly packumentCache full:https://registry.npmjs.org/micromark-extension-gfm-tagfilter cache-miss
4627 silly fetch manifest micromark-extension-gfm-task-list-item@^2.0.0
4628 silly packumentCache full:https://registry.npmjs.org/micromark-extension-gfm-task-list-item cache-miss
4629 http fetch GET 200 https://registry.npmjs.org/mdast-util-gfm-table 96ms (cache miss)
4630 silly packumentCache full:https://registry.npmjs.org/mdast-util-gfm-table set size:undefined disposed:false
4631 http fetch GET 200 https://registry.npmjs.org/mdast-util-gfm-autolink-literal 137ms (cache miss)
4632 silly packumentCache full:https://registry.npmjs.org/mdast-util-gfm-autolink-literal set size:undefined disposed:false
4633 http fetch GET 200 https://registry.npmjs.org/mdast-util-gfm-strikethrough 138ms (cache miss)
4634 silly packumentCache full:https://registry.npmjs.org/mdast-util-gfm-strikethrough set size:undefined disposed:false
4635 http fetch GET 200 https://registry.npmjs.org/micromark-extension-gfm-task-list-item 139ms (cache miss)
4636 silly packumentCache full:https://registry.npmjs.org/micromark-extension-gfm-task-list-item set size:undefined disposed:false
4637 http fetch GET 200 https://registry.npmjs.org/micromark-extension-gfm-tagfilter 140ms (cache miss)
4638 silly packumentCache full:https://registry.npmjs.org/micromark-extension-gfm-tagfilter set size:undefined disposed:false
4639 http fetch GET 200 https://registry.npmjs.org/micromark-extension-gfm-strikethrough 142ms (cache miss)
4640 silly packumentCache full:https://registry.npmjs.org/micromark-extension-gfm-strikethrough set size:undefined disposed:false
4641 http fetch GET 200 https://registry.npmjs.org/micromark-extension-gfm-footnote 145ms (cache miss)
4642 silly packumentCache full:https://registry.npmjs.org/micromark-extension-gfm-footnote set size:undefined disposed:false
4643 http fetch GET 200 https://registry.npmjs.org/micromark-extension-gfm-table 193ms (cache miss)
4644 silly packumentCache full:https://registry.npmjs.org/micromark-extension-gfm-table set size:undefined disposed:false
4645 http fetch GET 200 https://registry.npmjs.org/micromark-extension-gfm-autolink-literal 300ms (cache miss)
4646 silly packumentCache full:https://registry.npmjs.org/micromark-extension-gfm-autolink-literal set size:undefined disposed:false
4647 http fetch GET 200 https://registry.npmjs.org/mdast-util-gfm-footnote 358ms (cache miss)
4648 silly packumentCache full:https://registry.npmjs.org/mdast-util-gfm-footnote set size:undefined disposed:false
4649 http fetch GET 200 https://registry.npmjs.org/mdast-util-gfm-task-list-item 657ms (cache miss)
4650 silly packumentCache full:https://registry.npmjs.org/mdast-util-gfm-task-list-item set size:undefined disposed:false
4651 silly placeDep ROOT mdast-util-from-markdown@2.0.3 OK for: mdast-util-gfm@3.1.0 want: ^2.0.0
4652 silly placeDep ROOT mdast-util-gfm-autolink-literal@2.0.1 OK for: mdast-util-gfm@3.1.0 want: ^2.0.0
4653 silly placeDep ROOT mdast-util-gfm-footnote@2.1.0 OK for: mdast-util-gfm@3.1.0 want: ^2.0.0
4654 silly placeDep ROOT mdast-util-gfm-strikethrough@2.0.0 OK for: mdast-util-gfm@3.1.0 want: ^2.0.0
4655 silly placeDep ROOT mdast-util-gfm-table@2.0.0 OK for: mdast-util-gfm@3.1.0 want: ^2.0.0
4656 silly placeDep ROOT mdast-util-gfm-task-list-item@2.0.0 OK for: mdast-util-gfm@3.1.0 want: ^2.0.0
4657 silly placeDep ROOT mdast-util-to-markdown@2.1.2 OK for: mdast-util-gfm@3.1.0 want: ^2.0.0
4658 silly fetch manifest micromark-util-decode-string@^2.0.0
4659 silly packumentCache full:https://registry.npmjs.org/micromark-util-decode-string cache-miss
4660 silly fetch manifest markdown-table@^3.0.0
4661 silly packumentCache full:https://registry.npmjs.org/markdown-table cache-miss
4662 silly fetch manifest longest-streak@^3.0.0
4663 silly packumentCache full:https://registry.npmjs.org/longest-streak cache-miss
4664 silly fetch manifest micromark-util-decode-string@^2.0.0
4665 silly packumentCache full:https://registry.npmjs.org/micromark-util-decode-string cache-miss
4666 http fetch GET 200 https://registry.npmjs.org/micromark-util-decode-string 341ms (cache miss)
4667 silly packumentCache full:https://registry.npmjs.org/micromark-util-decode-string set size:undefined disposed:false
4668 http fetch GET 200 https://registry.npmjs.org/micromark-util-decode-string 499ms (cache miss)
4669 silly packumentCache full:https://registry.npmjs.org/micromark-util-decode-string set size:undefined disposed:false
4670 http fetch GET 200 https://registry.npmjs.org/longest-streak 506ms (cache miss)
4671 silly packumentCache full:https://registry.npmjs.org/longest-streak set size:undefined disposed:false
4672 http fetch GET 200 https://registry.npmjs.org/markdown-table 508ms (cache miss)
4673 silly packumentCache full:https://registry.npmjs.org/markdown-table set size:undefined disposed:false
4674 silly placeDep ROOT micromark-util-decode-string@2.0.1 OK for: mdast-util-from-markdown@2.0.3 want: ^2.0.0
4675 silly placeDep ROOT markdown-table@3.0.4 OK for: mdast-util-gfm-table@2.0.0 want: ^3.0.0
4676 silly placeDep ROOT longest-streak@3.1.0 OK for: mdast-util-to-markdown@2.1.2 want: ^3.0.0
4677 silly placeDep ROOT micromark-extension-gfm-autolink-literal@2.1.0 OK for: micromark-extension-gfm@3.0.0 want: ^2.0.0
4678 silly placeDep ROOT micromark-extension-gfm-footnote@2.1.0 OK for: micromark-extension-gfm@3.0.0 want: ^2.0.0
4679 silly placeDep ROOT micromark-extension-gfm-strikethrough@2.1.0 OK for: micromark-extension-gfm@3.0.0 want: ^2.0.0
4680 silly placeDep ROOT micromark-extension-gfm-table@2.1.1 OK for: micromark-extension-gfm@3.0.0 want: ^2.0.0
4681 silly placeDep ROOT micromark-extension-gfm-tagfilter@2.0.0 OK for: micromark-extension-gfm@3.0.0 want: ^2.0.0
4682 silly placeDep ROOT micromark-extension-gfm-task-list-item@2.1.0 OK for: micromark-extension-gfm@3.0.0 want: ^2.0.0
4683 silly placeDep ROOT flat@6.0.1 OK for: remark-mdc@3.10.0 want: ^6.0.1
4684 silly placeDep ROOT parse-entities@4.0.2 OK for: remark-mdc@3.10.0 want: ^4.0.2
4685 silly placeDep ROOT yaml@2.8.3 OK for: remark-mdc@3.10.0 want: ^2.8.2
4686 silly fetch manifest @types/unist@^2.0.0
4687 silly packumentCache full:https://registry.npmjs.org/@types%2funist cache-hit
4688 silly fetch manifest character-reference-invalid@^2.0.0
4689 silly packumentCache full:https://registry.npmjs.org/character-reference-invalid cache-miss
4690 silly fetch manifest is-alphanumerical@^2.0.0
4691 silly packumentCache full:https://registry.npmjs.org/is-alphanumerical cache-miss
4692 silly fetch manifest is-decimal@^2.0.0
4693 silly packumentCache full:https://registry.npmjs.org/is-decimal cache-miss
4694 silly fetch manifest is-hexadecimal@^2.0.0
4695 silly packumentCache full:https://registry.npmjs.org/is-hexadecimal cache-miss
4696 http fetch GET 200 https://registry.npmjs.org/is-alphanumerical 79ms (cache miss)
4697 silly packumentCache full:https://registry.npmjs.org/is-alphanumerical set size:undefined disposed:false
4698 http fetch GET 200 https://registry.npmjs.org/is-decimal 91ms (cache miss)
4699 silly packumentCache full:https://registry.npmjs.org/is-decimal set size:undefined disposed:false
4700 http fetch GET 200 https://registry.npmjs.org/character-reference-invalid 93ms (cache miss)
4701 silly packumentCache full:https://registry.npmjs.org/character-reference-invalid set size:undefined disposed:false
4702 http fetch GET 200 https://registry.npmjs.org/is-hexadecimal 136ms (cache miss)
4703 silly packumentCache full:https://registry.npmjs.org/is-hexadecimal set size:undefined disposed:false
4704 silly placeDep node_modules/parse-entities @types/unist@2.0.11 OK for: parse-entities@4.0.2 want: ^2.0.0
4705 silly placeDep ROOT character-entities-legacy@3.0.0 OK for: parse-entities@4.0.2 want: ^3.0.0
4706 silly placeDep ROOT character-reference-invalid@2.0.1 OK for: parse-entities@4.0.2 want: ^2.0.0
4707 silly placeDep ROOT is-alphanumerical@2.0.1 OK for: parse-entities@4.0.2 want: ^2.0.0
4708 silly placeDep ROOT is-decimal@2.0.1 OK for: parse-entities@4.0.2 want: ^2.0.0
4709 silly placeDep ROOT is-hexadecimal@2.0.1 OK for: parse-entities@4.0.2 want: ^2.0.0
4710 silly fetch manifest is-alphabetical@^2.0.0
4711 silly packumentCache full:https://registry.npmjs.org/is-alphabetical cache-miss
4712 http fetch GET 200 https://registry.npmjs.org/is-alphabetical 77ms (cache miss)
4713 silly packumentCache full:https://registry.npmjs.org/is-alphabetical set size:undefined disposed:false
4714 silly placeDep ROOT is-alphabetical@2.0.1 OK for: is-alphanumerical@2.0.1 want: ^2.0.0
4715 silly placeDep ROOT es-errors@1.3.0 OK for: resolve@1.22.12 want: ^1.3.0
4716 silly placeDep ROOT is-core-module@2.16.1 OK for: resolve@1.22.12 want: ^2.16.1
4717 silly placeDep ROOT path-parse@1.0.7 OK for: resolve@1.22.12 want: ^1.0.7
4718 silly placeDep ROOT supports-preserve-symlinks-flag@1.0.0 OK for: resolve@1.22.12 want: ^1.0.0
4719 silly fetch manifest hasown@^2.0.2
4720 silly packumentCache full:https://registry.npmjs.org/hasown cache-miss
4721 http fetch GET 200 https://registry.npmjs.org/hasown 47ms (cache miss)
4722 silly packumentCache full:https://registry.npmjs.org/hasown set size:undefined disposed:false
4723 silly placeDep ROOT hasown@2.0.3 OK for: is-core-module@2.16.1 want: ^2.0.2
4724 silly fetch manifest function-bind@^1.1.2
4725 silly packumentCache full:https://registry.npmjs.org/function-bind cache-miss
4726 http fetch GET 200 https://registry.npmjs.org/function-bind 58ms (cache miss)
4727 silly packumentCache full:https://registry.npmjs.org/function-bind set size:undefined disposed:false
4728 silly placeDep ROOT function-bind@1.1.2 OK for: hasown@2.0.3 want: ^1.1.2
4729 silly placeDep ROOT @rollup/rollup-android-arm-eabi@4.60.2 OK for: rollup@4.60.2 want: 4.60.2
4730 silly placeDep ROOT @rollup/rollup-android-arm64@4.60.2 OK for: rollup@4.60.2 want: 4.60.2
4731 silly placeDep ROOT @rollup/rollup-darwin-arm64@4.60.2 OK for: rollup@4.60.2 want: 4.60.2
4732 silly placeDep ROOT @rollup/rollup-darwin-x64@4.60.2 OK for: rollup@4.60.2 want: 4.60.2
4733 silly placeDep ROOT @rollup/rollup-freebsd-arm64@4.60.2 OK for: rollup@4.60.2 want: 4.60.2
4734 silly placeDep ROOT @rollup/rollup-freebsd-x64@4.60.2 OK for: rollup@4.60.2 want: 4.60.2
4735 silly placeDep ROOT @rollup/rollup-linux-arm-gnueabihf@4.60.2 OK for: rollup@4.60.2 want: 4.60.2
4736 silly placeDep ROOT @rollup/rollup-linux-arm-musleabihf@4.60.2 OK for: rollup@4.60.2 want: 4.60.2
4737 silly placeDep ROOT @rollup/rollup-linux-arm64-gnu@4.60.2 OK for: rollup@4.60.2 want: 4.60.2
4738 silly placeDep ROOT @rollup/rollup-linux-arm64-musl@4.60.2 OK for: rollup@4.60.2 want: 4.60.2
4739 silly placeDep ROOT @rollup/rollup-linux-loong64-gnu@4.60.2 OK for: rollup@4.60.2 want: 4.60.2
4740 silly placeDep ROOT @rollup/rollup-linux-loong64-musl@4.60.2 OK for: rollup@4.60.2 want: 4.60.2
4741 silly placeDep ROOT @rollup/rollup-linux-ppc64-gnu@4.60.2 OK for: rollup@4.60.2 want: 4.60.2
4742 silly placeDep ROOT @rollup/rollup-linux-ppc64-musl@4.60.2 OK for: rollup@4.60.2 want: 4.60.2
4743 silly placeDep ROOT @rollup/rollup-linux-riscv64-gnu@4.60.2 OK for: rollup@4.60.2 want: 4.60.2
4744 silly placeDep ROOT @rollup/rollup-linux-riscv64-musl@4.60.2 OK for: rollup@4.60.2 want: 4.60.2
4745 silly placeDep ROOT @rollup/rollup-linux-s390x-gnu@4.60.2 OK for: rollup@4.60.2 want: 4.60.2
4746 silly placeDep ROOT @rollup/rollup-linux-x64-gnu@4.60.2 OK for: rollup@4.60.2 want: 4.60.2
4747 silly placeDep ROOT @rollup/rollup-linux-x64-musl@4.60.2 OK for: rollup@4.60.2 want: 4.60.2
4748 silly placeDep ROOT @rollup/rollup-openbsd-x64@4.60.2 OK for: rollup@4.60.2 want: 4.60.2
4749 silly placeDep ROOT @rollup/rollup-openharmony-arm64@4.60.2 OK for: rollup@4.60.2 want: 4.60.2
4750 silly placeDep ROOT @rollup/rollup-win32-arm64-msvc@4.60.2 OK for: rollup@4.60.2 want: 4.60.2
4751 silly placeDep ROOT @rollup/rollup-win32-ia32-msvc@4.60.2 OK for: rollup@4.60.2 want: 4.60.2
4752 silly placeDep ROOT @rollup/rollup-win32-x64-gnu@4.60.2 OK for: rollup@4.60.2 want: 4.60.2
4753 silly placeDep ROOT @rollup/rollup-win32-x64-msvc@4.60.2 OK for: rollup@4.60.2 want: 4.60.2
4754 silly placeDep ROOT fsevents@2.3.3 OK for: rollup@4.60.2 want: ~2.3.2
4755 silly placeDep ROOT open@11.0.0 OK for: rollup-plugin-visualizer@7.0.1 want: ^11.0.0
4756 silly placeDep node_modules/rollup-plugin-visualizer picomatch@4.0.4 OK for: rollup-plugin-visualizer@7.0.1 want: ^4.0.2
4757 silly placeDep ROOT yargs@18.0.0 OK for: rollup-plugin-visualizer@7.0.1 want: ^18.0.0
4758 silly fetch manifest default-browser@^5.4.0
4759 silly packumentCache full:https://registry.npmjs.org/default-browser cache-miss
4760 silly fetch manifest define-lazy-prop@^3.0.0
4761 silly packumentCache full:https://registry.npmjs.org/define-lazy-prop cache-miss
4762 silly fetch manifest is-in-ssh@^1.0.0
4763 silly packumentCache full:https://registry.npmjs.org/is-in-ssh cache-miss
4764 silly fetch manifest is-inside-container@^1.0.0
4765 silly packumentCache full:https://registry.npmjs.org/is-inside-container cache-miss
4766 silly fetch manifest powershell-utils@^0.1.0
4767 silly packumentCache full:https://registry.npmjs.org/powershell-utils cache-miss
4768 silly fetch manifest wsl-utils@^0.3.0
4769 silly packumentCache full:https://registry.npmjs.org/wsl-utils cache-miss
4770 silly fetch manifest cliui@^9.0.1
4771 silly packumentCache full:https://registry.npmjs.org/cliui cache-miss
4772 silly fetch manifest escalade@^3.1.1
4773 silly packumentCache full:https://registry.npmjs.org/escalade cache-miss
4774 silly fetch manifest get-caller-file@^2.0.5
4775 silly packumentCache full:https://registry.npmjs.org/get-caller-file cache-miss
4776 silly fetch manifest string-width@^7.2.0
4777 silly packumentCache full:https://registry.npmjs.org/string-width cache-miss
4778 silly fetch manifest y18n@^5.0.5
4779 silly packumentCache full:https://registry.npmjs.org/y18n cache-miss
4780 http cache https://registry.npmjs.org/escalade 32ms (cache hit)
4781 silly packumentCache full:https://registry.npmjs.org/escalade set size:33724 disposed:false
4782 silly fetch manifest yargs-parser@^22.0.0
4783 silly packumentCache full:https://registry.npmjs.org/yargs-parser cache-miss
4784 http fetch GET 200 https://registry.npmjs.org/default-browser 353ms (cache miss)
4785 silly packumentCache full:https://registry.npmjs.org/default-browser set size:undefined disposed:false
4786 http fetch GET 200 https://registry.npmjs.org/is-in-ssh 352ms (cache miss)
4787 silly packumentCache full:https://registry.npmjs.org/is-in-ssh set size:undefined disposed:false
4788 http fetch GET 200 https://registry.npmjs.org/is-inside-container 515ms (cache miss)
4789 silly packumentCache full:https://registry.npmjs.org/is-inside-container set size:undefined disposed:false
4790 http fetch GET 200 https://registry.npmjs.org/define-lazy-prop 517ms (cache miss)
4791 silly packumentCache full:https://registry.npmjs.org/define-lazy-prop set size:undefined disposed:false
4792 http fetch GET 200 https://registry.npmjs.org/get-caller-file 576ms (cache miss)
4793 silly packumentCache full:https://registry.npmjs.org/get-caller-file set size:undefined disposed:false
4794 http fetch GET 200 https://registry.npmjs.org/string-width 601ms (cache miss)
4795 silly packumentCache full:https://registry.npmjs.org/string-width set size:undefined disposed:false
4796 http fetch GET 200 https://registry.npmjs.org/yargs-parser 831ms (cache miss)
4797 silly packumentCache full:https://registry.npmjs.org/yargs-parser set size:undefined disposed:false
4798 http fetch GET 200 https://registry.npmjs.org/y18n 923ms (cache miss)
4799 silly packumentCache full:https://registry.npmjs.org/y18n set size:undefined disposed:false
4800 http fetch GET 200 https://registry.npmjs.org/powershell-utils 929ms (cache miss)
4801 silly packumentCache full:https://registry.npmjs.org/powershell-utils set size:undefined disposed:false
4802 http fetch GET 200 https://registry.npmjs.org/wsl-utils 1081ms (cache miss)
4803 silly packumentCache full:https://registry.npmjs.org/wsl-utils set size:undefined disposed:false
4804 http fetch GET 200 https://registry.npmjs.org/cliui 1082ms (cache miss)
4805 silly packumentCache full:https://registry.npmjs.org/cliui set size:undefined disposed:false
4806 silly placeDep ROOT default-browser@5.5.0 OK for: open@11.0.0 want: ^5.4.0
4807 silly placeDep ROOT define-lazy-prop@3.0.0 OK for: open@11.0.0 want: ^3.0.0
4808 silly placeDep ROOT is-in-ssh@1.0.0 OK for: open@11.0.0 want: ^1.0.0
4809 silly placeDep ROOT is-inside-container@1.0.0 OK for: open@11.0.0 want: ^1.0.0
4810 silly placeDep ROOT powershell-utils@0.1.0 OK for: open@11.0.0 want: ^0.1.0
4811 silly placeDep ROOT wsl-utils@0.3.1 OK for: open@11.0.0 want: ^0.3.0
4812 silly fetch manifest bundle-name@^4.1.0
4813 silly packumentCache full:https://registry.npmjs.org/bundle-name cache-miss
4814 silly fetch manifest default-browser-id@^5.0.0
4815 silly packumentCache full:https://registry.npmjs.org/default-browser-id cache-miss
4816 silly fetch manifest is-docker@^3.0.0
4817 silly packumentCache full:https://registry.npmjs.org/is-docker cache-miss
4818 silly fetch manifest is-wsl@^3.1.0
4819 silly packumentCache full:https://registry.npmjs.org/is-wsl cache-miss
4820 http fetch GET 200 https://registry.npmjs.org/bundle-name 336ms (cache miss)
4821 silly packumentCache full:https://registry.npmjs.org/bundle-name set size:undefined disposed:false
4822 http fetch GET 200 https://registry.npmjs.org/default-browser-id 339ms (cache miss)
4823 silly packumentCache full:https://registry.npmjs.org/default-browser-id set size:undefined disposed:false
4824 http fetch GET 200 https://registry.npmjs.org/is-docker 349ms (cache miss)
4825 silly packumentCache full:https://registry.npmjs.org/is-docker set size:undefined disposed:false
4826 http fetch GET 200 https://registry.npmjs.org/is-wsl 351ms (cache miss)
4827 silly packumentCache full:https://registry.npmjs.org/is-wsl set size:undefined disposed:false
4828 silly placeDep ROOT bundle-name@4.1.0 OK for: default-browser@5.5.0 want: ^4.1.0
4829 silly placeDep ROOT default-browser-id@5.0.1 OK for: default-browser@5.5.0 want: ^5.0.0
4830 silly fetch manifest run-applescript@^7.0.0
4831 silly packumentCache full:https://registry.npmjs.org/run-applescript cache-miss
4832 http fetch GET 200 https://registry.npmjs.org/run-applescript 97ms (cache miss)
4833 silly packumentCache full:https://registry.npmjs.org/run-applescript set size:undefined disposed:false
4834 silly placeDep ROOT run-applescript@7.1.0 OK for: bundle-name@4.1.0 want: ^7.0.0
4835 silly placeDep ROOT is-docker@3.0.0 OK for: is-inside-container@1.0.0 want: ^3.0.0
4836 silly placeDep ROOT queue-microtask@1.2.3 OK for: run-parallel@1.2.0 want: ^1.2.2
4837 silly placeDep ROOT encodeurl@2.0.0 OK for: serve-static@2.2.1 want: ^2.0.0
4838 silly placeDep ROOT escape-html@1.0.3 OK for: serve-static@2.2.1 want: ^1.0.3
4839 silly placeDep ROOT parseurl@1.3.3 OK for: serve-static@2.2.1 want: ^1.3.3
4840 silly placeDep ROOT send@1.2.1 OK for: serve-static@2.2.1 want: ^1.2.0
4841 silly fetch manifest fresh@^2.0.0
4842 silly packumentCache full:https://registry.npmjs.org/fresh cache-miss
4843 silly fetch manifest http-errors@^2.0.1
4844 silly packumentCache full:https://registry.npmjs.org/http-errors cache-miss
4845 silly fetch manifest mime-types@^3.0.2
4846 silly packumentCache full:https://registry.npmjs.org/mime-types cache-miss
4847 silly fetch manifest on-finished@^2.4.1
4848 silly packumentCache full:https://registry.npmjs.org/on-finished cache-miss
4849 silly fetch manifest range-parser@^1.2.1
4850 silly packumentCache full:https://registry.npmjs.org/range-parser cache-miss
4851 silly fetch manifest statuses@^2.0.2
4852 silly packumentCache full:https://registry.npmjs.org/statuses cache-miss
4853 http fetch GET 200 https://registry.npmjs.org/on-finished 143ms (cache miss)
4854 silly packumentCache full:https://registry.npmjs.org/on-finished set size:undefined disposed:false
4855 http fetch GET 200 https://registry.npmjs.org/fresh 150ms (cache miss)
4856 silly packumentCache full:https://registry.npmjs.org/fresh set size:undefined disposed:false
4857 http fetch GET 200 https://registry.npmjs.org/statuses 149ms (cache miss)
4858 silly packumentCache full:https://registry.npmjs.org/statuses set size:undefined disposed:false
4859 http fetch GET 200 https://registry.npmjs.org/range-parser 153ms (cache miss)
4860 silly packumentCache full:https://registry.npmjs.org/range-parser set size:undefined disposed:false
4861 http fetch GET 200 https://registry.npmjs.org/mime-types 156ms (cache miss)
4862 silly packumentCache full:https://registry.npmjs.org/mime-types set size:undefined disposed:false
4863 http fetch GET 200 https://registry.npmjs.org/http-errors 159ms (cache miss)
4864 silly packumentCache full:https://registry.npmjs.org/http-errors set size:undefined disposed:false
4865 silly placeDep ROOT fresh@2.0.0 OK for: send@1.2.1 want: ^2.0.0
4866 silly placeDep ROOT http-errors@2.0.1 OK for: send@1.2.1 want: ^2.0.1
4867 silly placeDep ROOT mime-types@3.0.2 OK for: send@1.2.1 want: ^3.0.2
4868 silly placeDep ROOT on-finished@2.4.1 OK for: send@1.2.1 want: ^2.4.1
4869 silly placeDep ROOT range-parser@1.2.1 OK for: send@1.2.1 want: ^1.2.1
4870 silly placeDep ROOT statuses@2.0.2 OK for: send@1.2.1 want: ^2.0.2
4871 silly fetch manifest depd@~2.0.0
4872 silly packumentCache full:https://registry.npmjs.org/depd cache-miss
4873 silly fetch manifest inherits@~2.0.4
4874 silly packumentCache full:https://registry.npmjs.org/inherits cache-hit
4875 silly fetch manifest setprototypeof@~1.2.0
4876 silly packumentCache full:https://registry.npmjs.org/setprototypeof cache-miss
4877 silly fetch manifest statuses@~2.0.2
4878 silly packumentCache full:https://registry.npmjs.org/statuses cache-miss
4879 silly fetch manifest toidentifier@~1.0.1
4880 silly packumentCache full:https://registry.npmjs.org/toidentifier cache-miss
4881 silly fetch manifest mime-db@^1.54.0
4882 silly packumentCache full:https://registry.npmjs.org/mime-db cache-miss
4883 silly fetch manifest ee-first@1.1.1
4884 silly packumentCache full:https://registry.npmjs.org/ee-first cache-miss
4885 http cache https://registry.npmjs.org/statuses 15ms (cache hit)
4886 silly packumentCache full:https://registry.npmjs.org/statuses set size:37117 disposed:false
4887 http fetch GET 200 https://registry.npmjs.org/toidentifier 76ms (cache miss)
4888 silly packumentCache full:https://registry.npmjs.org/toidentifier set size:undefined disposed:false
4889 http fetch GET 200 https://registry.npmjs.org/setprototypeof 79ms (cache miss)
4890 silly packumentCache full:https://registry.npmjs.org/setprototypeof set size:undefined disposed:false
4891 http fetch GET 200 https://registry.npmjs.org/depd 82ms (cache miss)
4892 silly packumentCache full:https://registry.npmjs.org/depd set size:undefined disposed:false
4893 http fetch GET 200 https://registry.npmjs.org/ee-first 80ms (cache miss)
4894 silly packumentCache full:https://registry.npmjs.org/ee-first set size:undefined disposed:false
4895 http fetch GET 200 https://registry.npmjs.org/mime-db 83ms (cache miss)
4896 silly packumentCache full:https://registry.npmjs.org/mime-db set size:undefined disposed:false
4897 silly placeDep ROOT depd@2.0.0 OK for: http-errors@2.0.1 want: ~2.0.0
4898 silly placeDep ROOT inherits@2.0.4 OK for: http-errors@2.0.1 want: ~2.0.4
4899 silly placeDep ROOT setprototypeof@1.2.0 OK for: http-errors@2.0.1 want: ~1.2.0
4900 silly placeDep ROOT toidentifier@1.0.1 OK for: http-errors@2.0.1 want: ~1.0.1
4901 silly placeDep ROOT mime-db@1.54.0 OK for: mime-types@3.0.2 want: ^1.54.0
4902 silly placeDep ROOT ee-first@1.1.1 OK for: on-finished@2.4.1 want: 1.1.1
4903 silly placeDep ROOT safe-buffer@5.2.1 OK for: sha.js@2.4.12 want: ^5.2.1
4904 silly placeDep ROOT to-buffer@1.2.2 OK for: sha.js@2.4.12 want: ^1.2.0
4905 silly fetch manifest isarray@^2.0.5
4906 silly packumentCache full:https://registry.npmjs.org/isarray cache-miss
4907 silly fetch manifest typed-array-buffer@^1.0.3
4908 silly packumentCache full:https://registry.npmjs.org/typed-array-buffer cache-miss
4909 http cache https://registry.npmjs.org/isarray 12ms (cache hit)
4910 silly packumentCache full:https://registry.npmjs.org/isarray set size:17392 disposed:false
4911 http fetch GET 200 https://registry.npmjs.org/typed-array-buffer 53ms (cache miss)
4912 silly packumentCache full:https://registry.npmjs.org/typed-array-buffer set size:undefined disposed:false
4913 silly placeDep ROOT shebang-regex@3.0.0 OK for: shebang-command@2.0.0 want: ^3.0.0
4914 silly placeDep ROOT @shikijs/engine-oniguruma@4.0.2 OK for: shiki@4.0.2 want: 4.0.2
4915 silly placeDep ROOT decompress-response@6.0.0 OK for: simple-get@4.0.1 want: ^6.0.0
4916 silly placeDep ROOT once@1.4.0 OK for: simple-get@4.0.1 want: ^1.3.1
4917 silly placeDep ROOT simple-concat@1.0.1 OK for: simple-get@4.0.1 want: ^1.0.0
4918 silly fetch manifest mimic-response@^3.1.0
4919 silly packumentCache full:https://registry.npmjs.org/mimic-response cache-miss
4920 silly fetch manifest wrappy@1
4921 silly packumentCache full:https://registry.npmjs.org/wrappy cache-miss
4922 http fetch GET 200 https://registry.npmjs.org/wrappy 54ms (cache miss)
4923 silly packumentCache full:https://registry.npmjs.org/wrappy set size:undefined disposed:false
4924 http fetch GET 200 https://registry.npmjs.org/mimic-response 55ms (cache miss)
4925 silly packumentCache full:https://registry.npmjs.org/mimic-response set size:undefined disposed:false
4926 silly placeDep ROOT mimic-response@3.1.0 OK for: decompress-response@6.0.0 want: ^3.1.0
4927 silly placeDep ROOT wrappy@1.0.2 OK for: once@1.4.0 want: 1
4928 silly placeDep ROOT @kwsites/file-exists@1.1.1 OK for: simple-git@3.36.0 want: ^1.1.1
4929 silly placeDep ROOT @kwsites/promise-deferred@1.1.1 OK for: simple-git@3.36.0 want: ^1.1.1
4930 silly placeDep ROOT @simple-git/args-pathspec@1.0.3 OK for: simple-git@3.36.0 want: ^1.0.3
4931 silly placeDep ROOT @simple-git/argv-parser@1.1.1 OK for: simple-git@3.36.0 want: ^1.1.0
4932 silly placeDep ROOT @polka/url@1.0.0-next.29 OK for: sirv@3.0.2 want: ^1.0.0-next.24
4933 silly placeDep ROOT mrmime@2.0.1 OK for: sirv@3.0.2 want: ^2.0.0
4934 silly placeDep ROOT totalist@3.0.1 OK for: sirv@3.0.2 want: ^3.0.0
4935 silly placeDep ROOT unicode-emoji-modifier-base@1.0.0 OK for: skin-tone@2.0.0 want: ^1.0.0
4936 silly placeDep ROOT @socket.io/component-emitter@3.1.2 OK for: socket.io-client@4.8.3 want: ~3.1.0
4937 silly placeDep ROOT engine.io-client@6.6.4 OK for: socket.io-client@4.8.3 want: ~6.6.1
4938 silly placeDep ROOT socket.io-parser@4.2.6 OK for: socket.io-client@4.8.3 want: ~4.2.4
4939 silly fetch manifest engine.io-parser@~5.2.1
4940 silly packumentCache full:https://registry.npmjs.org/engine.io-parser cache-miss
4941 silly fetch manifest ws@~8.18.3
4942 silly packumentCache full:https://registry.npmjs.org/ws cache-miss
4943 silly fetch manifest xmlhttprequest-ssl@~2.1.1
4944 silly packumentCache full:https://registry.npmjs.org/xmlhttprequest-ssl cache-miss
4945 http cache https://registry.npmjs.org/ws 15ms (cache hit)
4946 silly packumentCache full:https://registry.npmjs.org/ws set size:415737 disposed:false
4947 http fetch GET 200 https://registry.npmjs.org/xmlhttprequest-ssl 61ms (cache miss)
4948 silly packumentCache full:https://registry.npmjs.org/xmlhttprequest-ssl set size:undefined disposed:false
4949 http fetch GET 200 https://registry.npmjs.org/engine.io-parser 101ms (cache miss)
4950 silly packumentCache full:https://registry.npmjs.org/engine.io-parser set size:undefined disposed:false
4951 silly placeDep ROOT engine.io-parser@5.2.3 OK for: engine.io-client@6.6.4 want: ~5.2.1
4952 silly placeDep node_modules/engine.io-client ws@8.18.3 OK for: engine.io-client@6.6.4 want: ~8.18.3
4953 silly placeDep ROOT xmlhttprequest-ssl@2.1.2 OK for: engine.io-client@6.6.4 want: ~2.1.1
4954 silly placeDep ROOT character-entities-html4@2.1.0 OK for: stringify-entities@4.0.4 want: ^2.0.0
4955 silly placeDep ROOT commander@11.1.0 OK for: svgo@4.0.1 want: ^11.1.0
4956 silly placeDep ROOT css-select@5.2.2 OK for: svgo@4.0.1 want: ^5.1.0
4957 silly placeDep ROOT css-tree@3.2.1 OK for: svgo@4.0.1 want: ^3.0.1
4958 silly placeDep ROOT css-what@6.2.2 OK for: svgo@4.0.1 want: ^6.1.0
4959 silly placeDep ROOT csso@5.0.5 OK for: svgo@4.0.1 want: ^5.0.5
4960 silly placeDep ROOT sax@1.6.0 OK for: svgo@4.0.1 want: ^1.5.0
4961 silly fetch manifest boolbase@^1.0.0
4962 silly packumentCache full:https://registry.npmjs.org/boolbase cache-miss
4963 silly fetch manifest domutils@^3.0.1
4964 silly packumentCache full:https://registry.npmjs.org/domutils cache-miss
4965 silly fetch manifest nth-check@^2.0.1
4966 silly packumentCache full:https://registry.npmjs.org/nth-check cache-miss
4967 silly fetch manifest domhandler@^5.0.2
4968 silly packumentCache full:https://registry.npmjs.org/domhandler cache-miss
4969 silly fetch manifest mdn-data@2.27.1
4970 silly packumentCache full:https://registry.npmjs.org/mdn-data cache-miss
4971 silly fetch manifest css-tree@~2.2.0
4972 silly packumentCache full:https://registry.npmjs.org/css-tree cache-miss
4973 http cache https://registry.npmjs.org/css-tree 9ms (cache hit)
4974 silly packumentCache full:https://registry.npmjs.org/css-tree set size:229638 disposed:false
4975 http fetch GET 200 https://registry.npmjs.org/boolbase 117ms (cache miss)
4976 silly packumentCache full:https://registry.npmjs.org/boolbase set size:undefined disposed:false
4977 http fetch GET 200 https://registry.npmjs.org/domutils 122ms (cache miss)
4978 silly packumentCache full:https://registry.npmjs.org/domutils set size:undefined disposed:false
4979 http fetch GET 200 https://registry.npmjs.org/domhandler 126ms (cache miss)
4980 silly packumentCache full:https://registry.npmjs.org/domhandler set size:undefined disposed:false
4981 http fetch GET 200 https://registry.npmjs.org/nth-check 129ms (cache miss)
4982 silly packumentCache full:https://registry.npmjs.org/nth-check set size:undefined disposed:false
4983 http fetch GET 200 https://registry.npmjs.org/mdn-data 130ms (cache miss)
4984 silly packumentCache full:https://registry.npmjs.org/mdn-data set size:undefined disposed:false
4985 silly placeDep ROOT boolbase@1.0.0 OK for: css-select@5.2.2 want: ^1.0.0
4986 silly placeDep ROOT domhandler@5.0.3 OK for: css-select@5.2.2 want: ^5.0.2
4987 silly placeDep ROOT domutils@3.2.2 OK for: css-select@5.2.2 want: ^3.0.1
4988 silly placeDep ROOT nth-check@2.1.1 OK for: css-select@5.2.2 want: ^2.0.1
4989 silly fetch manifest domelementtype@^2.3.0
4990 silly packumentCache full:https://registry.npmjs.org/domelementtype cache-miss
4991 silly fetch manifest dom-serializer@^2.0.0
4992 silly packumentCache full:https://registry.npmjs.org/dom-serializer cache-miss
4993 silly fetch manifest domelementtype@^2.3.0
4994 silly packumentCache full:https://registry.npmjs.org/domelementtype cache-miss
4995 http fetch GET 200 https://registry.npmjs.org/domelementtype 153ms (cache miss)
4996 silly packumentCache full:https://registry.npmjs.org/domelementtype set size:undefined disposed:false
4997 http fetch GET 200 https://registry.npmjs.org/dom-serializer 156ms (cache miss)
4998 silly packumentCache full:https://registry.npmjs.org/dom-serializer set size:undefined disposed:false
4999 http fetch GET 200 https://registry.npmjs.org/domelementtype 158ms (cache miss)
5000 silly packumentCache full:https://registry.npmjs.org/domelementtype set size:undefined disposed:false
5001 silly placeDep ROOT mdn-data@2.27.1 OK for: css-tree@3.2.1 want: 2.27.1
5002 silly placeDep node_modules/csso css-tree@2.2.1 OK for: csso@5.0.5 want: ~2.2.0
5003 silly fetch manifest mdn-data@2.0.28
5004 silly packumentCache full:https://registry.npmjs.org/mdn-data cache-miss
5005 http cache https://registry.npmjs.org/mdn-data 10ms (cache hit)
5006 silly packumentCache full:https://registry.npmjs.org/mdn-data set size:174141 disposed:false
5007 silly placeDep ROOT domelementtype@2.3.0 OK for: domhandler@5.0.3 want: ^2.3.0
5008 silly placeDep ROOT dom-serializer@2.0.0 OK for: domutils@3.2.2 want: ^2.0.0
5009 silly fetch manifest entities@^4.2.0
5010 silly packumentCache full:https://registry.npmjs.org/entities cache-hit
5011 silly placeDep node_modules/dom-serializer entities@4.5.0 OK for: dom-serializer@2.0.0 want: ^4.2.0
5012 silly placeDep ROOT @isaacs/fs-minipass@4.0.1 OK for: tar@7.5.13 want: ^4.0.0
5013 silly placeDep ROOT chownr@3.0.0 OK for: tar@7.5.13 want: ^3.0.0
5014 silly placeDep ROOT minizlib@3.1.0 OK for: tar@7.5.13 want: ^3.1.0
5015 silly placeDep node_modules/tar yallist@5.0.0 OK for: tar@7.5.13 want: ^5.0.0
5016 silly fetch manifest react-native-b4a@*
5017 silly packumentCache full:https://registry.npmjs.org/react-native-b4a cache-miss
5018 http fetch GET 200 https://registry.npmjs.org/react-native-b4a 69ms (cache miss)
5019 silly packumentCache full:https://registry.npmjs.org/react-native-b4a set size:undefined disposed:false
5020 silly fetch manifest bare-buffer@*
5021 silly packumentCache full:https://registry.npmjs.org/bare-buffer cache-miss
5022 http fetch GET 200 https://registry.npmjs.org/bare-buffer 138ms (cache miss)
5023 silly packumentCache full:https://registry.npmjs.org/bare-buffer set size:undefined disposed:false
5024 silly placeDep ROOT b4a@1.8.0 OK for: tar-stream@3.1.8 want: ^1.6.4
5025 silly placeDep ROOT bare-fs@4.7.1 OK for: tar-stream@3.1.8 want: ^4.5.5
5026 silly placeDep ROOT fast-fifo@1.3.2 OK for: tar-stream@3.1.8 want: ^1.2.0
5027 silly placeDep ROOT streamx@2.25.0 OK for: tar-stream@3.1.8 want: ^2.15.0
5028 silly fetch manifest bare-events@^2.5.4
5029 silly packumentCache full:https://registry.npmjs.org/bare-events cache-miss
5030 silly fetch manifest bare-path@^3.0.0
5031 silly packumentCache full:https://registry.npmjs.org/bare-path cache-miss
5032 silly fetch manifest bare-stream@^2.6.4
5033 silly packumentCache full:https://registry.npmjs.org/bare-stream cache-miss
5034 silly fetch manifest bare-url@^2.2.2
5035 silly packumentCache full:https://registry.npmjs.org/bare-url cache-miss
5036 silly fetch manifest fast-fifo@^1.3.2
5037 silly packumentCache full:https://registry.npmjs.org/fast-fifo cache-miss
5038 silly fetch manifest events-universal@^1.0.0
5039 silly packumentCache full:https://registry.npmjs.org/events-universal cache-miss
5040 silly fetch manifest text-decoder@^1.1.0
5041 silly packumentCache full:https://registry.npmjs.org/text-decoder cache-miss
5042 http cache https://registry.npmjs.org/fast-fifo 16ms (cache hit)
5043 silly packumentCache full:https://registry.npmjs.org/fast-fifo set size:13855 disposed:false
5044 http fetch GET 200 https://registry.npmjs.org/bare-path 167ms (cache miss)
5045 silly packumentCache full:https://registry.npmjs.org/bare-path set size:undefined disposed:false
5046 http fetch GET 200 https://registry.npmjs.org/events-universal 167ms (cache miss)
5047 silly packumentCache full:https://registry.npmjs.org/events-universal set size:undefined disposed:false
5048 http fetch GET 200 https://registry.npmjs.org/text-decoder 169ms (cache miss)
5049 silly packumentCache full:https://registry.npmjs.org/text-decoder set size:undefined disposed:false
5050 http fetch GET 200 https://registry.npmjs.org/bare-url 172ms (cache miss)
5051 silly packumentCache full:https://registry.npmjs.org/bare-url set size:undefined disposed:false
5052 http fetch GET 200 https://registry.npmjs.org/bare-stream 177ms (cache miss)
5053 silly packumentCache full:https://registry.npmjs.org/bare-stream set size:undefined disposed:false
5054 http fetch GET 200 https://registry.npmjs.org/bare-events 179ms (cache miss)
5055 silly packumentCache full:https://registry.npmjs.org/bare-events set size:undefined disposed:false
5056 silly fetch manifest bare-abort-controller@*
5057 silly packumentCache full:https://registry.npmjs.org/bare-abort-controller cache-miss
5058 http fetch GET 200 https://registry.npmjs.org/bare-abort-controller 182ms (cache miss)
5059 silly packumentCache full:https://registry.npmjs.org/bare-abort-controller set size:undefined disposed:false
5060 silly placeDep ROOT bare-events@2.8.2 OK for: bare-fs@4.7.1 want: ^2.5.4
5061 silly placeDep ROOT bare-path@3.0.0 OK for: bare-fs@4.7.1 want: ^3.0.0
5062 silly placeDep ROOT bare-stream@2.13.0 OK for: bare-fs@4.7.1 want: ^2.6.4
5063 silly placeDep ROOT bare-url@2.4.2 OK for: bare-fs@4.7.1 want: ^2.2.2
5064 silly fetch manifest bare-os@^3.0.1
5065 silly packumentCache full:https://registry.npmjs.org/bare-os cache-miss
5066 silly fetch manifest teex@^1.0.1
5067 silly packumentCache full:https://registry.npmjs.org/teex cache-miss
5068 http fetch GET 200 https://registry.npmjs.org/teex 44ms (cache miss)
5069 silly packumentCache full:https://registry.npmjs.org/teex set size:undefined disposed:false
5070 http fetch GET 200 https://registry.npmjs.org/bare-os 72ms (cache miss)
5071 silly packumentCache full:https://registry.npmjs.org/bare-os set size:undefined disposed:false
5072 silly placeDep ROOT bare-os@3.9.0 OK for: bare-path@3.0.0 want: ^3.0.1
5073 silly placeDep ROOT teex@1.0.1 OK for: bare-stream@2.13.0 want: ^1.0.1
5074 silly placeDep ROOT events-universal@1.0.1 OK for: streamx@2.25.0 want: ^1.0.0
5075 silly placeDep ROOT text-decoder@1.2.7 OK for: streamx@2.25.0 want: ^1.1.0
5076 silly placeDep ROOT @jridgewell/source-map@0.3.11 OK for: terser@5.46.1 want: ^0.3.3
5077 silly placeDep node_modules/terser commander@2.20.3 OK for: terser@5.46.1 want: ^2.20.0
5078 silly placeDep ROOT source-map-support@0.5.21 OK for: terser@5.46.1 want: ~0.5.20
5079 silly fetch manifest buffer-from@^1.0.0
5080 silly packumentCache full:https://registry.npmjs.org/buffer-from cache-miss
5081 silly fetch manifest source-map@^0.6.0
5082 silly packumentCache full:https://registry.npmjs.org/source-map cache-hit
5083 http fetch GET 200 https://registry.npmjs.org/buffer-from 121ms (cache miss)
5084 silly packumentCache full:https://registry.npmjs.org/buffer-from set size:undefined disposed:false
5085 silly placeDep ROOT buffer-from@1.1.2 OK for: source-map-support@0.5.21 want: ^1.0.0
5086 silly placeDep node_modules/source-map-support source-map@0.6.1 OK for: source-map-support@0.5.21 want: ^0.6.0
5087 silly placeDep node_modules/tinyglobby fdir@6.5.0 OK for: tinyglobby@0.2.16 want: ^6.5.0
5088 silly placeDep node_modules/tinyglobby picomatch@4.0.4 OK for: fdir@6.5.0 want: ^3 || ^4
5089 silly placeDep ROOT isarray@2.0.5 OK for: to-buffer@1.2.2 want: ^2.0.5
5090 silly placeDep ROOT typed-array-buffer@1.0.3 OK for: to-buffer@1.2.2 want: ^1.0.3
5091 silly fetch manifest call-bound@^1.0.3
5092 silly packumentCache full:https://registry.npmjs.org/call-bound cache-miss
5093 silly fetch manifest is-typed-array@^1.1.14
5094 silly packumentCache full:https://registry.npmjs.org/is-typed-array cache-miss
5095 http fetch GET 200 https://registry.npmjs.org/is-typed-array 56ms (cache miss)
5096 silly packumentCache full:https://registry.npmjs.org/is-typed-array set size:undefined disposed:false
5097 http fetch GET 200 https://registry.npmjs.org/call-bound 59ms (cache miss)
5098 silly packumentCache full:https://registry.npmjs.org/call-bound set size:undefined disposed:false
5099 silly placeDep ROOT is-number@7.0.0 OK for: to-regex-range@5.0.1 want: ^7.0.0
5100 silly placeDep ROOT tagged-tag@1.0.0 OK for: type-fest@5.6.0 want: ^1.0.0
5101 silly placeDep ROOT call-bound@1.0.4 OK for: typed-array-buffer@1.0.3 want: ^1.0.3
5102 silly placeDep ROOT is-typed-array@1.1.15 OK for: typed-array-buffer@1.0.3 want: ^1.1.14
5103 silly fetch manifest call-bind-apply-helpers@^1.0.2
5104 silly packumentCache full:https://registry.npmjs.org/call-bind-apply-helpers cache-miss
5105 silly fetch manifest get-intrinsic@^1.3.0
5106 silly packumentCache full:https://registry.npmjs.org/get-intrinsic cache-miss
5107 silly fetch manifest which-typed-array@^1.1.16
5108 silly packumentCache full:https://registry.npmjs.org/which-typed-array cache-miss
5109 http fetch GET 200 https://registry.npmjs.org/call-bind-apply-helpers 87ms (cache miss)
5110 silly packumentCache full:https://registry.npmjs.org/call-bind-apply-helpers set size:undefined disposed:false
5111 http fetch GET 200 https://registry.npmjs.org/get-intrinsic 88ms (cache miss)
5112 silly packumentCache full:https://registry.npmjs.org/get-intrinsic set size:undefined disposed:false
5113 http fetch GET 200 https://registry.npmjs.org/which-typed-array 93ms (cache miss)
5114 silly packumentCache full:https://registry.npmjs.org/which-typed-array set size:undefined disposed:false
5115 silly placeDep ROOT call-bind-apply-helpers@1.0.2 OK for: call-bound@1.0.4 want: ^1.0.2
5116 silly placeDep ROOT get-intrinsic@1.3.0 OK for: call-bound@1.0.4 want: ^1.3.0
5117 silly fetch manifest gopd@^1.2.0
5118 silly packumentCache full:https://registry.npmjs.org/gopd cache-miss
5119 silly fetch manifest get-proto@^1.0.1
5120 silly packumentCache full:https://registry.npmjs.org/get-proto cache-miss
5121 silly fetch manifest has-symbols@^1.1.0
5122 silly packumentCache full:https://registry.npmjs.org/has-symbols cache-miss
5123 silly fetch manifest es-object-atoms@^1.1.1
5124 silly packumentCache full:https://registry.npmjs.org/es-object-atoms cache-miss
5125 silly fetch manifest math-intrinsics@^1.1.0
5126 silly packumentCache full:https://registry.npmjs.org/math-intrinsics cache-miss
5127 silly fetch manifest es-define-property@^1.0.1
5128 silly packumentCache full:https://registry.npmjs.org/es-define-property cache-miss
5129 http fetch GET 200 https://registry.npmjs.org/gopd 112ms (cache miss)
5130 silly packumentCache full:https://registry.npmjs.org/gopd set size:undefined disposed:false
5131 http fetch GET 200 https://registry.npmjs.org/get-proto 112ms (cache miss)
5132 silly packumentCache full:https://registry.npmjs.org/get-proto set size:undefined disposed:false
5133 http fetch GET 200 https://registry.npmjs.org/es-object-atoms 112ms (cache miss)
5134 silly packumentCache full:https://registry.npmjs.org/es-object-atoms set size:undefined disposed:false
5135 http fetch GET 200 https://registry.npmjs.org/es-define-property 112ms (cache miss)
5136 silly packumentCache full:https://registry.npmjs.org/es-define-property set size:undefined disposed:false
5137 http fetch GET 200 https://registry.npmjs.org/math-intrinsics 113ms (cache miss)
5138 silly packumentCache full:https://registry.npmjs.org/math-intrinsics set size:undefined disposed:false
5139 http fetch GET 200 https://registry.npmjs.org/has-symbols 116ms (cache miss)
5140 silly packumentCache full:https://registry.npmjs.org/has-symbols set size:undefined disposed:false
5141 silly placeDep ROOT es-define-property@1.0.1 OK for: get-intrinsic@1.3.0 want: ^1.0.1
5142 silly placeDep ROOT es-object-atoms@1.1.1 OK for: get-intrinsic@1.3.0 want: ^1.1.1
5143 silly placeDep ROOT get-proto@1.0.1 OK for: get-intrinsic@1.3.0 want: ^1.0.1
5144 silly placeDep ROOT gopd@1.2.0 OK for: get-intrinsic@1.3.0 want: ^1.2.0
5145 silly placeDep ROOT has-symbols@1.1.0 OK for: get-intrinsic@1.3.0 want: ^1.1.0
5146 silly placeDep ROOT math-intrinsics@1.1.0 OK for: get-intrinsic@1.3.0 want: ^1.1.0
5147 silly fetch manifest dunder-proto@^1.0.1
5148 silly packumentCache full:https://registry.npmjs.org/dunder-proto cache-miss
5149 http fetch GET 200 https://registry.npmjs.org/dunder-proto 51ms (cache miss)
5150 silly packumentCache full:https://registry.npmjs.org/dunder-proto set size:undefined disposed:false
5151 silly placeDep ROOT dunder-proto@1.0.1 OK for: get-proto@1.0.1 want: ^1.0.1
5152 silly placeDep ROOT which-typed-array@1.1.20 OK for: is-typed-array@1.1.15 want: ^1.1.16
5153 silly fetch manifest available-typed-arrays@^1.0.7
5154 silly packumentCache full:https://registry.npmjs.org/available-typed-arrays cache-miss
5155 silly fetch manifest call-bind@^1.0.8
5156 silly packumentCache full:https://registry.npmjs.org/call-bind cache-miss
5157 silly fetch manifest for-each@^0.3.5
5158 silly packumentCache full:https://registry.npmjs.org/for-each cache-miss
5159 silly fetch manifest has-tostringtag@^1.0.2
5160 silly packumentCache full:https://registry.npmjs.org/has-tostringtag cache-miss
5161 http fetch GET 200 https://registry.npmjs.org/call-bind 81ms (cache miss)
5162 silly packumentCache full:https://registry.npmjs.org/call-bind set size:undefined disposed:false
5163 http fetch GET 200 https://registry.npmjs.org/available-typed-arrays 84ms (cache miss)
5164 silly packumentCache full:https://registry.npmjs.org/available-typed-arrays set size:undefined disposed:false
5165 http fetch GET 200 https://registry.npmjs.org/for-each 85ms (cache miss)
5166 silly packumentCache full:https://registry.npmjs.org/for-each set size:undefined disposed:false
5167 http fetch GET 200 https://registry.npmjs.org/has-tostringtag 86ms (cache miss)
5168 silly packumentCache full:https://registry.npmjs.org/has-tostringtag set size:undefined disposed:false
5169 silly placeDep node_modules/unctx estree-walker@3.0.3 OK for: unctx@2.5.0 want: ^3.0.3
5170 silly placeDep node_modules/unctx unplugin@2.3.11 OK for: unctx@2.5.0 want: ^2.3.11
5171 silly placeDep node_modules/unhead hookable@6.1.1 OK for: unhead@2.1.13 want: ^6.0.1
5172 silly placeDep ROOT bail@2.0.2 OK for: unified@11.0.5 want: ^2.0.0
5173 silly placeDep ROOT extend@3.0.2 OK for: unified@11.0.5 want: ^3.0.0
5174 silly placeDep ROOT is-plain-obj@4.1.0 OK for: unified@11.0.5 want: ^4.0.0
5175 silly placeDep ROOT trough@2.2.0 OK for: unified@11.0.5 want: ^2.0.0
5176 silly placeDep node_modules/unimport estree-walker@3.0.3 OK for: unimport@6.1.1 want: ^3.0.3
5177 silly placeDep node_modules/unimport picomatch@4.0.4 OK for: unimport@6.1.1 want: ^4.0.4
5178 silly placeDep ROOT strip-literal@3.1.0 OK for: unimport@6.1.1 want: ^3.1.0
5179 silly fetch manifest js-tokens@^9.0.1
5180 silly packumentCache full:https://registry.npmjs.org/js-tokens cache-miss
5181 http cache https://registry.npmjs.org/js-tokens 11ms (cache hit)
5182 silly packumentCache full:https://registry.npmjs.org/js-tokens set size:41947 disposed:false
5183 silly placeDep node_modules/strip-literal js-tokens@9.0.1 OK for: strip-literal@3.1.0 want: ^9.0.1
5184 silly placeDep node_modules/unplugin picomatch@4.0.4 OK for: unplugin@3.0.0 want: ^4.0.3
5185 silly placeDep ROOT webpack-virtual-modules@0.6.2 OK for: unplugin@3.0.0 want: ^0.6.2
5186 silly placeDep node_modules/unplugin-utils picomatch@4.0.4 OK for: unplugin-utils@0.3.1 want: ^4.0.3
5187 silly placeDep ROOT anymatch@3.1.3 OK for: unstorage@1.17.5 want: ^3.1.3
5188 silly placeDep node_modules/unstorage lru-cache@11.3.5 OK for: unstorage@1.17.5 want: ^11.2.7
5189 silly placeDep node_modules/untun citty@0.1.6 OK for: untun@0.1.3 want: ^0.1.5
5190 silly placeDep node_modules/untun pathe@1.1.2 OK for: untun@0.1.3 want: ^1.1.1
5191 silly placeDep node_modules/untyped citty@0.1.6 OK for: untyped@2.0.0 want: ^0.1.6
5192 silly placeDep ROOT escalade@3.2.0 OK for: update-browserslist-db@1.2.3 want: ^3.2.0
5193 silly placeDep ROOT vfile-message@4.0.3 OK for: vfile@6.0.3 want: ^4.0.0
5194 silly placeDep node_modules/vite fdir@6.5.0 OK for: vite@7.3.2 want: ^6.5.0
5195 silly placeDep node_modules/vite picomatch@4.0.4 OK for: fdir@6.5.0 want: ^3 || ^4
5196 silly placeDep ROOT cac@6.7.14 OK for: vite-node@5.3.0 want: ^6.7.14
5197 silly placeDep ROOT obug@2.1.1 OK for: vite-node@5.3.0 want: ^2.1.1
5198 silly placeDep node_modules/vite-plugin-checker chokidar@4.0.3 OK for: vite-plugin-checker@0.12.0 want: ^4.0.3
5199 silly placeDep node_modules/vite-plugin-checker npm-run-path@6.0.0 OK for: vite-plugin-checker@0.12.0 want: ^6.0.0
5200 silly placeDep node_modules/vite-plugin-checker picomatch@4.0.4 OK for: vite-plugin-checker@0.12.0 want: ^4.0.3
5201 silly placeDep ROOT tiny-invariant@1.3.3 OK for: vite-plugin-checker@0.12.0 want: ^1.3.3
5202 silly placeDep ROOT vscode-uri@3.1.0 OK for: vite-plugin-checker@0.12.0 want: ^3.1.0
5203 silly fetch manifest readdirp@^4.0.1
5204 silly packumentCache full:https://registry.npmjs.org/readdirp cache-miss
5205 silly fetch manifest unicorn-magic@^0.3.0
5206 silly packumentCache full:https://registry.npmjs.org/unicorn-magic cache-miss
5207 http cache https://registry.npmjs.org/readdirp 11ms (cache hit)
5208 silly packumentCache full:https://registry.npmjs.org/readdirp set size:107589 disposed:false
5209 http cache https://registry.npmjs.org/unicorn-magic 15ms (cache hit)
5210 silly packumentCache full:https://registry.npmjs.org/unicorn-magic set size:9139 disposed:false
5211 silly placeDep ROOT ansis@4.2.0 OK for: vite-plugin-inspect@11.3.3 want: ^4.1.0
5212 silly placeDep node_modules/vite-plugin-inspect open@10.2.0 OK for: vite-plugin-inspect@11.3.3 want: ^10.2.0
5213 silly placeDep ROOT vite-dev-rpc@1.1.0 OK for: vite-plugin-inspect@11.3.3 want: ^1.1.0
5214 silly fetch manifest wsl-utils@^0.1.0
5215 silly packumentCache full:https://registry.npmjs.org/wsl-utils cache-miss
5216 silly fetch manifest birpc@^2.4.0
5217 silly packumentCache full:https://registry.npmjs.org/birpc cache-hit
5218 silly fetch manifest vite-hot-client@^2.1.0
5219 silly packumentCache full:https://registry.npmjs.org/vite-hot-client cache-miss
5220 http cache https://registry.npmjs.org/wsl-utils 11ms (cache hit)
5221 silly packumentCache full:https://registry.npmjs.org/wsl-utils set size:15127 disposed:false
5222 http fetch GET 200 https://registry.npmjs.org/vite-hot-client 73ms (cache miss)
5223 silly packumentCache full:https://registry.npmjs.org/vite-hot-client set size:undefined disposed:false
5224 silly fetch manifest vite@^2.9.0 || ^3.0.0-0 || ^4.0.0-0 || ^5.0.0-0 || ^6.0.1 || ^7.0.0-0
5225 silly packumentCache full:https://registry.npmjs.org/vite cache-miss
